gene,name
A1CF,APOBEC1 complementation factor
A2M,alpha-2-macroglobulin
A4GALT,"alpha 1,4-galactosyltransferase"
AACS,acetoacetyl-CoA synthetase
AAK1,AP2 associated kinase 1
AAMP,"angio-associated, migratory cell protein"
AARS,alanyl-tRNA synthetase
AARSD1,alanyl-tRNA synthetase domain containing 1
AASDHPPT,aminoadipate-semialdehyde dehydrogenase-phosphopantetheinyl transferase
AASS,aminoadipate-semialdehyde synthase
AATF,apoptosis antagonizing transcription factor
ABAT,4-aminobutyrate aminotransferase
ABCA1,"ATP-binding cassette, sub-family A (ABC1), member 1"
ABCA2,"ATP-binding cassette, sub-family A (ABC1), member 2"
ABCA3,"ATP-binding cassette, sub-family A (ABC1), member 3"
ABCA5,"ATP-binding cassette, sub-family A (ABC1), member 5"
ABCA7,"ATP-binding cassette, sub-family A (ABC1), member 7"
ABCA8,"ATP-binding cassette, sub-family A (ABC1), member 8"
ABCB1,"ATP-binding cassette, sub-family B (MDR/TAP), member 1"
ABCB6,"ATP-binding cassette, sub-family B (MDR/TAP), member 6"
ABCB7,"ATP-binding cassette, sub-family B (MDR/TAP), member 7"
ABCC1,"ATP-binding cassette, sub-family C (CFTR/MRP), member 1"
ABCC10,"ATP-binding cassette, sub-family C (CFTR/MRP), member 10"
ABCC2,"ATP-binding cassette, sub-family C (CFTR/MRP), member 2"
ABCC3,"ATP-binding cassette, sub-family C (CFTR/MRP), member 3"
ABCC4,"ATP-binding cassette, sub-family C (CFTR/MRP), member 4"
ABCC5,"ATP-binding cassette, sub-family C (CFTR/MRP), member 5"
ABCC6,"ATP-binding cassette, sub-family C (CFTR/MRP), member 6"
ABCC9,"ATP-binding cassette, sub-family C (CFTR/MRP), member 9"
ABCD3,"ATP-binding cassette, sub-family D (ALD), member 3"
ABCD4,"ATP-binding cassette, sub-family D (ALD), member 4"
ABCE1,"ATP-binding cassette, sub-family E (OABP), member 1"
ABCF1,"ATP-binding cassette, sub-family F (GCN20), member 1"
ABCF2,"ATP-binding cassette, sub-family F (GCN20), member 2"
ABCF3,"ATP-binding cassette, sub-family F (GCN20), member 3"
ABCG1,"ATP-binding cassette, sub-family G (WHITE), member 1"
ABCG2,"ATP-binding cassette, sub-family G (WHITE), member 2"
ABHD10,abhydrolase domain containing 10
ABHD11,abhydrolase domain containing 11
ABHD14A,abhydrolase domain containing 14A
ABHD2,abhydrolase domain containing 2
ABHD3,abhydrolase domain containing 3
ABHD4,abhydrolase domain containing 4
ABHD5,abhydrolase domain containing 5
ABHD6,abhydrolase domain containing 6 /// similar to DEAD/H (Asp-Glu-Ala-Asp/His) box polypeptide 11
ABI1,abl-interactor 1
ABI2,abl interactor 2
ABI3BP,"ABI family, member 3 (NESH) binding protein"
ABL1,"c-abl oncogene 1, receptor tyrosine kinase"
ABLIM1,actin binding LIM protein 1
ABLIM3,"actin binding LIM protein family, member 3"
ABP1,amiloride binding protein 1 (amine oxidase (copper-containing))
ABR,active BCR-related gene
ABTB2,ankyrin repeat and BTB (POZ) domain containing 2
ACAA1,acetyl-Coenzyme A acyltransferase 1
ACAA2,acetyl-Coenzyme A acyltransferase 2
ACACB,acetyl-Coenzyme A carboxylase beta
ACAD10,"acyl-Coenzyme A dehydrogenase family, member 10"
ACAD8,"acyl-Coenzyme A dehydrogenase family, member 8"
ACADL,"acyl-Coenzyme A dehydrogenase, long chain"
ACADM,"acyl-Coenzyme A dehydrogenase, C-4 to C-12 straight chain"
ACADS,"acyl-Coenzyme A dehydrogenase, C-2 to C-3 short chain"
ACADSB,"acyl-Coenzyme A dehydrogenase, short/branched chain"
ACADVL,"acyl-Coenzyme A dehydrogenase, very long chain"
ACAN,aggrecan
ACAP2,"ArfGAP with coiled-coil, ankyrin repeat and PH domains 2"
ACAT1,acetyl-Coenzyme A acetyltransferase 1
ACAT2,acetyl-Coenzyme A acetyltransferase 2
ACBD3,acyl-Coenzyme A binding domain containing 3
ACBD4,acyl-Coenzyme A binding domain containing 4
ACD,adrenocortical dysplasia homolog (mouse)
ACE2,angiotensin I converting enzyme (peptidyl-dipeptidase A) 2
ACIN1,apoptotic chromatin condensation inducer 1
ACLY,ATP citrate lyase
ACN9,ACN9 homolog (S. cerevisiae)
ACO1,"aconitase 1, soluble"
ACO2,"aconitase 2, mitochondrial"
ACOT1,acyl-CoA thioesterase 1 /// acyl-CoA thioesterase 2
ACOT11,acyl-CoA thioesterase 11
ACOT7,acyl-CoA thioesterase 7
ACOT8,acyl-CoA thioesterase 8
ACOX1,"acyl-Coenzyme A oxidase 1, palmitoyl"
ACOX2,"acyl-Coenzyme A oxidase 2, branched chain"
ACOX3,"acyl-Coenzyme A oxidase 3, pristanoyl"
ACP1,"acid phosphatase 1, soluble"
ACP2,"acid phosphatase 2, lysosomal"
ACP5,"acid phosphatase 5, tartrate resistant"
ACP6,"acid phosphatase 6, lysophosphatidic"
ACPP,"acid phosphatase, prostate"
ACRV1,acrosomal vesicle protein 1
ACSF2,acyl-CoA synthetase family member 2
ACSL1,acyl-CoA synthetase long-chain family member 1
ACSL3,"Acyl-CoA synthetase long-chain family member 3, mRNA (cDNA clone MGC:48741 IMAGE:5226905)"
ACSL4,acyl-CoA synthetase long-chain family member 4
ACSL5,acyl-CoA synthetase long-chain family member 5
ACSL6,acyl-CoA synthetase long-chain family member 6
ACSM2A,acyl-CoA synthetase medium-chain family member 2A /// acyl-CoA synthetase medium-chain family member 2B
ACSM3,acyl-CoA synthetase medium-chain family member 3
ACSM5,acyl-CoA synthetase medium-chain family member 5
ACSS3,acyl-CoA synthetase short-chain family member 3
ACTA2,"actin, alpha 2, smooth muscle, aorta"
ACTB,"actin, beta"
ACTBL3,"actin, beta-like 3"
ACTC1,"actin, alpha, cardiac muscle 1"
ACTG1,"actin, gamma 1"
ACTG2,"actin, gamma 2, smooth muscle, enteric"
ACTL6A,actin-like 6A
ACTN1,"actinin, alpha 1"
ACTN4,"actinin, alpha 4"
ACTR10,actin-related protein 10 homolog (S. cerevisiae)
ACTR1A,"ARP1 actin-related protein 1 homolog A, centractin alpha (yeast)"
ACTR1B,"ARP1 actin-related protein 1 homolog B, centractin beta (yeast)"
ACTR2,ARP2 actin-related protein 2 homolog (yeast)
ACTR3,ARP3 actin-related protein 3 homolog (yeast)
ACTR3B,ARP3 actin-related protein 3 homolog B (yeast)
ACTR5,ARP5 actin-related protein 5 homolog (yeast)
ACTR6,ARP6 actin-related protein 6 homolog (yeast)
ACTR8,ARP8 actin-related protein 8 homolog (yeast)
ACVR1,"activin A receptor, type I"
ACVR1B,"activin A receptor, type IB"
ACVR2A,"activin A receptor, type IIA"
ACVR2B,"activin A receptor, type IIB"
ACY1,aminoacylase 1
ACYP1,"acylphosphatase 1, erythrocyte (common) type"
ACYP2,"acylphosphatase 2, muscle type"
ADA,adenosine deaminase
ADAM10,ADAM metallopeptidase domain 10
ADAM12,ADAM metallopeptidase domain 12
ADAM17,ADAM metallopeptidase domain 17
ADAM19,ADAM metallopeptidase domain 19 (meltrin beta)
ADAM21,ADAM metallopeptidase domain 21 /// ADAM metallopeptidase domain 21 pseudogene
ADAM28,ADAM metallopeptidase domain 28
ADAM5P,ADAM metallopeptidase domain 5 pseudogene
ADAM9,ADAM metallopeptidase domain 9 (meltrin gamma)
ADAMDEC1,"ADAM-like, decysin 1"
ADAMTS1,"ADAM metallopeptidase with thrombospondin type 1 motif, 1"
ADAMTS3,"ADAM metallopeptidase with thrombospondin type 1 motif, 3"
ADAMTS5,"ADAM metallopeptidase with thrombospondin type 1 motif, 5"
ADAMTS9,"ADAM metallopeptidase with thrombospondin type 1 motif, 9"
ADAMTSL3,ADAMTS-like 3
ADAMTSL4,ADAMTS-like 4
ADAP1,ArfGAP with dual PH domains 1
ADAP2,ArfGAP with dual PH domains 2
ADAR,"adenosine deaminase, RNA-specific"
ADARB1,"adenosine deaminase, RNA-specific, B1 (RED1 homolog rat)"
ADAT1,"adenosine deaminase, tRNA-specific 1"
ADCK2,aarF domain containing kinase 2
ADCY1,adenylate cyclase 1 (brain)
ADCY3,adenylate cyclase 3
ADCY7,adenylate cyclase 7
ADCY9,adenylate cyclase 9
ADD1,adducin 1 (alpha)
ADD2,adducin 2 (beta)
ADD3,adducin 3 (gamma)
ADFP,adipose differentiation-related protein
ADH1B,"alcohol dehydrogenase 1B (class I), beta polypeptide"
ADH5,"alcohol dehydrogenase 5 (class III), chi polypeptide"
ADH6,alcohol dehydrogenase 6 (class V)
ADI1,acireductone dioxygenase 1
ADIPOQ,"adiponectin, C1Q and collagen domain containing"
ADIPOR1,adiponectin receptor 1
ADIPOR2,adiponectin receptor 2
ADK,adenosine kinase
ADM,adrenomedullin
ADNP,activity-dependent neuroprotector homeobox
ADNP2,ADNP homeobox 2
ADO,2-aminoethanethiol (cysteamine) dioxygenase
ADORA1,adenosine A1 receptor
ADORA2A,adenosine A2a receptor
ADORA3,adenosine A3 receptor
ADPGK,ADP-dependent glucokinase
ADRA1A,"adrenergic, alpha-1A-, receptor"
ADRA2A,"adrenergic, alpha-2A-, receptor"
ADRA2C,"adrenergic, alpha-2C-, receptor"
ADRB2,"adrenergic, beta-2-, receptor, surface"
ADRBK1,"adrenergic, beta, receptor kinase 1"
ADRBK2,"adrenergic, beta, receptor kinase 2"
ADRM1,adhesion regulating molecule 1
ADSL,adenylosuccinate lyase
ADSS,adenylosuccinate synthase
AEBP1,AE binding protein 1
AES,amino-terminal enhancer of split
AFAP1,actin filament associated protein 1
AFF1,"AF4/FMR2 family, member 1"
AFG3L2,AFG3 ATPase family gene 3-like 2 (yeast)
AFM,afamin
AFTPH,aftiphilin
AGA,aspartylglucosaminidase
AGAP1,"ArfGAP with GTPase domain, ankyrin repeat and PH domain 1"
AGAP5,"ArfGAP with GTPase domain, ankyrin repeat and PH domain 5 /// ArfGAP with GTPase domain, ankyrin repeat and PH domain 9 /// centaurin, gamma-like family, member 1 /// hypothetical LOC399753"
AGBL2,ATP/GTP binding protein-like 2
AGBL5,ATP/GTP binding protein-like 5
AGFG1,ArfGAP with FG repeats 1
AGGF1,angiogenic factor with G patch and FHA domains 1
AGK,acylglycerol kinase
AGL,"amylo-1, 6-glucosidase, 4-alpha-glucanotransferase"
AGPAT1,"1-acylglycerol-3-phosphate O-acyltransferase 1 (lysophosphatidic acid acyltransferase, alpha)"
AGPAT2,"1-acylglycerol-3-phosphate O-acyltransferase 2 (lysophosphatidic acid acyltransferase, beta)"
AGPAT5,"1-acylglycerol-3-phosphate O-acyltransferase 5 (lysophosphatidic acid acyltransferase, epsilon)"
AGPS,alkylglycerone phosphate synthase
AGRN,agrin
AGT,"angiotensinogen (serpin peptidase inhibitor, clade A, member 8)"
AGTPBP1,ATP/GTP binding protein 1
AGTR1,"angiotensin II receptor, type 1"
AGXT,alanine-glyoxylate aminotransferase
AGXT2L1,alanine-glyoxylate aminotransferase 2-like 1
AHCTF1,AT hook containing transcription factor 1
AHCY,S-adenosylhomocysteine hydrolase
AHCYL1,S-adenosylhomocysteine hydrolase-like 1
AHCYL2,S-adenosylhomocysteine hydrolase-like 2
AHDC1,"AT hook, DNA binding motif, containing 1"
AHI1,Abelson helper integration site 1
AHNAK,AHNAK nucleoprotein
AHNAK2,AHNAK nucleoprotein 2
AHR,aryl hydrocarbon receptor
AHSA1,"AHA1, activator of heat shock 90kDa protein ATPase homolog 1 (yeast)"
AIDA,"axin interactor, dorsalization associated"
AIF1,allograft inflammatory factor 1
AIFM1,"apoptosis-inducing factor, mitochondrion-associated, 1"
AIM1,absent in melanoma 1
AIM2,absent in melanoma 2
AIP,aryl hydrocarbon receptor interacting protein
AIPL1,aryl hydrocarbon receptor interacting protein-like 1
AJAP1,adherens junctions associated protein 1
AK1,adenylate kinase 1
AK2,adenylate kinase 2
AK3L1,adenylate kinase 3-like 1 /// adenylate kinase 3-like 2
AKAP1,A kinase (PRKA) anchor protein 1
AKAP11,A kinase (PRKA) anchor protein 11
AKAP12,A kinase (PRKA) anchor protein 12
AKAP13,A kinase (PRKA) anchor protein 13
AKAP2,A kinase (PRKA) anchor protein 2 /// paralemmin 2 /// PALM2-AKAP2 readthrough transcript
AKAP6,A kinase (PRKA) anchor protein 6
AKAP7,A kinase (PRKA) anchor protein 7
AKAP8,A kinase (PRKA) anchor protein 8
AKAP9,A kinase (PRKA) anchor protein (yotiao) 9
AKR1A1,"aldo-keto reductase family 1, member A1 (aldehyde reductase)"
AKR1B1,"aldo-keto reductase family 1, member B1 (aldose reductase)"
AKR1B10,"aldo-keto reductase family 1, member B10 (aldose reductase)"
AKR1C1,"aldo-keto reductase family 1, member C1 (dihydrodiol dehydrogenase 1; 20-alpha (3-alpha)-hydroxysteroid dehydrogenase)"
AKR1C2,"aldo-keto reductase family 1, member C2 (dihydrodiol dehydrogenase 2; bile acid binding protein; 3-alpha hydroxysteroid dehydrogenase, type III)"
AKR1C3,"aldo-keto reductase family 1, member C3 (3-alpha hydroxysteroid dehydrogenase, type II)"
AKR7A2,"aldo-keto reductase family 7, member A2 (aflatoxin aldehyde reductase)"
AKR7A3,"aldo-keto reductase family 7, member A3 (aflatoxin aldehyde reductase)"
AKT1,v-akt murine thymoma viral oncogene homolog 1
AKT3,"v-akt murine thymoma viral oncogene homolog 3 (protein kinase B, gamma)"
AKTIP,AKT interacting protein
ALAD,"aminolevulinate, delta-, dehydratase"
ALAS1,"aminolevulinate, delta-, synthase 1"
ALB,albumin
ALCAM,activated leukocyte cell adhesion molecule
ALDH18A1,"aldehyde dehydrogenase 18 family, member A1"
ALDH1A1,"aldehyde dehydrogenase 1 family, member A1"
ALDH1A2,"aldehyde dehydrogenase 1 family, member A2"
ALDH1B1,"aldehyde dehydrogenase 1 family, member B1"
ALDH1L1,"aldehyde dehydrogenase 1 family, member L1"
ALDH2,aldehyde dehydrogenase 2 family (mitochondrial)
ALDH3A2,"aldehyde dehydrogenase 3 family, member A2"
ALDH3B1,"aldehyde dehydrogenase 3 family, member B1"
ALDH4A1,"aldehyde dehydrogenase 4 family, member A1"
ALDH5A1,"aldehyde dehydrogenase 5 family, member A1"
ALDH6A1,"aldehyde dehydrogenase 6 family, member A1"
ALDH7A1,"aldehyde dehydrogenase 7 family, member A1"
ALDH8A1,"aldehyde dehydrogenase 8 family, member A1"
ALDH9A1,"aldehyde dehydrogenase 9 family, member A1"
ALDOA,"aldolase A, fructose-bisphosphate"
ALDOB,"aldolase B, fructose-bisphosphate"
ALDOC,"aldolase C, fructose-bisphosphate"
ALG12,"asparagine-linked glycosylation 12, alpha-1,6-mannosyltransferase homolog (S. cerevisiae)"
ALG13,asparagine-linked glycosylation 13 homolog (S. cerevisiae)
ALG5,"asparagine-linked glycosylation 5, dolichyl-phosphate beta-glucosyltransferase homolog (S. cerevisiae)"
ALG6,"asparagine-linked glycosylation 6, alpha-1,3-glucosyltransferase homolog (S. cerevisiae)"
ALG8,"asparagine-linked glycosylation 8, alpha-1,3-glucosyltransferase homolog (S. cerevisiae)"
ALG9,"asparagine-linked glycosylation 9, alpha-1,2-mannosyltransferase homolog (S. cerevisiae)"
ALKBH1,"alkB, alkylation repair homolog 1 (E. coli)"
ALKBH4,"alkB, alkylation repair homolog 4 (E. coli)"
ALMS1,Alstrom syndrome 1
ALOX5,arachidonate 5-lipoxygenase
ALOX5AP,arachidonate 5-lipoxygenase-activating protein
ALPK1,alpha-kinase 1
ALPL,"alkaline phosphatase, liver/bone/kidney"
ALPPL2,"alkaline phosphatase, placental-like 2"
ALS2CR8,"amyotrophic lateral sclerosis 2 (juvenile) chromosome region, candidate 8"
AMACR,alpha-methylacyl-CoA racemase
AMBRA1,autophagy/beclin-1 regulator 1
AMD1,adenosylmethionine decarboxylase 1
AMELX,"amelogenin (amelogenesis imperfecta 1, X-linked)"
AMFR,autocrine motility factor receptor
AMIGO2,adhesion molecule with Ig-like domain 2
AMIGO3,adhesion molecule with Ig-like domain 3 /// GDP-mannose pyrophosphorylase B
AMMECR1,"Alport syndrome, mental retardation, midface hypoplasia and elliptocytosis chromosomal region gene 1"
AMOT,angiomotin
AMOTL2,angiomotin like 2
AMPD2,adenosine monophosphate deaminase 2 (isoform L)
AMPD3,adenosine monophosphate deaminase (isoform E)
AMT,aminomethyltransferase
AMY1A,"amylase, alpha 1A (salivary) /// amylase, alpha 1B (salivary) /// amylase, alpha 1C (salivary) /// amylase, alpha 2A (pancreatic) /// amylase, alpha 2B (pancreatic)"
AMZ2,archaelysin family metallopeptidase 2
ANAPC10,anaphase promoting complex subunit 10
ANAPC13,anaphase promoting complex subunit 13
ANAPC2,anaphase promoting complex subunit 2
ANAPC5,anaphase promoting complex subunit 5
ANG,"angiogenin, ribonuclease, RNase A family, 5"
ANGEL2,angel homolog 2 (Drosophila)
ANGPT1,angiopoietin 1
ANGPT2,angiopoietin 2
ANGPTL2,angiopoietin-like 2
ANGPTL3,angiopoietin-like 3
ANGPTL4,angiopoietin-like 4
ANK1,"ankyrin 1, erythrocytic"
ANK2,"ankyrin 2, neuronal"
ANK3,"ankyrin 3, node of Ranvier (ankyrin G)"
ANKHD1,ankyrin repeat and KH domain containing 1 /// ANKHD1-EIF4EBP3 readthrough transcript /// eukaryotic translation initiation factor 4E binding protein 3
ANKHD1-EIF4EBP3,ANKHD1-EIF4EBP3 readthrough transcript /// eukaryotic translation initiation factor 4E binding protein 3
ANKLE2,ankyrin repeat and LEM domain containing 2
ANKMY2,ankyrin repeat and MYND domain containing 2
ANKRA2,"ankyrin repeat, family A (RFXANK-like), 2"
ANKRD10,ankyrin repeat domain 10
ANKRD11,ankyrin repeat domain 11
ANKRD12,ankyrin repeat domain 12
ANKRD17,ankyrin repeat domain 17
ANKRD27,ankyrin repeat domain 27 (VPS9 domain)
ANKRD28,ankyrin repeat domain 28
ANKRD36,ankyrin repeat domain 36
ANKRD36B,ankyrin repeat domain 36B
ANKRD46,ankyrin repeat domain 46
ANKRD49,ankyrin repeat domain 49
ANKRD55,ankyrin repeat domain 55
ANKRD57,ankyrin repeat domain 57
ANKRD6,ankyrin repeat domain 6
ANKS1A,ankyrin repeat and sterile alpha motif domain containing 1A
ANKZF1,ankyrin repeat and zinc finger domain containing 1
ANO1,"anoctamin 1, calcium activated chloride channel"
ANO10,anoctamin 10
ANO3,anoctamin 3
ANP32A,Cerebellar leucine rich acidic nuclear protein (LANP)
ANP32B,"acidic (leucine-rich) nuclear phosphoprotein 32 family, member B"
ANP32E,"acidic (leucine-rich) nuclear phosphoprotein 32 family, member E"
ANPEP,alanyl (membrane) aminopeptidase
ANXA1,annexin A1
ANXA11,annexin A11
ANXA13,annexin A13
ANXA2,annexin A2
ANXA2P2,annexin A2 pseudogene 2
ANXA3,annexin A3
ANXA4,annexin A4
ANXA5,annexin A5
ANXA6,annexin A6
ANXA7,annexin A7
ANXA8,annexin A8 /// annexin A8-like 1 /// annexin A8-like 2
ANXA9,annexin A9
AOC2,"amine oxidase, copper containing 2 (retina-specific)"
AOC3,"amine oxidase, copper containing 3 (vascular adhesion protein 1)"
AOF2,amine oxidase (flavin containing) domain 2
AOX1,aldehyde oxidase 1
AP1B1,"adaptor-related protein complex 1, beta 1 subunit"
AP1G2,"adaptor-related protein complex 1, gamma 2 subunit"
AP1M2,"adaptor-related protein complex 1, mu 2 subunit"
AP1S1,"adaptor-related protein complex 1, sigma 1 subunit"
AP1S2,"adaptor-related protein complex 1, sigma 2 subunit"
AP2A2,"adaptor-related protein complex 2, alpha 2 subunit"
AP2B1,"adaptor-related protein complex 2, beta 1 subunit"
AP2M1,"adaptor-related protein complex 2, mu 1 subunit"
AP2S1,"adaptor-related protein complex 2, sigma 1 subunit"
AP3B1,"adaptor-related protein complex 3, beta 1 subunit"
AP3B2,"adaptor-related protein complex 3, beta 2 subunit"
AP3D1,"adaptor-related protein complex 3, delta 1 subunit"
AP3M2,"adaptor-related protein complex 3, mu 2 subunit"
AP3S1,"adaptor-related protein complex 3, sigma 1 subunit"
AP3S2,"adaptor-related protein complex 3, sigma 2 subunit"
AP4S1,"adaptor-related protein complex 4, sigma 1 subunit"
APAF1,apoptotic peptidase activating factor 1
APBA3,"amyloid beta (A4) precursor protein-binding, family A, member 3"
APBB1,"amyloid beta (A4) precursor protein-binding, family B, member 1 (Fe65)"
APBB2,"amyloid beta (A4) precursor protein-binding, family B, member 2"
APBB3,"amyloid beta (A4) precursor protein-binding, family B, member 3"
APC,adenomatous polyposis coli
APEH,N-acylaminoacyl-peptide hydrolase
APEX1,APEX nuclease (multifunctional DNA repair enzyme) 1
APEX2,APEX nuclease (apurinic/apyrimidinic endonuclease) 2
APH1A,anterior pharynx defective 1 homolog A (C. elegans)
APH1B,anterior pharynx defective 1 homolog B (C. elegans)
API5,apoptosis inhibitor 5
APIP,APAF1 interacting protein
APITD1,"apoptosis-inducing, TAF9-like domain 1 /// cortistatin"
APLNR,apelin receptor
APLP2,amyloid beta (A4) precursor-like protein 2
APOB,apolipoprotein B (including Ag(x) antigen)
APOBEC3A,"apolipoprotein B mRNA editing enzyme, catalytic polypeptide-like 3A"
APOBEC3B,"apolipoprotein B mRNA editing enzyme, catalytic polypeptide-like 3B"
APOBEC3C,"apolipoprotein B mRNA editing enzyme, catalytic polypeptide-like 3C"
APOBEC3G,"apolipoprotein B mRNA editing enzyme, catalytic polypeptide-like 3G"
APOC1,apolipoprotein C-I
APOC4,apolipoprotein C-IV
APOD,apolipoprotein D
APOE,apolipoprotein E
APOH,apolipoprotein H (beta-2-glycoprotein I)
APOL1,"apolipoprotein L, 1"
APOL2,"apolipoprotein L, 2"
APOL3,"apolipoprotein L, 3"
APOLD1,apolipoprotein L domain containing 1
APOM,apolipoprotein M
APOO,apolipoprotein O
APOOL,"CDNA FLJ39590 fis, clone SKNMC1000079"
APP,amyloid beta (A4) precursor protein
APPBP2,amyloid beta precursor protein (cytoplasmic tail) binding protein 2
APPL1,"adaptor protein, phosphotyrosine interaction, PH domain and leucine zipper containing 1"
APPL2,"adaptor protein, phosphotyrosine interaction, PH domain and leucine zipper containing 2"
APRT,adenine phosphoribosyltransferase
APTX,aprataxin
AQP1,aquaporin 1 (Colton blood group)
AQP2,aquaporin 2 (collecting duct)
AQP3,aquaporin 3 (Gill blood group)
AQP6,"aquaporin 6, kidney specific"
AQR,aquarius homolog (mouse)
AR,androgen receptor
ARAF,v-raf murine sarcoma 3611 viral oncogene homolog
ARAP1,"ArfGAP with RhoGAP domain, ankyrin repeat and PH domain 1"
ARAP2,"ArfGAP with RhoGAP domain, ankyrin repeat and PH domain 2"
ARAP3,"ArfGAP with RhoGAP domain, ankyrin repeat and PH domain 3"
ARCN1,archain 1
ARD1A,"ARD1 homolog A, N-acetyltransferase (S. cerevisiae)"
AREG,amphiregulin /// amphiregulin B
ARF1,ADP-ribosylation factor 1
ARF3,ADP-ribosylation factor 3
ARF4,ADP-ribosylation factor 4
ARF5,ADP-ribosylation factor 5
ARF6,ADP-ribosylation factor 6
ARFGAP1,ADP-ribosylation factor GTPase activating protein 1
ARFGAP2,ADP-ribosylation factor GTPase activating protein 2
ARFGAP3,ADP-ribosylation factor GTPase activating protein 3
ARFGEF1,ADP-ribosylation factor guanine nucleotide-exchange factor 1(brefeldin A-inhibited)
ARFGEF2,"CDNA FLJ55398 complete cds, highly similar to Brefeldin A-inhibited guaninenucleotide-exchange protein 2"
ARFIP1,ADP-ribosylation factor interacting protein 1
ARFRP1,ADP-ribosylation factor related protein 1 /// immunoglobulin lambda joining 3
ARG1,"arginase, liver"
ARG2,"arginase, type II"
ARGLU1,arginine and glutamate rich 1
ARHGAP1,Rho GTPase activating protein 1
ARHGAP12,Rho GTPase activating protein 12
ARHGAP15,Rho GTPase activating protein 15
ARHGAP17,Rho GTPase activating protein 17 /// PP367
ARHGAP19,Rho GTPase activating protein 19
ARHGAP24,Rho GTPase activating protein 24
ARHGAP25,Rho GTPase activating protein 25
ARHGAP26,Rho GTPase activating protein 26
ARHGAP29,Rho GTPase activating protein 29
ARHGAP5,Rho GTPase activating protein 5
ARHGAP6,Rho GTPase activating protein 6
ARHGAP8,Rho GTPase activating protein 8 /// PRR5-ARHGAP8 fusion /// proline rich 5 (renal)
ARHGDIA,Rho GDP dissociation inhibitor (GDI) alpha
ARHGDIB,Rho GDP dissociation inhibitor (GDI) beta
ARHGDIG,Rho GDP dissociation inhibitor (GDI) gamma
ARHGEF10,Rho guanine nucleotide exchange factor (GEF) 10
ARHGEF10L,Rho guanine nucleotide exchange factor (GEF) 10-like
ARHGEF12,Rho guanine nucleotide exchange factor (GEF) 12
ARHGEF15,Rho guanine nucleotide exchange factor (GEF) 15
ARHGEF16,Rho guanine exchange factor (GEF) 16
ARHGEF17,Rho guanine nucleotide exchange factor (GEF) 17
ARHGEF18,rho/rac guanine nucleotide exchange factor (GEF) 18
ARHGEF2,rho/rac guanine nucleotide exchange factor (GEF) 2
ARHGEF3,Rho guanine nucleotide exchange factor (GEF) 3
ARHGEF5,Rho guanine nucleotide exchange factor (GEF) 5
ARHGEF6,Rac/Cdc42 guanine nucleotide exchange factor (GEF) 6
ARHGEF7,Rho guanine nucleotide exchange factor (GEF) 7
ARHGEF9,Cdc42 guanine nucleotide exchange factor (GEF) 9
ARID1A,AT rich interactive domain 1A (SWI-like)
ARID4A,AT rich interactive domain 4A (RBP1-like)
ARID4B,AT rich interactive domain 4B (RBP1-like)
ARID5B,AT rich interactive domain 5B (MRF1-like)
ARIH1,"ariadne homolog, ubiquitin-conjugating enzyme E2 binding protein, 1 (Drosophila)"
ARIH2,ariadne homolog 2 (Drosophila)
ARL1,ADP-ribosylation factor-like 1
ARL17P1,ADP-ribosylation factor-like 17 pseudogene 1
ARL2,ADP-ribosylation factor-like 2 /// sorting nexin 15
ARL2BP,ADP-ribosylation factor-like 2 binding protein
ARL3,ADP-ribosylation factor-like 3
ARL4A,ADP-ribosylation factor-like 4A
ARL4C,ADP-ribosylation factor-like 4C
ARL4D,ADP-ribosylation factor-like 4D
ARL5A,ADP-ribosylation factor-like 5A
ARL6IP1,ADP-ribosylation factor-like 6 interacting protein 1
ARL6IP4,ADP-ribosylation-like factor 6 interacting protein 4 /// 2-oxoglutarate and iron-dependent oxygenase domain containing 2
ARL6IP5,ADP-ribosylation-like factor 6 interacting protein 5
ARL8B,ADP-ribosylation factor-like 8B
ARMC1,armadillo repeat containing 1
ARMC6,armadillo repeat containing 6
ARMC8,armadillo repeat containing 8
ARMC9,armadillo repeat containing 9
ARMCX1,"armadillo repeat containing, X-linked 1"
ARMCX2,"armadillo repeat containing, X-linked 2"
ARMCX3,"armadillo repeat containing, X-linked 3"
ARMCX5,"armadillo repeat containing, X-linked 5"
ARMCX6,"armadillo repeat containing, X-linked 6 /// hypothetical LOC653354"
ARMET,"arginine-rich, mutated in early stage tumors"
ARNT,aryl hydrocarbon receptor nuclear translocator
ARNT2,aryl-hydrocarbon receptor nuclear translocator 2
ARPC1A,"actin related protein 2/3 complex, subunit 1A, 41kDa"
ARPC1B,"actin related protein 2/3 complex, subunit 1B, 41kDa"
ARPC2,"actin related protein 2/3 complex, subunit 2, 34kDa"
ARPC3,"actin related protein 2/3 complex, subunit 3, 21kDa"
ARPC4,"actin related protein 2/3 complex, subunit 4, 20kDa /// tubulin tyrosine ligase-like family, member 3"
ARPC5,"actin related protein 2/3 complex, subunit 5, 16kDa"
ARPC5L,"actin related protein 2/3 complex, subunit 5-like"
ARPP-19,"cyclic AMP phosphoprotein, 19 kD"
ARRB2,"arrestin, beta 2"
ARS2,arsenate resistance protein 2
ARSB,arylsulfatase B
ARSE,arylsulfatase E (chondrodysplasia punctata 1)
ARSJ,"arylsulfatase family, member J"
ASAH1,N-acylsphingosine amidohydrolase (acid ceramidase) 1
ASAP1,"ArfGAP with SH3 domain, ankyrin repeat and PH domain 1"
ASAP2,"ArfGAP with SH3 domain, ankyrin repeat and PH domain 2"
ASB1,ankyrin repeat and SOCS box-containing 1
ASB13,ankyrin repeat and SOCS box-containing 13
ASB6,ankyrin repeat and SOCS box-containing 6
ASB8,ankyrin repeat and SOCS box-containing 8
ASB9,ankyrin repeat and SOCS box-containing 9
ASCC1,activating signal cointegrator 1 complex subunit 1
ASCC2,activating signal cointegrator 1 complex subunit 2
ASCC3,activating signal cointegrator 1 complex subunit 3
ASF1A,ASF1 anti-silencing function 1 homolog A (S. cerevisiae)
ASH1L,"ash1 (absent, small, or homeotic)-like (Drosophila)"
ASH2L,"ash2 (absent, small, or homeotic)-like (Drosophila)"
ASL,argininosuccinate lyase
ASMTL,"acetylserotonin O-methyltransferase-like /// double homeobox, 1 /// double homeobox, 3 /// double homeobox, 4 /// double homeobox, 5 /// similar to double homeobox, 4 /// similar to double homeobox, 4 /// similar to Double homeobox protein 4 (Double homeobox protein 10) (Double homeobox protein 4/10) /// similar to double homeobox, 4 /// similar to double homeobox 4c /// similar to double homeobox, 4 /// double homeobox, 4-like /// double homeobox, 4-like /// double homeobox, 4-like /// double homeobox, 4-like /// double homeobox, 4-like"
ASNA1,"arsA arsenite transporter, ATP-binding, homolog 1 (bacterial)"
ASNS,asparagine synthetase
ASNSD1,asparagine synthetase domain containing 1
ASPA,aspartoacylase (Canavan disease)
ASPH,aspartate beta-hydroxylase
ASPN,asporin
ASRGL1,asparaginase like 1
ASS1,argininosuccinate synthetase 1
ASTN2,astrotactin 2
ASXL1,additional sex combs like 1 (Drosophila)
ASXL2,additional sex combs like 2 (Drosophila)
ATAD2B,"ATPase family, AAA domain containing 2B"
ATAD4,"ATPase family, AAA domain containing 4"
ATF1,activating transcription factor 1
ATF2,activating transcription factor 2
ATF3,activating transcription factor 3
ATF4,activating transcription factor 4 (tax-responsive enhancer element B67)
ATF5,activating transcription factor 5
ATF7IP,activating transcription factor 7 interacting protein
ATF7IP2,activating transcription factor 7 interacting protein 2
ATG12,ATG12 autophagy related 12 homolog (S. cerevisiae)
ATG2A,ATG2 autophagy related 2 homolog A (S. cerevisiae)
ATG2B,ATG2 autophagy related 2 homolog B (S. cerevisiae)
ATG3,ATG3 autophagy related 3 homolog (S. cerevisiae)
ATG4A,ATG4 autophagy related 4 homolog A (S. cerevisiae)
ATG4B,ATG4 autophagy related 4 homolog B (S. cerevisiae) /// similar to APG4 autophagy 4 homolog B
ATG5,ATG5 autophagy related 5 homolog (S. cerevisiae)
ATG7,ATG7 autophagy related 7 homolog (S. cerevisiae)
ATG9A,ATG9 autophagy related 9 homolog A (S. cerevisiae)
ATHL1,"ATH1, acid trehalase-like 1 (yeast)"
ATIC,5-aminoimidazole-4-carboxamide ribonucleotide formyltransferase/IMP cyclohydrolase
ATM,ataxia telangiectasia mutated
ATMIN,ATM interactor
ATN1,atrophin 1
ATOX1,ATX1 antioxidant protein 1 homolog (yeast)
ATP10A,"ATPase, class V, type 10A"
ATP10D,"ATPase, class V, type 10D"
ATP11A,"Homo sapiens, clone IMAGE:4427831, mRNA"
ATP11B,"ATPase, class VI, type 11B"
ATP13A1,ATPase type 13A1
ATP13A3,ATPase type 13A3
ATP1A1,"ATPase, Na+/K+ transporting, alpha 1 polypeptide"
ATP1A2,"ATPase, Na+/K+ transporting, alpha 2 (+) polypeptide"
ATP1B1,"ATPase, Na+/K+ transporting, beta 1 polypeptide"
ATP1B2,"ATPase, Na+/K+ transporting, beta 2 polypeptide"
ATP1B3,"ATPase, Na+/K+ transporting, beta 3 polypeptide"
ATP1B4,"ATPase, (Na+)/K+ transporting, beta 4 polypeptide"
ATP2A2,"ATPase, Ca++ transporting, cardiac muscle, slow twitch 2"
ATP2B1,"ATPase, Ca++ transporting, plasma membrane 1"
ATP2B2,"ATPase, Ca++ transporting, plasma membrane 2"
ATP2B4,"ATPase, Ca++ transporting, plasma membrane 4"
ATP2C1,"ATPase, Ca++ transporting, type 2C, member 1"
ATP2C2,"ATPase, Ca++ transporting, type 2C, member 2"
ATP5A1,"ATP synthase, H+ transporting, mitochondrial F1 complex, alpha subunit 1, cardiac muscle"
ATP5B,"ATP synthase, H+ transporting, mitochondrial F1 complex, beta polypeptide"
ATP5C1,"ATP synthase, H+ transporting, mitochondrial F1 complex, gamma polypeptide 1"
ATP5D,"ATP synthase, H+ transporting, mitochondrial F1 complex, delta subunit"
ATP5E,"ATP synthase, H+ transporting, mitochondrial F1 complex, epsilon subunit"
ATP5F1,"ATP synthase, H+ transporting, mitochondrial F0 complex, subunit B1"
ATP5G1,"ATP synthase, H+ transporting, mitochondrial F0 complex, subunit C1 (subunit 9)"
ATP5G2,"ATP synthase, H+ transporting, mitochondrial F0 complex, subunit C2 (subunit 9)"
ATP5G3,"ATP synthase, H+ transporting, mitochondrial F0 complex, subunit C3 (subunit 9)"
ATP5H,"ATP synthase, H+ transporting, mitochondrial F0 complex, subunit d"
ATP5I,"ATP synthase, H+ transporting, mitochondrial F0 complex, subunit E"
ATP5J,"ATP synthase, H+ transporting, mitochondrial F0 complex, subunit F6"
ATP5J2,"ATP synthase, H+ transporting, mitochondrial F0 complex, subunit F2"
ATP5L,"ATP synthase, H+ transporting, mitochondrial F0 complex, subunit G"
ATP5O,"ATP synthase, H+ transporting, mitochondrial F1 complex, O subunit"
ATP5S,"ATP synthase, H+ transporting, mitochondrial F0 complex, subunit s (factor B)"
ATP5SL,ATP5S-like
ATP6AP1,"ATPase, H+ transporting, lysosomal accessory protein 1"
ATP6AP2,"ATPase, H+ transporting, lysosomal accessory protein 2"
ATP6V0A1,"ATPase, H+ transporting, lysosomal V0 subunit a1"
ATP6V0A4,"ATPase, H+ transporting, lysosomal V0 subunit a4"
ATP6V0B,"ATPase, H+ transporting, lysosomal 21kDa, V0 subunit b"
ATP6V0C,"ATPase, H+ transporting, lysosomal 16kDa, V0 subunit c"
ATP6V0D1,"ATPase, H+ transporting, lysosomal 38kDa, V0 subunit d1"
ATP6V0E1,"ATPase, H+ transporting, lysosomal 9kDa, V0 subunit e1"
ATP6V0E2,"ATPase, H+ transporting V0 subunit e2"
ATP6V1A,"ATPase, H+ transporting, lysosomal 70kDa, V1 subunit A"
ATP6V1B1,"ATPase, H+ transporting, lysosomal 56/58kDa, V1 subunit B1"
ATP6V1B2,"ATPase, H+ transporting, lysosomal 56/58kDa, V1 subunit B2"
ATP6V1C1,"ATPase, H+ transporting, lysosomal 42kDa, V1 subunit C1"
ATP6V1D,"ATPase, H+ transporting, lysosomal 34kDa, V1 subunit D"
ATP6V1E1,"ATPase, H+ transporting, lysosomal 31kDa, V1 subunit E1"
ATP6V1F,"ATPase, H+ transporting, lysosomal 14kDa, V1 subunit F"
ATP6V1G1,"ATPase, H+ transporting, lysosomal 13kDa, V1 subunit G1"
ATP6V1G2,"ATPase, H+ transporting, lysosomal 13kDa, V1 subunit G2"
ATP6V1H,"ATPase, H+ transporting, lysosomal 50/57kDa, V1 subunit H"
ATP7A,"ATPase, Cu++ transporting, alpha polypeptide /// similar to ATPase, Cu++ transporting, alpha polypeptide"
ATP7B,"ATPase, Cu++ transporting, beta polypeptide"
ATP8A1,"ATPase, aminophospholipid transporter (APLT), class I, type 8A, member 1"
ATP8B1,"ATPase, class I, type 8B, member 1"
ATP8B4,"ATPase, class I, type 8B, member 4"
ATP9A,"ATPase, class II, type 9A"
ATP9B,"ATPase, class II, type 9B"
ATPAF2,ATP synthase mitochondrial F1 complex assembly factor 2
ATPIF1,ATPase inhibitory factor 1
ATR,ataxia telangiectasia and Rad3 related
ATRN,attractin
ATRX,"alpha thalassemia/mental retardation syndrome X-linked (RAD54 homolog, S. cerevisiae)"
ATXN1,ataxin 1
ATXN10,ataxin 10
ATXN2,ataxin 2
ATXN3,ataxin 3
ATXN7,ataxin 7
AUH,AU RNA binding protein/enoyl-Coenzyme A hydratase
AUP1,ancient ubiquitous protein 1
AURKA,aurora kinase A
AURKAIP1,aurora kinase A interacting protein 1
AUTS2,autism susceptibility candidate 2
AVEN,"apoptosis, caspase activation inhibitor"
AVIL,advillin
AVL9,AVL9 homolog (S. cerevisiase)
AVPI1,arginine vasopressin-induced 1
AXL,AXL receptor tyrosine kinase
AZGP1,"alpha-2-glycoprotein 1, zinc-binding"
AZI2,5-azacytidine induced 2
AZIN1,antizyme inhibitor 1
B2M,beta-2-microglobulin
B3GALNT1,"beta-1,3-N-acetylgalactosaminyltransferase 1 (globoside blood group)"
B3GALT2,"UDP-Gal:betaGlcNAc beta 1,3-galactosyltransferase, polypeptide 2"
B3GALT4,"UDP-Gal:betaGlcNAc beta 1,3-galactosyltransferase, polypeptide 4"
B3GAT3,"beta-1,3-glucuronyltransferase 3 (glucuronosyltransferase I)"
B3GNT1,"UDP-GlcNAc:betaGal beta-1,3-N-acetylglucosaminyltransferase 1"
B3GNT2,"UDP-GlcNAc:betaGal beta-1,3-N-acetylglucosaminyltransferase 2"
B3GNT4,"UDP-GlcNAc:betaGal beta-1,3-N-acetylglucosaminyltransferase 4"
B4GALT1,"UDP-Gal:betaGlcNAc beta 1,4- galactosyltransferase, polypeptide 1"
B4GALT2,"UDP-Gal:betaGlcNAc beta 1,4- galactosyltransferase, polypeptide 2"
B4GALT3,"UDP-Gal:betaGlcNAc beta 1,4- galactosyltransferase, polypeptide 3"
B4GALT4,"UDP-Gal:betaGlcNAc beta 1,4- galactosyltransferase, polypeptide 4"
B4GALT5,"UDP-Gal:betaGlcNAc beta 1,4- galactosyltransferase, polypeptide 5"
B4GALT7,"xylosylprotein beta 1,4-galactosyltransferase, polypeptide 7 (galactosyltransferase I)"
B9D1,B9 protein domain 1
BACE1,beta-site APP-cleaving enzyme 1
BACE2,beta-site APP-cleaving enzyme 2
BACH1,"BTB and CNC homology 1, basic leucine zipper transcription factor 1"
BACH2,"BTB and CNC homology 1, basic leucine zipper transcription factor 2"
BAD,BCL2-associated agonist of cell death
BAG1,BCL2-associated athanogene
BAG2,BCL2-associated athanogene 2
BAG3,BCL2-associated athanogene 3
BAG5,BCL2-associated athanogene 5
BAHD1,bromo adjacent homology domain containing 1
BAI3,brain-specific angiogenesis inhibitor 3
BAIAP2,BAI1-associated protein 2
BAMBI,BMP and activin membrane-bound inhibitor homolog (Xenopus laevis)
BANF1,barrier to autointegration factor 1
BANK1,B-cell scaffold protein with ankyrin repeats 1
BANP,BTG3 associated nuclear protein
BASP1,"brain abundant, membrane attached signal protein 1"
BAT1,HLA-B associated transcript 1
BAT2,HLA-B associated transcript 2
BAT2D1,BAT2 domain containing 1
BAT2L,HLA-B associated transcript 2-like
BAT3,HLA-B associated transcript 3
BAX,BCL2-associated X protein
BAZ1A,"bromodomain adjacent to zinc finger domain, 1A"
BAZ1B,"bromodomain adjacent to zinc finger domain, 1B"
BAZ2A,"bromodomain adjacent to zinc finger domain, 2A"
BAZ2B,"bromodomain adjacent to zinc finger domain, 2B"
BBC3,BCL2 binding component 3
BBOX1,"butyrobetaine (gamma), 2-oxoglutarate dioxygenase (gamma-butyrobetaine hydroxylase) 1"
BBS1,Bardet-Biedl syndrome 1
BBS10,Bardet-Biedl syndrome 10
BBS4,Bardet-Biedl syndrome 4
BBS9,Bardet-Biedl syndrome 9
BBX,bobby sox homolog (Drosophila)
BCAM,basal cell adhesion molecule (Lutheran blood group)
BCAP29,B-cell receptor-associated protein 29
BCAP31,B-cell receptor-associated protein 31
BCAR3,breast cancer anti-estrogen resistance 3
BCAS2,breast carcinoma amplified sequence 2
BCAS3,breast carcinoma amplified sequence 3
BCAT2,"branched chain aminotransferase 2, mitochondrial"
BCCIP,BRCA2 and CDKN1A interacting protein
BCHE,butyrylcholinesterase
BCKDHA,"branched chain keto acid dehydrogenase E1, alpha polypeptide"
BCKDHB,"branched chain keto acid dehydrogenase E1, beta polypeptide"
BCKDK,branched chain ketoacid dehydrogenase kinase
BCL10,B-cell CLL/lymphoma 10
BCL11A,B-cell CLL/lymphoma 11A (zinc finger protein)
BCL11B,B-cell CLL/lymphoma 11B (zinc finger protein)
BCL2,B-cell CLL/lymphoma 2
BCL2A1,BCL2-related protein A1
BCL2L1,BCL2-like 1
BCL2L11,BCL2-like 11 (apoptosis facilitator)
BCL2L13,BCL2-like 13 (apoptosis facilitator)
BCL2L2,BCL2-like 2
BCL3,B-cell CLL/lymphoma 3
BCL6,B-cell CLL/lymphoma 6
BCL7B,B-cell CLL/lymphoma 7B
BCL7C,B-cell CLL/lymphoma 7C
BCL9,B-cell CLL/lymphoma 9
BCLAF1,BCL2-associated transcription factor 1
BCMO1,"beta-carotene 15,15'-monooxygenase 1"
BCOR,BCL6 co-repressor
BCORL1,BCL6 co-repressor-like 1
BCR,breakpoint cluster region
BCS1L,BCS1-like (yeast)
BDH1,"3-hydroxybutyrate dehydrogenase, type 1"
BDH2,"3-hydroxybutyrate dehydrogenase, type 2"
BDKRB2,bradykinin receptor B2
BDNF,brain-derived neurotrophic factor
BECN1,"beclin 1, autophagy related"
BEND5,BEN domain containing 5
BET1,blocked early in transport 1 homolog (S. cerevisiae)
BEX1,"brain expressed, X-linked 1"
BEX4,"brain expressed, X-linked 4"
BFAR,bifunctional apoptosis regulator
BGLAP,bone gamma-carboxyglutamate (gla) protein
BGN,biglycan
BHLHE40,"basic helix-loop-helix family, member e40"
BHLHE41,"basic helix-loop-helix family, member e41"
BHMT,betaine-homocysteine methyltransferase
BHMT2,betaine-homocysteine methyltransferase 2
BICC1,bicaudal C homolog 1 (Drosophila)
BICD1,bicaudal D homolog 1 (Drosophila)
BICD2,bicaudal D homolog 2 (Drosophila)
BID,BH3 interacting domain death agonist
BIN1,bridging integrator 1
BIN3,bridging integrator 3
BIRC2,baculoviral IAP repeat-containing 2
BIRC3,baculoviral IAP repeat-containing 3
BLCAP,bladder cancer associated protein
BLMH,bleomycin hydrolase
BLNK,B-cell linker
BLOC1S1,"biogenesis of lysosomal organelles complex-1, subunit 1"
BLVRA,biliverdin reductase A
BLVRB,biliverdin reductase B (flavin reductase (NADPH))
BLZF1,basic leucine zipper nuclear factor 1
BMI1,BMI1 polycomb ring finger oncogene
BMP10,bone morphogenetic protein 10
BMP2,bone morphogenetic protein 2
BMP2K,"BMP2 inducible kinase, mRNA (cDNA clone MGC:33000 IMAGE:5272264)"
BMP8B,bone morphogenetic protein 8b
BMPR1A,"bone morphogenetic protein receptor, type IA"
BMS1,"BMS1 homolog, ribosome assembly protein (yeast)"
BNC2,basonuclin 2
BNIP1,BCL2/adenovirus E1B 19kDa interacting protein 1
BNIP2,BCL2/adenovirus E1B 19kDa interacting protein 2
BNIP3,BCL2/adenovirus E1B 19kDa interacting protein 3
BNIP3L,BCL2/adenovirus E1B 19kDa interacting protein 3-like
BOLA1,bolA homolog 1 (E. coli)
BOLA2,bolA homolog 2 (E. coli) /// bolA homolog 2B (E. coli)
BPGM,"2,3-bisphosphoglycerate mutase"
BPHL,biphenyl hydrolase-like (serine hydrolase)
BPI,bactericidal/permeability-increasing protein
BPTF,bromodomain PHD finger transcription factor
BRAF,v-raf murine sarcoma viral oncogene homolog B1 /// KIAA1549
BRAP,BRCA1 associated protein
BRCA2,"breast cancer 2, early onset"
BRCC3,"BRCA1/BRCA2-containing complex, subunit 3"
BRD1,bromodomain containing 1
BRD2,bromodomain containing 2
BRD3,bromodomain containing 3
BRD4,bromodomain containing 4
BRD7,bromodomain containing 7
BRD8,bromodomain containing 8
BRD9,bromodomain containing 9
BRE,brain and reproductive organ-expressed (TNFRSF1A modulator)
BRF2,"BRF2, subunit of RNA polymerase III transcription initiation factor, BRF1-like"
BRP44,brain protein 44
BRP44L,brain protein 44-like
BRPF1,"bromodomain and PHD finger containing, 1"
BRWD1,bromodomain and WD repeat domain containing 1
BRWD2,bromodomain and WD repeat domain containing 2
BSCL2,Bernardinelli-Seip congenital lipodystrophy 2 (seipin)
BSDC1,BSD domain containing 1
BSG,basigin (Ok blood group)
BSPRY,B-box and SPRY domain containing
BST2,bone marrow stromal cell antigen 2
BTAF1,"BTAF1 RNA polymerase II, B-TFIID transcription factor-associated, 170kDa (Mot1 homolog, S. cerevisiae)"
BTBD1,BTB (POZ) domain containing 1
BTBD2,BTB (POZ) domain containing 2
BTBD3,BTB (POZ) domain containing 3
BTBD7,BTB (POZ) domain containing 7
BTD,biotinidase
BTF3,basic transcription factor 3
BTG1,"B-cell translocation gene 1, anti-proliferative"
BTG2,"BTG family, member 2"
BTG3,"BTG family, member 3"
BTK,Bruton agammaglobulinemia tyrosine kinase
BTN2A1,"butyrophilin, subfamily 2, member A1"
BTN2A2,"butyrophilin, subfamily 2, member A2"
BTN3A1,"butyrophilin, subfamily 3, member A1"
BTN3A2,"butyrophilin, subfamily 3, member A2 /// butyrophilin, subfamily 3, member A3"
BTN3A3,"butyrophilin, subfamily 3, member A3"
BTNL3,butyrophilin-like 3
BTRC,beta-transducin repeat containing
BUB1B,budding uninhibited by benzimidazoles 1 homolog beta (yeast)
BUB3,budding uninhibited by benzimidazoles 3 homolog (yeast)
BUD31,BUD31 homolog (S. cerevisiae)
BXDC2,brix domain containing 2
BXDC5,brix domain containing 5
BZRAP1,benzodiazapine receptor (peripheral) associated protein 1
BZW1,basic leucine zipper and W2 domains 1
BZW2,basic leucine zipper and W2 domains 2
C10orf10,chromosome 10 open reading frame 10
C10orf110,chromosome 10 open reading frame 110
C10orf116,chromosome 10 open reading frame 116
C10orf119,chromosome 10 open reading frame 119
C10orf137,chromosome 10 open reading frame 137
C10orf18,chromosome 10 open reading frame 18
C10orf2,chromosome 10 open reading frame 2
C10orf26,chromosome 10 open reading frame 26
C10orf57,chromosome 10 open reading frame 57
C10orf59,chromosome 10 open reading frame 59
C10orf72,chromosome 10 open reading frame 72
C10orf76,chromosome 10 open reading frame 76
C10orf88,chromosome 10 open reading frame 88
C10orf97,chromosome 10 open reading frame 97
C11orf10,chromosome 11 open reading frame 10
C11orf17,chromosome 11 open reading frame 17
C11orf2,chromosome 11 open reading frame2
C11orf20,chromosome 11 open reading frame 20
C11orf21,chromosome 11 open reading frame 21
C11orf24,chromosome 11 open reading frame 24
C11orf41,chromosome 11 open reading frame 41
C11orf48,chromosome 11 open reading frame 48
C11orf49,chromosome 11 open reading frame 49
C11orf51,chromosome 11 open reading frame 51
C11orf57,chromosome 11 open reading frame 57
C11orf58,chromosome 11 open reading frame 58
C11orf60,chromosome 11 open reading frame 60
C11orf61,chromosome 11 open reading frame 61
C11orf67,chromosome 11 open reading frame 67
C11orf68,chromosome 11 open reading frame 68
C11orf71,chromosome 11 open reading frame 71
C11orf73,chromosome 11 open reading frame 73
C11orf75,chromosome 11 open reading frame 75
C11orf9,chromosome 11 open reading frame 9
C12orf10,chromosome 12 open reading frame 10
C12orf11,chromosome 12 open reading frame 11
C12orf24,chromosome 12 open reading frame 24
C12orf29,chromosome 12 open reading frame 29
C12orf35,chromosome 12 open reading frame 35
C12orf4,chromosome 12 open reading frame 4
C12orf41,chromosome 12 open reading frame 41
C12orf43,chromosome 12 open reading frame 43
C12orf44,chromosome 12 open reading frame 44
C12orf47,chromosome 12 open reading frame 47
C12orf49,chromosome 12 open reading frame 49
C12orf5,chromosome 12 open reading frame 5
C12orf51,chromosome 12 open reading frame 51
C12orf52,chromosome 12 open reading frame 52
C13orf15,chromosome 13 open reading frame 15
C13orf18,chromosome 13 open reading frame 18 /// hypothetical LOC728970
C13orf23,chromosome 13 open reading frame 23
C13orf27,chromosome 13 open reading frame 27
C13orf34,chromosome 13 open reading frame 34
C14orf1,chromosome 14 open reading frame 1
C14orf101,chromosome 14 open reading frame 101
C14orf104,chromosome 14 open reading frame 104
C14orf105,chromosome 14 open reading frame 105
C14orf109,chromosome 14 open reading frame 109
C14orf132,chromosome 14 open reading frame 132
C14orf133,chromosome 14 open reading frame 133
C14orf135,chromosome 14 open reading frame 135 /// hypothetical protein LOC100130173
C14orf138,chromosome 14 open reading frame 138
C14orf139,chromosome 14 open reading frame 139
C14orf143,chromosome 14 open reading frame 143
C14orf147,chromosome 14 open reading frame 147
C14orf156,chromosome 14 open reading frame 156
C14orf159,chromosome 14 open reading frame 159
C14orf166,chromosome 14 open reading frame 166
C14orf169,chromosome 14 open reading frame 169
C14orf2,chromosome 14 open reading frame 2
C14orf45,chromosome 14 open reading frame 45
C14orf94,chromosome 14 open reading frame 94
C15orf15,chromosome 15 open reading frame 15
C15orf24,chromosome 15 open reading frame 24
C15orf29,chromosome 15 open reading frame 29
C15orf39,chromosome 15 open reading frame 39
C15orf44,chromosome 15 open reading frame 44
C16orf35,chromosome 16 open reading frame 35
C16orf42,chromosome 16 open reading frame 42
C16orf45,chromosome 16 open reading frame 45
C16orf5,chromosome 16 open reading frame 5
C16orf58,chromosome 16 open reading frame 58
C16orf61,chromosome 16 open reading frame 61
C16orf62,chromosome 16 open reading frame 62
C16orf68,chromosome 16 open reading frame 68
C16orf7,chromosome 16 open reading frame 7
C16orf80,chromosome 16 open reading frame 80
C16orf88,chromosome 16 open reading frame 88
C17orf101,chromosome 17 open reading frame 101
C17orf42,chromosome 17 open reading frame 42
C17orf62,chromosome 17 open reading frame 62
C17orf70,chromosome 17 open reading frame 70
C17orf71,chromosome 17 open reading frame 71
C17orf75,chromosome 17 open reading frame 75
C17orf81,chromosome 17 open reading frame 81
C17orf85,chromosome 17 open reading frame 85
C17orf86,chromosome 17 open reading frame 86
C17orf90,chromosome 17 open reading frame 90
C17orf91,chromosome 17 open reading frame 91
C18orf1,chromosome 18 open reading frame 1
C18orf10,chromosome 18 open reading frame 10
C18orf22,CDNA clone IMAGE:3904260
C18orf25,chromosome 18 open reading frame 25
C18orf8,chromosome 18 open reading frame 8
C19orf10,chromosome 19 open reading frame 10
C19orf2,chromosome 19 open reading frame 2
C19orf22,chromosome 19 open reading frame 22
C19orf24,chromosome 19 open reading frame 24
C19orf28,chromosome 19 open reading frame 28
C19orf29,chromosome 19 open reading frame 29
C19orf40,chromosome 19 open reading frame 40
C19orf42,chromosome 19 open reading frame 42
C19orf50,chromosome 19 open reading frame 50
C19orf53,chromosome 19 open reading frame 53
C19orf54,chromosome 19 open reading frame 54
C19orf56,chromosome 19 open reading frame 56
C19orf60,chromosome 19 open reading frame 60
C19orf62,chromosome 19 open reading frame 62
C19orf66,chromosome 19 open reading frame 66
C1D,nuclear DNA-binding protein
C1GALT1,"core 1 synthase, glycoprotein-N-acetylgalactosamine 3-beta-galactosyltransferase, 1"
C1GALT1C1,C1GALT1-specific chaperone 1
C1QA,"complement component 1, q subcomponent, A chain"
C1QB,"complement component 1, q subcomponent, B chain"
C1QBP,"complement component 1, q subcomponent binding protein"
C1QL1,"complement component 1, q subcomponent-like 1"
C1QTNF1,C1q and tumor necrosis factor related protein 1
C1R,"complement component 1, r subcomponent"
C1RL,"complement component 1, r subcomponent-like"
C1S,"complement component 1, s subcomponent"
C1orf103,chromosome 1 open reading frame 103
C1orf106,chromosome 1 open reading frame 106
C1orf107,chromosome 1 open reading frame 107
C1orf114,chromosome 1 open reading frame 114
C1orf115,chromosome 1 open reading frame 115
C1orf123,chromosome 1 open reading frame 123
C1orf144,chromosome 1 open reading frame 144
C1orf149,chromosome 1 open reading frame 149
C1orf156,chromosome 1 open reading frame 156
C1orf159,chromosome 1 open reading frame 159
C1orf174,chromosome 1 open reading frame 174
C1orf216,chromosome 1 open reading frame 216
C1orf25,chromosome 1 open reading frame 25
C1orf27,chromosome 1 open reading frame 27
C1orf35,chromosome 1 open reading frame 35
C1orf38,chromosome 1 open reading frame 38
C1orf50,chromosome 1 open reading frame 50
C1orf54,chromosome 1 open reading frame 54
C1orf61,chromosome 1 open reading frame 61
C1orf63,chromosome 1 open reading frame 63
C1orf77,chromosome 1 open reading frame 77
C1orf9,chromosome 1 open reading frame 9
C2,complement component 2 /// complement factor B
C20orf11,chromosome 20 open reading frame 11
C20orf111,chromosome 20 open reading frame 111
C20orf12,chromosome 20 open reading frame 12
C20orf149,chromosome 20 open reading frame 149
C20orf191,chromosome 20 open reading frame 191 /// similar to nuclear receptor co-repressor 1 /// nuclear receptor co-repressor 1
C20orf20,chromosome 20 open reading frame 20
C20orf24,chromosome 20 open reading frame 24
C20orf27,chromosome 20 open reading frame 27
C20orf29,chromosome 20 open reading frame 29
C20orf3,chromosome 20 open reading frame 3
C20orf30,chromosome 20 open reading frame 30
C20orf39,chromosome 20 open reading frame 39
C20orf4,chromosome 20 open reading frame 4
C20orf43,chromosome 20 open reading frame 43
C20orf59,chromosome 20 open reading frame 59
C21orf2,MRNA; candidate gene for APECED
C21orf33,chromosome 21 open reading frame 33
C21orf45,chromosome 21 open reading frame 45
C21orf59,chromosome 21 open reading frame 59
C21orf62,chromosome 21 open reading frame 62
C21orf66,chromosome 21 open reading frame 66
C21orf7,chromosome 21 open reading frame 7
C21orf77,chromosome 21 open reading frame 77
C22orf28,chromosome 22 open reading frame 28
C22orf30,chromosome 22 open reading frame 30
C22orf9,chromosome 22 open reading frame 9
C2CD2,C2 calcium-dependent domain containing 2
C2CD3,C2 calcium-dependent domain containing 3
C2orf18,chromosome 2 open reading frame 18
C2orf24,chromosome 2 open reading frame 24
C2orf28,chromosome 2 open reading frame 28
C2orf3,chromosome 2 open reading frame 3
C2orf42,chromosome 2 open reading frame 42
C2orf43,chromosome 2 open reading frame 43
C2orf44,chromosome 2 open reading frame 44
C2orf47,chromosome 2 open reading frame 47
C2orf54,chromosome 2 open reading frame 54
C2orf67,chromosome 2 open reading frame 67
C2orf68,chromosome 2 open reading frame 68
C3,complement component 3
C3AR1,complement component 3a receptor 1
C3orf14,chromosome 3 open reading frame 14
C3orf37,Clone 23837 mRNA sequence
C3orf52,chromosome 3 open reading frame 52
C3orf60,chromosome 3 open reading frame 60
C3orf63,chromosome 3 open reading frame 63
C3orf64,chromosome 3 open reading frame 64
C4A,complement component 4A (Rodgers blood group) /// complement component 4B (Chido blood group)
C4orf15,chromosome 4 open reading frame 15
C4orf16,chromosome 4 open reading frame 16
C4orf19,chromosome 4 open reading frame 19
C4orf27,chromosome 4 open reading frame 27
C4orf29,chromosome 4 open reading frame 29
C4orf30,chromosome 4 open reading frame 30
C4orf31,chromosome 4 open reading frame 31
C4orf41,chromosome 4 open reading frame 41
C4orf43,chromosome 4 open reading frame 43
C4orf46,chromosome 4 open reading frame 46 /// translocase of outer mitochondrial membrane 7 homolog (yeast)
C4orf8,chromosome 4 open reading frame 8
C5,complement component 5
C5AR1,complement component 5a receptor 1
C5orf13,chromosome 5 open reading frame 13
C5orf15,chromosome 5 open reading frame 15
C5orf22,chromosome 5 open reading frame 22
C5orf23,chromosome 5 open reading frame 23
C5orf28,chromosome 5 open reading frame 28
C5orf30,chromosome 5 open reading frame 30
C5orf4,chromosome 5 open reading frame 4
C5orf44,chromosome 5 open reading frame 44
C6orf105,chromosome 6 open reading frame 105
C6orf106,chromosome 6 open reading frame 106
C6orf108,chromosome 6 open reading frame 108
C6orf12,HcgVIII protein
C6orf120,chromosome 6 open reading frame 120
C6orf130,chromosome 6 open reading frame 130
C6orf145,chromosome 6 open reading frame 145
C6orf155,chromosome 6 open reading frame 155
C6orf162,chromosome 6 open reading frame 162
C6orf211,chromosome 6 open reading frame 211
C6orf47,chromosome 6 open reading frame 47
C6orf48,chromosome 6 open reading frame 48
C6orf62,chromosome 6 open reading frame 62
C6orf66,chromosome 6 open reading frame 66
C7,complement component 7
C7orf10,chromosome 7 open reading frame 10
C7orf23,chromosome 7 open reading frame 23
C7orf25,chromosome 7 open reading frame 25
C7orf26,chromosome 7 open reading frame 26
C7orf28A,chromosome 7 open reading frame 28A /// chromosome 7 open reading frame 28B /// similar to Chromosome 7 open reading frame 28B
C7orf42,chromosome 7 open reading frame 42
C7orf44,chromosome 7 open reading frame 44
C7orf49,chromosome 7 open reading frame 49
C7orf58,chromosome 7 open reading frame 58
C7orf64,chromosome 7 open reading frame 64
C8orf17,chromosome 8 open reading frame 17
C8orf30A,chromosome 8 open reading frame 30A
C8orf33,chromosome 8 open reading frame 33
C8orf4,chromosome 8 open reading frame 4
C8orf44,"chromosome 8 open reading frame 44 /// serum/glucocorticoid regulated kinase family, member 3"
C8orf84,chromosome 8 open reading frame 84
C9orf114,chromosome 9 open reading frame 114
C9orf116,chromosome 9 open reading frame 116
C9orf125,chromosome 9 open reading frame 125
C9orf156,chromosome 9 open reading frame 156
C9orf16,chromosome 9 open reading frame 16
C9orf167,chromosome 9 open reading frame 167
C9orf3,chromosome 9 open reading frame 3
C9orf33,chromosome 9 open reading frame 33
C9orf40,chromosome 9 open reading frame 40
C9orf46,chromosome 9 open reading frame 46
C9orf6,chromosome 9 open reading frame 6
C9orf61,chromosome 9 open reading frame 61
C9orf7,chromosome 9 open reading frame 7
C9orf78,chromosome 9 open reading frame 78
C9orf82,chromosome 9 open reading frame 82
C9orf9,chromosome 9 open reading frame 9
C9orf91,chromosome 9 open reading frame 91
C9orf95,chromosome 9 open reading frame 95
C9orf97,chromosome 9 open reading frame 97
CA1,carbonic anhydrase I
CA12,carbonic anhydrase XII
CA2,carbonic anhydrase II
CA4,carbonic anhydrase IV
CA9,carbonic anhydrase IX
CAB39,calcium binding protein 39
CABC1,"chaperone, ABC1 activity of bc1 complex homolog (S. pombe)"
CABIN1,calcineurin binding protein 1
CACNA1A,"calcium channel, voltage-dependent, P/Q type, alpha 1A subunit"
CACNA1D,"calcium channel, voltage-dependent, L type, alpha 1D subunit"
CACNA1I,"calcium channel, voltage-dependent, T type, alpha 1I subunit"
CACNB3,"calcium channel, voltage-dependent, beta 3 subunit"
CACYBP,calcyclin binding protein
CADM1,cell adhesion molecule 1
CADM3,cell adhesion molecule 3
CADPS2,Ca++-dependent secretion activator 2
CALB1,"calbindin 1, 28kDa"
CALB2,calbindin 2
CALCA,calcitonin-related polypeptide alpha
CALCOCO1,calcium binding and coiled-coil domain 1
CALCOCO2,calcium binding and coiled-coil domain 2
CALCRL,calcitonin receptor-like
CALD1,caldesmon 1
CALHM2,calcium homeostasis modulator 2
CALM1,"calmodulin 1 (phosphorylase kinase, delta) /// calmodulin 2 (phosphorylase kinase, delta) /// calmodulin 3 (phosphorylase kinase, delta)"
CALML3,calmodulin-like 3
CALML4,calmodulin-like 4
CALR,calreticulin
CALU,calumenin
CAMK1,calcium/calmodulin-dependent protein kinase I
CAMK1G,calcium/calmodulin-dependent protein kinase IG
CAMK2B,calcium/calmodulin-dependent protein kinase II beta
CAMK2G,calcium/calmodulin-dependent protein kinase II gamma
CAMK2N1,calcium/calmodulin-dependent protein kinase II inhibitor 1
CAMKK2,"calcium/calmodulin-dependent protein kinase kinase 2, beta"
CAMLG,calcium modulating ligand
CAMSAP1,calmodulin regulated spectrin-associated protein 1
CAMSAP1L1,calmodulin regulated spectrin-associated protein 1-like 1
CAMTA1,calmodulin binding transcription activator 1
CAMTA2,calmodulin binding transcription activator 2
CAND1,cullin-associated and neddylation-dissociated 1
CANT1,calcium activated nucleotidase 1
CANX,calnexin
CAP1,"CAP, adenylate cyclase-associated protein 1 (yeast)"
CAP2,"CAP, adenylate cyclase-associated protein, 2 (yeast)"
CAPG,"capping protein (actin filament), gelsolin-like"
CAPN1,"calpain 1, (mu/I) large subunit"
CAPN2,"calpain 2, (m/II) large subunit"
CAPN3,"calpain 3, (p94)"
CAPN5,calpain 5
CAPN7,calpain 7
CAPNS1,"calpain, small subunit 1"
CAPRIN1,cell cycle associated protein 1
CAPRIN2,caprin family member 2
CAPZA1,"capping protein (actin filament) muscle Z-line, alpha 1"
CAPZA2,"capping protein (actin filament) muscle Z-line, alpha 2"
CAPZB,"capping protein (actin filament) muscle Z-line, beta"
CARD10,"caspase recruitment domain family, member 10"
CARD8,"caspase recruitment domain family, member 8"
CARHSP1,"calcium regulated heat stable protein 1, 24kDa"
CARKD,carbohydrate kinase domain containing
CARM1,coactivator-associated arginine methyltransferase 1
CARS,cysteinyl-tRNA synthetase
CARS2,"cysteinyl-tRNA synthetase 2, mitochondrial (putative)"
CARTPT,CART prepropeptide
CASC1,cancer susceptibility candidate 1
CASC3,cancer susceptibility candidate 3
CASD1,CAS1 domain containing 1
CASK,calcium/calmodulin-dependent serine protein kinase (MAGUK family)
CASKIN2,CASK interacting protein 2
CASP1,"caspase 1, apoptosis-related cysteine peptidase (interleukin 1, beta, convertase)"
CASP10,"caspase 10, apoptosis-related cysteine peptidase"
CASP2,"caspase 2, apoptosis-related cysteine peptidase"
CASP3,"caspase 3, apoptosis-related cysteine peptidase"
CASP4,"caspase 4, apoptosis-related cysteine peptidase"
CASP6,"caspase 6, apoptosis-related cysteine peptidase"
CASP7,"caspase 7, apoptosis-related cysteine peptidase"
CASP8,"caspase 8, apoptosis-related cysteine peptidase"
CASP8AP2,caspase 8 associated protein 2
CASP9,"caspase 9, apoptosis-related cysteine peptidase"
CASQ1,"calsequestrin 1 (fast-twitch, skeletal muscle)"
CAST,calpastatin
CASZ1,castor zinc finger 1
CAT,catalase
CATSPER2,"cation channel, sperm associated 2 /// cation channel, sperm associated 2 pseudogene 1"
CAV1,"caveolin 1, caveolae protein, 22kDa"
CAV2,caveolin 2
CBARA1,calcium binding atopy-related autoantigen 1
CBFA2T2,"core-binding factor, runt domain, alpha subunit 2; translocated to, 2"
CBFB,"core-binding factor, beta subunit"
CBLB,Cas-Br-M (murine) ecotropic retroviral transforming sequence b
CBR1,carbonyl reductase 1
CBR4,carbonyl reductase 4
CBWD1,COBW domain containing 1 /// COBW domain containing 2 /// COBW domain containing 3 /// COBW domain containing 5 /// COBW domain containing 6 /// COBW domain containing 7 /// hypothetical protein LOC100132072 /// hypothetical protein LOC100133216
CBX1,chromobox homolog 1 (HP1 beta homolog Drosophila )
CBX3,"chromobox homolog 3 (HP1 gamma homolog, Drosophila) /// similar to chromobox homolog 3"
CBX5,"chromobox homolog 5 (HP1 alpha homolog, Drosophila)"
CBX6,chromobox homolog 6
CBX7,chromobox homolog 7
CBY1,chibby homolog 1 (Drosophila)
CC2D1A,coiled-coil and C2 domain containing 1A
CCBL1,"cysteine conjugate-beta lyase, cytoplasmic"
CCBL2,cysteine conjugate-beta lyase 2
CCDC101,coiled-coil domain containing 101
CCDC109B,coiled-coil domain containing 109B
CCDC121,coiled-coil domain containing 121
CCDC130,coiled-coil domain containing 130
CCDC15,coiled-coil domain containing 15
CCDC22,coiled-coil domain containing 22
CCDC25,coiled-coil domain containing 25
CCDC28A,coiled-coil domain containing 28A
CCDC40,coiled-coil domain containing 40
CCDC41,coiled-coil domain containing 41
CCDC44,coiled-coil domain containing 44
CCDC46,coiled-coil domain containing 46
CCDC47,coiled-coil domain containing 47
CCDC49,coiled-coil domain containing 49
CCDC51,coiled-coil domain containing 51
CCDC53,coiled-coil domain containing 53
CCDC56,coiled-coil domain containing 56
CCDC59,coiled-coil domain containing 59
CCDC6,coiled-coil domain containing 6
CCDC68,coiled-coil domain containing 68
CCDC69,coiled-coil domain containing 69
CCDC71,coiled-coil domain containing 71
CCDC72,coiled-coil domain containing 72
CCDC76,coiled-coil domain containing 76
CCDC85B,coiled-coil domain containing 85B
CCDC86,coiled-coil domain containing 86
CCDC9,coiled-coil domain containing 9
CCDC90A,coiled-coil domain containing 90A
CCDC90B,coiled-coil domain containing 90B
CCDC91,coiled-coil domain containing 91
CCDC92,coiled-coil domain containing 92
CCDC93,coiled-coil domain containing 93
CCHCR1,coiled-coil alpha-helical rod protein 1
CCL14,chemokine (C-C motif) ligand 14 /// chemokine (C-C motif) ligand 15
CCL18,chemokine (C-C motif) ligand 18 (pulmonary and activation-regulated)
CCL19,chemokine (C-C motif) ligand 19
CCL2,chemokine (C-C motif) ligand 2
CCL20,chemokine (C-C motif) ligand 20
CCL21,chemokine (C-C motif) ligand 21
CCL3,chemokine (C-C motif) ligand 3 /// chemokine (C-C motif) ligand 3-like 1 /// chemokine (C-C motif) ligand 3-like 3 /// similar to C-C motif chemokine 3-like 1 precursor (Small-inducible cytokine A3-like 1) (Tonsillar lymphocyte LD78 beta protein) (LD78-beta(1-70)) (G0/G1 switch regulatory protein 19-2) (G0S19-2 protein) (PAT 464.2)
CCL4,chemokine (C-C motif) ligand 4
CCL5,chemokine (C-C motif) ligand 5
CCL8,chemokine (C-C motif) ligand 8
CCNA2,cyclin A2
CCNB1,cyclin B1
CCNB1IP1,cyclin B1 interacting protein 1
CCNB2,cyclin B2
CCNC,cyclin C
CCND1,cyclin D1
CCND2,cyclin D2
CCND3,cyclin D3
CCNG1,cyclin G1
CCNG2,cyclin G2
CCNH,cyclin H
CCNI,cyclin I
CCNJ,cyclin J
CCNL1,cyclin L1
CCNT2,cyclin T2
CCPG1,cell cycle progression 1
CCR1,chemokine (C-C motif) receptor 1
CCR10,chemokine (C-C motif) receptor 10
CCR2,chemokine (C-C motif) receptor 2 /// chemokine (C-C motif) receptor 2-like
CCR7,chemokine (C-C motif) receptor 7
CCR9,chemokine (C-C motif) receptor 9
CCRK,cell cycle related kinase
CCRN4L,CCR4 carbon catabolite repression 4-like (S. cerevisiae)
CCS,copper chaperone for superoxide dismutase
CCT2,"chaperonin containing TCP1, subunit 2 (beta)"
CCT3,"chaperonin containing TCP1, subunit 3 (gamma)"
CCT4,"chaperonin containing TCP1, subunit 4 (delta)"
CCT5,"chaperonin containing TCP1, subunit 5 (epsilon)"
CCT6A,"chaperonin containing TCP1, subunit 6A (zeta 1)"
CCT6B,"chaperonin containing TCP1, subunit 6B (zeta 2)"
CCT7,"chaperonin containing TCP1, subunit 7 (eta)"
CCT8,"chaperonin containing TCP1, subunit 8 (theta)"
CD14,CD14 molecule
CD151,CD151 molecule (Raph blood group)
CD163,CD163 molecule
CD164,"CD164 molecule, sialomucin"
CD1D,CD1d molecule
CD2,CD2 molecule
CD200,CD200 molecule
CD209,CD209 molecule
CD226,CD226 molecule
CD24,CD24 molecule
CD248,"CD248 molecule, endosialin"
CD2AP,CD2-associated protein
CD2BP2,CD2 (cytoplasmic tail) binding protein 2
CD300A,CD300a molecule
CD302,CD302 molecule
CD320,CD320 molecule
CD34,CD34 molecule
CD36,CD36 molecule (thrombospondin receptor)
CD37,CD37 molecule
CD3D,"CD3d molecule, delta (CD3-TCR complex)"
CD3E,"CD3e molecule, epsilon (CD3-TCR complex)"
CD4,CD4 molecule
CD40,"CD40 molecule, TNF receptor superfamily member 5"
CD44,CD44 molecule (Indian blood group)
CD46,"CD46 molecule, complement regulatory protein"
CD47,CD47 molecule
CD48,CD48 molecule
CD52,CD52 molecule
CD53,CD53 molecule
CD55,"CD55 molecule, decay accelerating factor for complement (Cromer blood group)"
CD58,CD58 molecule
CD59,"CD59 molecule, complement regulatory protein"
CD63,CD63 molecule
CD68,"CD68 molecule /// eukaryotic translation initiation factor 4A, isoform 1"
CD69,CD69 molecule
CD70,CD70 molecule
CD74,"CD74 molecule, major histocompatibility complex, class II invariant chain"
CD80,CD80 molecule
CD81,CD81 molecule
CD83,CD83 molecule
CD84,CD84 molecule
CD86,CD86 molecule
CD8A,CD8a molecule
CD9,CD9 molecule
CD93,CD93 molecule
CD97,CD97 molecule
CD99,CD99 molecule
CDC123,cell division cycle 123 homolog (S. cerevisiae)
CDC14B,CDC14 cell division cycle 14 homolog B (S. cerevisiae)
CDC16,cell division cycle 16 homolog (S. cerevisiae)
CDC2,"cell division cycle 2, G1 to S and G2 to M"
CDC23,cell division cycle 23 homolog (S. cerevisiae)
CDC25B,cell division cycle 25 homolog B (S. pombe)
CDC27,"Nuc2 homolog [human, fibroblasts, mRNA, 3320 nt]"
CDC2L1,cell division cycle 2-like 1 (PITSLRE proteins) /// cell division cycle 2-like 2 (PITSLRE proteins)
CDC2L2,cell division cycle 2-like 2 (PITSLRE proteins)
CDC2L5,cell division cycle 2-like 5 (cholinesterase-related cell division controller)
CDC2L6,cell division cycle 2-like 6 (CDK8-like)
CDC34,cell division cycle 34 homolog (S. cerevisiae)
CDC37L1,cell division cycle 37 homolog (S. cerevisiae)-like 1
CDC40,cell division cycle 40 homolog (S. cerevisiae)
CDC42,"cell division cycle 42 (GTP binding protein, 25kDa)"
CDC42BPA,CDC42 binding protein kinase alpha (DMPK-like)
CDC42BPB,CDC42 binding protein kinase beta (DMPK-like)
CDC42EP1,CDC42 effector protein (Rho GTPase binding) 1
CDC42EP3,CDC42 effector protein (Rho GTPase binding) 3
CDC42EP4,CDC42 effector protein (Rho GTPase binding) 4
CDC42SE1,CDC42 small effector 1
CDC5L,CDC5 cell division cycle 5-like (S. pombe)
CDC6,cell division cycle 6 homolog (S. cerevisiae)
CDC73,"cell division cycle 73, Paf1/RNA polymerase II complex component, homolog (S. cerevisiae)"
CDCA4,cell division cycle associated 4
CDH1,"cadherin 1, type 1, E-cadherin (epithelial)"
CDH10,"cadherin 10, type 2 (T2-cadherin)"
CDH11,"cadherin 11, type 2, OB-cadherin (osteoblast)"
CDH13,"cadherin 13, H-cadherin (heart)"
CDH16,"cadherin 16, KSP-cadherin"
CDH2,"cadherin 2, type 1, N-cadherin (neuronal)"
CDH4,"cadherin 4, type 1, R-cadherin (retinal)"
CDH5,"cadherin 5, type 2 (vascular endothelium)"
CDH6,"cadherin 6, type 2, K-cadherin (fetal kidney)"
CDH9,"cadherin 9, type 2 (T1-cadherin)"
CDIPT,CDP-diacylglycerol--inositol 3-phosphatidyltransferase (phosphatidylinositol synthase)
CDK10,cyclin-dependent kinase 10
CDK2,cyclin-dependent kinase 2
CDK2AP1,cyclin-dependent kinase 2 associated protein 1
CDK2AP2,cyclin-dependent kinase 2 associated protein 2
CDK4,cyclin-dependent kinase 4
CDK5R1,"cyclin-dependent kinase 5, regulatory subunit 1 (p35)"
CDK5RAP1,CDK5 regulatory subunit associated protein 1
CDK5RAP3,CDK5 regulatory subunit associated protein 3
CDK7,cyclin-dependent kinase 7
CDK8,cyclin-dependent kinase 8
CDKN1A,"cyclin-dependent kinase inhibitor 1A (p21, Cip1)"
CDKN1B,"cyclin-dependent kinase inhibitor 1B (p27, Kip1)"
CDKN1C,"cyclin-dependent kinase inhibitor 1C (p57, Kip2)"
CDKN2AIP,CDKN2A interacting protein
CDKN2C,"cyclin-dependent kinase inhibitor 2C (p18, inhibits CDK4)"
CDR2,"cerebellar degeneration-related protein 2, 62kDa"
CDR2L,cerebellar degeneration-related protein 2-like
CDS1,CDP-diacylglycerol synthase (phosphatidate cytidylyltransferase) 1
CDS2,CDP-diacylglycerol synthase (phosphatidate cytidylyltransferase) 2
CDV3,CDV3 homolog (mouse)
CDYL,"chromodomain protein, Y-like"
CEACAM1,carcinoembryonic antigen-related cell adhesion molecule 1 (biliary glycoprotein)
CEACAM4,carcinoembryonic antigen-related cell adhesion molecule 4
CEACAM5,carcinoembryonic antigen-related cell adhesion molecule 5
CEACAM6,carcinoembryonic antigen-related cell adhesion molecule 6 (non-specific cross reacting antigen)
CEBPA,"CCAAT/enhancer binding protein (C/EBP), alpha"
CEBPB,"CCAAT/enhancer binding protein (C/EBP), beta"
CEBPD,"CCAAT/enhancer binding protein (C/EBP), delta"
CEBPG,"CCAAT/enhancer binding protein (C/EBP), gamma"
CEBPZ,"CCAAT/enhancer binding protein (C/EBP), zeta"
CECR1,"cat eye syndrome chromosome region, candidate 1"
CECR5,"cat eye syndrome chromosome region, candidate 5"
CELSR1,"cadherin, EGF LAG seven-pass G-type receptor 1 (flamingo homolog, Drosophila)"
CELSR2,"cadherin, EGF LAG seven-pass G-type receptor 2 (flamingo homolog, Drosophila)"
CELSR3,"cadherin, EGF LAG seven-pass G-type receptor 3 (flamingo homolog, Drosophila) /// solute carrier family 26, member 6"
CENPB,"centromere protein B, 80kDa"
CENPC1,centromere protein C 1
CENPF,"centromere protein F, 350/400ka (mitosin)"
CENPO,centromere protein O
CENPQ,centromere protein Q
CEP135,centrosomal protein 135kDa
CEP164,centrosomal protein 164kDa
CEP170,centrosomal protein 170kDa
CEP192,centrosomal protein 192kDa
CEP27,centrosomal protein 27kDa
CEP290,centrosomal protein 290kDa
CEP350,centrosomal protein 350kDa
CEP57,centrosomal protein 57kDa
CEP63,centrosomal protein 63kDa
CEP68,centrosomal protein 68kDa
CEP70,centrosomal protein 70kDa
CEP76,centrosomal protein 76kDa
CEPT1,choline/ethanolamine phosphotransferase 1
CERK,ceramide kinase
CES2,"carboxylesterase 2 (intestine, liver)"
CES3,carboxylesterase 3
CETN2,"centrin, EF-hand protein, 2"
CETN3,"centrin, EF-hand protein, 3 (CDC31 homolog, yeast)"
CFD,complement factor D (adipsin)
CFDP1,craniofacial development protein 1
CFH,complement factor H
CFHR2,complement factor H-related 2
CFI,complement factor I
CFL1,cofilin 1 (non-muscle)
CFLAR,CASP8 and FADD-like apoptosis regulator
CGGBP1,CGG triplet repeat binding protein 1
CGREF1,cell growth regulator with EF-hand domain 1
CGRRF1,cell growth regulator with ring finger domain 1
CHAF1A,"chromatin assembly factor 1, subunit A (p150)"
CHCHD2,coiled-coil-helix-coiled-coil-helix domain containing 2
CHCHD3,coiled-coil-helix-coiled-coil-helix domain containing 3
CHCHD7,coiled-coil-helix-coiled-coil-helix domain containing 7
CHCHD8,coiled-coil-helix-coiled-coil-helix domain containing 8
CHD1,chromodomain helicase DNA binding protein 1
CHD1L,chromodomain helicase DNA binding protein 1-like
CHD2,chromodomain helicase DNA binding protein 2
CHD3,chromodomain helicase DNA binding protein 3
CHD4,chromodomain helicase DNA binding protein 4
CHD7,chromodomain helicase DNA binding protein 7
CHD8,chromodomain helicase DNA binding protein 8
CHD9,chromodomain helicase DNA binding protein 9
CHEK1,CHK1 checkpoint homolog (S. pombe)
CHERP,calcium homeostasis endoplasmic reticulum protein
CHFR,checkpoint with forkhead and ring finger domains
CHGB,chromogranin B (secretogranin 1)
CHI3L1,chitinase 3-like 1 (cartilage glycoprotein-39)
CHI3L2,chitinase 3-like 2
CHIC2,cysteine-rich hydrophobic domain 2
CHKB,choline kinase beta
CHL1,cell adhesion molecule with homology to L1CAM (close homolog of L1)
CHMP1A,chromatin modifying protein 1A
CHMP1B,chromatin modifying protein 1B
CHMP2A,chromatin modifying protein 2A
CHMP2B,chromatin modifying protein 2B
CHMP4A,chromatin modifying protein 4A
CHMP5,chromatin modifying protein 5
CHMP6,chromatin modifying protein 6
CHMP7,"CHMP family, member 7"
CHN2,chimerin (chimaerin) 2
CHORDC1,cysteine and histidine-rich domain (CHORD)-containing 1
CHP,calcium binding protein P22
CHPF,chondroitin polymerizing factor
CHPT1,choline phosphotransferase 1
CHRDL1,chordin-like 1
CHRNA10,"cholinergic receptor, nicotinic, alpha 10"
CHRNA5,"cholinergic receptor, nicotinic, alpha 5"
CHRNA6,"cholinergic receptor, nicotinic, alpha 6"
CHRNB3,"cholinergic receptor, nicotinic, beta 3"
CHRNE,"cholinergic receptor, nicotinic, epsilon"
CHST1,carbohydrate (keratan sulfate Gal-6) sulfotransferase 1
CHST10,carbohydrate sulfotransferase 10
CHST12,carbohydrate (chondroitin 4) sulfotransferase 12
CHST2,carbohydrate (N-acetylglucosamine-6-O) sulfotransferase 2
CHST3,carbohydrate (chondroitin 6) sulfotransferase 3
CHST4,carbohydrate (N-acetylglucosamine 6-O) sulfotransferase 4
CHSY1,chondroitin sulfate synthase 1
CHUK,conserved helix-loop-helix ubiquitous kinase
CIAO1,cytosolic iron-sulfur protein assembly 1 homolog (S. cerevisiae)
CIAPIN1,cytokine induced apoptosis inhibitor 1
CIB1,calcium and integrin binding 1 (calmyrin)
CIB2,calcium and integrin binding family member 2
CIC,capicua homolog (Drosophila)
CIDEB,cell death-inducing DFFA-like effector b
CIDEC,cell death-inducing DFFA-like effector c
CINP,cyclin-dependent kinase 2-interacting protein
CIR,CBF1 interacting corepressor
CIRBP,cold inducible RNA binding protein
CISD1,CDGSH iron sulfur domain 1
CISH,cytokine inducible SH2-containing protein
CIT,"citron (rho-interacting, serine/threonine kinase 21)"
CITED2,"Cbp/p300-interacting transactivator, with Glu/Asp-rich carboxy-terminal domain, 2"
CIZ1,CDKN1A interacting zinc finger protein 1
CKAP2,"Immunoglobulin (mAb59) light chain V region mRNA, partial sequence"
CKAP4,cytoskeleton-associated protein 4
CKAP5,cytoskeleton associated protein 5
CKB,"creatine kinase, brain"
CKLF,chemokine-like factor
CKMT1A,"creatine kinase, mitochondrial 1A /// creatine kinase, mitochondrial 1B /// similar to Creatine kinase, ubiquitous mitochondrial precursor (U-MtCK) (Mia-CK) (Acidic-type mitochondrial creatine kinase)"
CKMT2,"creatine kinase, mitochondrial 2 (sarcomeric)"
CKS1B,CDC28 protein kinase regulatory subunit 1B
CKS2,CDC28 protein kinase regulatory subunit 2
CLASP1,cytoplasmic linker associated protein 1
CLASP2,cytoplasmic linker associated protein 2
CLCA2,chloride channel regulator 2
CLCC1,chloride channel CLIC-like 1
CLCF1,cardiotrophin-like cytokine factor 1
CLCN3,chloride channel 3
CLCN5,chloride channel 5
CLCN7,chloride channel 7
CLCNKA,chloride channel Ka /// chloride channel Kb
CLCNKB,chloride channel Kb
CLDN10,claudin 10
CLDN18,claudin 18
CLDN3,claudin 3
CLDN4,claudin 4
CLDN5,claudin 5
CLDN8,claudin 8
CLDND1,claudin domain containing 1
CLEC10A,"C-type lectin domain family 10, member A"
CLEC11A,"C-type lectin domain family 11, member A"
CLEC16A,"C-type lectin domain family 16, member A"
CLEC1A,"C-type lectin domain family 1, member A"
CLEC2B,"C-type lectin domain family 2, member B"
CLEC2D,"C-type lectin domain family 2, member D"
CLEC3B,"C-type lectin domain family 3, member B"
CLEC4A,"C-type lectin domain family 4, member A"
CLEC7A,"C-type lectin domain family 7, member A"
CLIC1,chloride intracellular channel 1
CLIC2,chloride intracellular channel 2
CLIC4,chloride intracellular channel 4
CLIC5,chloride intracellular channel 5
CLINT1,clathrin interactor 1
CLIP1,CAP-GLY domain containing linker protein 1
CLIP2,CAP-GLY domain containing linker protein 2
CLK1,CDC-like kinase 1
CLK3,CDC-like kinase 3
CLK4,CDC-like kinase 4
CLMN,"calmin (calponin-like, transmembrane)"
CLN3,"ceroid-lipofuscinosis, neuronal 3"
CLN5,"ceroid-lipofuscinosis, neuronal 5"
CLNS1A,"chloride channel, nucleotide-sensitive, 1A"
CLOCK,clock homolog (mouse)
CLP1,"CLP1, cleavage and polyadenylation factor I subunit, homolog (S. cerevisiae)"
CLPP,"ClpP caseinolytic peptidase, ATP-dependent, proteolytic subunit homolog (E. coli)"
CLPTM1,cleft lip and palate associated transmembrane protein 1
CLPX,ClpX caseinolytic peptidase X homolog (E. coli)
CLSTN1,calsyntenin 1
CLSTN3,calsyntenin 3
CLTA,"clathrin, light chain (Lca)"
CLTB,"clathrin, light chain (Lcb)"
CLTC,"clathrin, heavy chain (Hc)"
CLU,clusterin
CLUAP1,clusterin associated protein 1
CLUL1,clusterin-like 1 (retinal)
CMAH,cytidine monophosphate-N-acetylneuraminic acid hydroxylase (CMP-N-acetylneuraminate monooxygenase) pseudogene
CMAS,cytidine monophosphate N-acetylneuraminic acid synthetase
CMKLR1,chemokine-like receptor 1
CMPK1,"cytidine monophosphate (UMP-CMP) kinase 1, cytosolic"
CMTM6,CKLF-like MARVEL transmembrane domain containing 6
CNBP,"CCHC-type zinc finger, nucleic acid binding protein"
CNDP2,CNDP dipeptidase 2 (metallopeptidase M20 family)
CNIH,cornichon homolog (Drosophila)
CNIH4,cornichon homolog 4 (Drosophila)
CNKSR1,connector enhancer of kinase suppressor of Ras 1
CNN1,"calponin 1, basic, smooth muscle"
CNN3,"calponin 3, acidic"
CNNM1,cyclin M1
CNNM2,cyclin M2
CNNM3,cyclin M3
CNOT1,"CCR4-NOT transcription complex, subunit 1"
CNOT2,"CCR4-NOT transcription complex, subunit 2"
CNOT3,"CCR4-NOT transcription complex, subunit 3"
CNOT4,"CCR4-NOT transcription complex, subunit 4"
CNOT6,"CCR4-NOT transcription complex, subunit 6"
CNOT7,"CCR4-NOT transcription complex, subunit 7"
CNOT8,"CCR4-NOT transcription complex, subunit 8"
CNP,"2',3'-cyclic nucleotide 3' phosphodiesterase"
CNPY2,canopy 2 homolog (zebrafish)
CNPY3,canopy 3 homolog (zebrafish)
CNR1,cannabinoid receptor 1 (brain)
CNR2,cannabinoid receptor 2 (macrophage)
COASY,Coenzyme A synthase
COBLL1,COBL-like 1
COBRA1,cofactor of BRCA1
COCH,"coagulation factor C homolog, cochlin (Limulus polyphemus)"
COG2,component of oligomeric golgi complex 2
COG4,component of oligomeric golgi complex 4
COG5,component of oligomeric golgi complex 5
COG8,component of oligomeric golgi complex 8 /// peptide deformylase (mitochondrial)
COIL,coilin
COL11A2,"collagen, type XI, alpha 2"
COL14A1,"collagen, type XIV, alpha 1"
COL15A1,"collagen, type XV, alpha 1"
COL16A1,"collagen, type XVI, alpha 1"
COL18A1,"collagen, type XVIII, alpha 1"
COL1A1,"collagen, type I, alpha 1"
COL1A2,"collagen, type I, alpha 2"
COL21A1,"collagen, type XXI, alpha 1"
COL3A1,"collagen, type III, alpha 1"
COL4A1,"collagen, type IV, alpha 1"
COL4A2,"collagen, type IV, alpha 2"
COL4A3,"collagen, type IV, alpha 3 (Goodpasture antigen)"
COL4A5,"collagen, type IV, alpha 5"
COL5A1,"collagen, type V, alpha 1"
COL5A2,"collagen, type V, alpha 2"
COL5A3,"collagen, type V, alpha 3"
COL6A1,"collagen, type VI, alpha 1"
COL6A2,"collagen, type VI, alpha 2"
COL6A3,"collagen, type VI, alpha 3"
COL8A2,"collagen, type VIII, alpha 2"
COL9A2,"collagen, type IX, alpha 2"
COLEC11,collectin sub-family member 11
COLEC12,collectin sub-family member 12
COMMD10,COMM domain containing 10
COMMD3,COMM domain containing 3
COMMD4,COMM domain containing 4
COMMD8,COMM domain containing 8
COMMD9,COMM domain containing 9
COMT,catechol-O-methyltransferase
COPA,"coatomer protein complex, subunit alpha"
COPB1,"coatomer protein complex, subunit beta 1"
COPB2,"coatomer protein complex, subunit beta 2 (beta prime)"
COPE,"coatomer protein complex, subunit epsilon"
COPG,"coatomer protein complex, subunit gamma"
COPG2IT1,"coatomer protein complex, subunit gamma 2, intronic transcript 1"
COPS2,COP9 constitutive photomorphogenic homolog subunit 2 (Arabidopsis)
COPS3,COP9 constitutive photomorphogenic homolog subunit 3 (Arabidopsis)
COPS4,COP9 constitutive photomorphogenic homolog subunit 4 (Arabidopsis)
COPS5,COP9 constitutive photomorphogenic homolog subunit 5 (Arabidopsis)
COPS6,COP9 constitutive photomorphogenic homolog subunit 6 (Arabidopsis)
COPS7A,COP9 constitutive photomorphogenic homolog subunit 7A (Arabidopsis)
COPS8,COP9 constitutive photomorphogenic homolog subunit 8 (Arabidopsis)
COPZ1,"coatomer protein complex, subunit zeta 1"
COQ10B,coenzyme Q10 homolog B (S. cerevisiae)
COQ2,"coenzyme Q2 homolog, prenyltransferase (yeast)"
COQ3,"coenzyme Q3 homolog, methyltransferase (S. cerevisiae)"
COQ4,coenzyme Q4 homolog (S. cerevisiae)
COQ7,"coenzyme Q7 homolog, ubiquinone (yeast)"
COQ9,coenzyme Q9 homolog (S. cerevisiae)
CORO1A,"coronin, actin binding protein, 1A"
CORO1B,"coronin, actin binding protein, 1B"
CORO1C,"coronin, actin binding protein, 1C"
COTL1,coactosin-like 1 (Dictyostelium)
COX10,"COX10 homolog, cytochrome c oxidase assembly protein, heme A: farnesyltransferase (yeast)"
COX11,"COX11 homolog, cytochrome c oxidase assembly protein (yeast)"
COX15,"COX15 homolog, cytochrome c oxidase assembly protein (yeast)"
COX16,COX16 cytochrome c oxidase assembly homolog (S. cerevisiae)
COX17,COX17 cytochrome c oxidase assembly homolog (S. cerevisiae)
COX4I1,cytochrome c oxidase subunit IV isoform 1
COX4NB,COX4 neighbor
COX5A,cytochrome c oxidase subunit Va
COX5B,cytochrome c oxidase subunit Vb
COX6A1,cytochrome c oxidase subunit VIa polypeptide 1
COX6A2,cytochrome c oxidase subunit VIa polypeptide 2
COX6B1,cytochrome c oxidase subunit Vib polypeptide 1 (ubiquitous)
COX6C,cytochrome c oxidase subunit VIc
COX7A1,cytochrome c oxidase subunit VIIa polypeptide 1 (muscle)
COX7A2,cytochrome c oxidase subunit VIIa polypeptide 2 (liver)
COX7A2L,cytochrome c oxidase subunit VIIa polypeptide 2 like
COX7B,cytochrome c oxidase subunit VIIb
COX7C,cytochrome c oxidase subunit VIIc
COX8A,cytochrome c oxidase subunit 8A (ubiquitous)
CP,ceruloplasmin (ferroxidase)
CP110,CP110 protein
CPA2,carboxypeptidase A2 (pancreatic)
CPA3,carboxypeptidase A3 (mast cell)
CPD,carboxypeptidase D
CPE,carboxypeptidase E
CPEB3,cytoplasmic polyadenylation element binding protein 3
CPM,carboxypeptidase M
CPNE1,copine I
CPNE3,copine III
CPOX,coproporphyrinogen oxidase
CPS1,"carbamoyl-phosphate synthetase 1, mitochondrial"
CPSF1,"cleavage and polyadenylation specific factor 1, 160kDa"
CPSF3L,cleavage and polyadenylation specific factor 3-like
CPSF4,"cleavage and polyadenylation specific factor 4, 30kDa"
CPSF6,"cleavage and polyadenylation specific factor 6, 68kDa"
CPT1A,carnitine palmitoyltransferase 1A (liver)
CPT2,carnitine palmitoyltransferase II
CPVL,"carboxypeptidase, vitellogenic-like"
CR1,complement component (3b/4b) receptor 1 (Knops blood group)
CR2,complement component (3d/Epstein Barr virus) receptor 2
CRABP1,cellular retinoic acid binding protein 1
CRADD,CASP2 and RIPK1 domain containing adaptor with death domain
CRAT,carnitine acetyltransferase
CRBN,cereblon
CRCP,CGRP receptor component
CREB1,cAMP responsive element binding protein 1
CREB3,cAMP responsive element binding protein 3
CREB3L2,cAMP responsive element binding protein 3-like 2
CREB5,cAMP responsive element binding protein 5
CREBBP,CREB binding protein
CREBL2,cAMP responsive element binding protein-like 2
CREBZF,CREB/ATF bZIP transcription factor
CREG1,cellular repressor of E1A-stimulated genes 1
CRELD1,cysteine-rich with EGF-like domains 1
CRELD2,cysteine-rich with EGF-like domains 2
CREM,cAMP responsive element modulator
CRHBP,corticotropin releasing hormone binding protein
CRIM1,cysteine rich transmembrane BMP regulator 1 (chordin-like)
CRIP1,cysteine-rich protein 1 (intestinal)
CRIP2,cysteine-rich protein 2
CRIPT,cysteine-rich PDZ-binding protein
CRISPLD2,cysteine-rich secretory protein LCCL domain containing 2
CRK,v-crk sarcoma virus CT10 oncogene homolog (avian)
CRKL,v-crk sarcoma virus CT10 oncogene homolog (avian)-like
CRKRS,"Cdc2-related kinase, arginine/serine-rich"
CRLF3,cytokine receptor-like factor 3
CRNKL1,crooked neck pre-mRNA splicing factor-like 1 (Drosophila)
CROCC,"ciliary rootlet coiled-coil, rootletin"
CROCCL1,"ciliary rootlet coiled-coil, rootletin-like 1"
CROP,cisplatin resistance-associated overexpressed protein
CROT,carnitine O-octanoyltransferase
CRTAP,cartilage associated protein
CRTC3,CREB regulated transcription coactivator 3
CRY1,cryptochrome 1 (photolyase-like)
CRYAA,"crystallin, alpha A"
CRYAB,"crystallin, alpha B"
CRYBG3,beta-gamma crystallin domain containing 3
CRYL1,"crystallin, lambda 1"
CRYM,"crystallin, mu"
CRYZ,"crystallin, zeta (quinone reductase)"
CRYZL1,"crystallin, zeta (quinone reductase)-like 1"
CS,citrate synthase
CSAD,cysteine sulfinic acid decarboxylase
CSDA,cold shock domain protein A
CSDC2,"cold shock domain containing C2, RNA binding"
CSDE1,"cold shock domain containing E1, RNA-binding"
CSE1L,CSE1 chromosome segregation 1-like (yeast)
CSF1,colony stimulating factor 1 (macrophage)
CSF1R,colony stimulating factor 1 receptor
CSF2RB,"colony stimulating factor 2 receptor, beta, low-affinity (granulocyte-macrophage)"
CSGALNACT1,chondroitin sulfate N-acetylgalactosaminyltransferase 1
CSGALNACT2,chondroitin sulfate N-acetylgalactosaminyltransferase 2
CSK,c-src tyrosine kinase
CSN2,casein beta
CSNK1A1,"casein kinase 1, alpha 1"
CSNK1D,"casein kinase 1, delta"
CSNK1E,"casein kinase 1, epsilon"
CSNK1G1,"casein kinase 1, gamma 1"
CSNK1G2,"casein kinase 1, gamma 2"
CSNK1G3,"casein kinase 1, gamma 3"
CSNK2A1,"casein kinase 2, alpha 1 polypeptide"
CSNK2A2,"casein kinase 2, alpha prime polypeptide"
CSNK2B,"casein kinase 2, beta polypeptide /// lymphocyte antigen 6 complex, locus G5B"
CSPG4,chondroitin sulfate proteoglycan 4
CSPG5,chondroitin sulfate proteoglycan 5 (neuroglycan C)
CSPP1,centrosome and spindle pole associated protein 1
CSRNP2,cysteine-serine-rich nuclear protein 2
CSRP1,cysteine and glycine-rich protein 1
CSRP2,cysteine and glycine-rich protein 2
CST3,cystatin C
CSTA,cystatin A (stefin A)
CSTB,cystatin B (stefin B)
CSTF1,"cleavage stimulation factor, 3' pre-RNA, subunit 1, 50kDa"
CSTF2,"cleavage stimulation factor, 3' pre-RNA, subunit 2, 64kDa"
CSTF2T,"cleavage stimulation factor, 3' pre-RNA, subunit 2, 64kDa, tau variant"
CSTF3,"cleavage stimulation factor, 3' pre-RNA, subunit 3, 77kDa"
CTAGE1,cutaneous T-cell lymphoma-associated antigen 1
CTAGE4,"CTAGE family, member 4 /// CTAGE family member /// similar to CTAGE6"
CTAGE5,"CTAGE family, member 5"
CTBP1,C-terminal binding protein 1
CTBP2,C-terminal binding protein 2
CTBS,"chitobiase, di-N-acetyl-"
CTCF,CCCTC-binding factor (zinc finger protein)
CTCFL,CCCTC-binding factor (zinc finger protein)-like /// high-mobility group box 1 /// high-mobility group box 1-like 1 /// high-mobility group box 1-like 10 /// similar to hCG26831
CTDP1,"CTD (carboxy-terminal domain, RNA polymerase II, polypeptide A) phosphatase, subunit 1"
CTDSP1,"CTD (carboxy-terminal domain, RNA polymerase II, polypeptide A) small phosphatase 1"
CTDSP2,"CTD (carboxy-terminal domain, RNA polymerase II, polypeptide A) small phosphatase 2"
CTDSPL,"CTD (carboxy-terminal domain, RNA polymerase II, polypeptide A) small phosphatase-like"
CTGF,connective tissue growth factor
CTH,cystathionase (cystathionine gamma-lyase)
CTNNA1,"catenin (cadherin-associated protein), alpha 1, 102kDa"
CTNNAL1,"catenin (cadherin-associated protein), alpha-like 1"
CTNNB1,"catenin (cadherin-associated protein), beta 1, 88kDa"
CTNNBIP1,"catenin, beta interacting protein 1"
CTNNBL1,"catenin, beta like 1"
CTNND1,"catenin (cadherin-associated protein), delta 1"
CTNS,"cystinosis, nephropathic"
CTPS,CTP synthase
CTPS2,CTP synthase II
CTR9,"Ctr9, Paf1/RNA polymerase II complex component, homolog (S. cerevisiae)"
CTRL,chymotrypsin-like
CTSA,cathepsin A
CTSB,cathepsin B
CTSC,cathepsin C
CTSD,cathepsin D
CTSE,cathepsin E
CTSF,cathepsin F
CTSH,cathepsin H
CTSK,cathepsin K
CTSL1,cathepsin L1
CTSL2,cathepsin L2
CTSO,cathepsin O
CTSS,cathepsin S
CTSZ,cathepsin Z
CTTN,cortactin
CTTNBP2NL,CTTNBP2 N-terminal like
CUBN,cubilin (intrinsic factor-cobalamin receptor)
CUEDC2,CUE domain containing 2
CUGBP1,"CUG triplet repeat, RNA binding protein 1"
CUGBP2,"CUG triplet repeat, RNA binding protein 2"
CUL1,cullin 1
CUL2,cullin 2
CUL3,cullin 3
CUL4A,cullin 4A
CUL4B,cullin 4B
CUL5,cullin 5
CUL7,cullin 7
CUL9,cullin 9
CUTA,cutA divalent cation tolerance homolog (E. coli)
CUTC,cutC copper transporter homolog (E. coli)
CUX1,cut-like homeobox 1
CX3CL1,chemokine (C-X3-C motif) ligand 1
CX3CR1,chemokine (C-X3-C motif) receptor 1
CXADR,coxsackie virus and adenovirus receptor
CXCL1,"chemokine (C-X-C motif) ligand 1 (melanoma growth stimulating activity, alpha)"
CXCL10,chemokine (C-X-C motif) ligand 10
CXCL11,chemokine (C-X-C motif) ligand 11
CXCL12,chemokine (C-X-C motif) ligand 12 (stromal cell-derived factor 1)
CXCL14,chemokine (C-X-C motif) ligand 14
CXCL2,chemokine (C-X-C motif) ligand 2
CXCL5,chemokine (C-X-C motif) ligand 5
CXCL6,chemokine (C-X-C motif) ligand 6 (granulocyte chemotactic protein 2)
CXCL9,chemokine (C-X-C motif) ligand 9
CXCR4,chemokine (C-X-C motif) receptor 4
CXCR7,chemokine (C-X-C motif) receptor 7
CXXC1,CXXC finger 1 (PHD domain)
CXorf21,chromosome X open reading frame 21
CXorf40A,chromosome X open reading frame 40A /// chromosome X open reading frame 40B
CXorf56,chromosome X open reading frame 56
CYB561,cytochrome b-561
CYB561D2,cytochrome b-561 domain containing 2
CYB5A,cytochrome b5 type A (microsomal)
CYB5B,cytochrome b5 type B (outer mitochondrial membrane)
CYB5R1,cytochrome b5 reductase 1
CYB5R3,cytochrome b5 reductase 3
CYB5R4,cytochrome b5 reductase 4
CYBA,"cytochrome b-245, alpha polypeptide"
CYBB,"cytochrome b-245, beta polypeptide"
CYC1,cytochrome c-1
CYCS,"cytochrome c, somatic"
CYFIP1,cytoplasmic FMR1 interacting protein 1
CYFIP2,cytoplasmic FMR1 interacting protein 2
CYHR1,cysteine/histidine-rich 1
CYLC1,"cylicin, basic protein of sperm head cytoskeleton 1"
CYLC2,"cylicin, basic protein of sperm head cytoskeleton 2"
CYLD,cylindromatosis (turban tumor syndrome)
CYP11B1,"cytochrome P450, family 11, subfamily B, polypeptide 1"
CYP17A1,"cytochrome P450, family 17, subfamily A, polypeptide 1"
CYP1A2,"cytochrome P450, family 1, subfamily A, polypeptide 2"
CYP1B1,"cytochrome P450, family 1, subfamily B, polypeptide 1"
CYP24A1,"cytochrome P450, family 24, subfamily A, polypeptide 1"
CYP26B1,"cytochrome P450, family 26, subfamily B, polypeptide 1"
CYP27A1,"cytochrome P450, family 27, subfamily A, polypeptide 1"
CYP27B1,"cytochrome P450, family 27, subfamily B, polypeptide 1"
CYP2A6,"cytochrome P450, family 2, subfamily A, polypeptide 6"
CYP2B6,"cytochrome P450, family 2, subfamily B, polypeptide 6 /// cytochrome P450, family 2, subfamily B, polypeptide 7 pseudogene 1"
CYP2C8,"cytochrome P450, family 2, subfamily C, polypeptide 8"
CYP2C9,"Putative CYPC2C9 gene [human, liver, mRNA, 1814 nt]"
CYP2E1,"cytochrome P450, family 2, subfamily E, polypeptide 1"
CYP2J2,"cytochrome P450, family 2, subfamily J, polypeptide 2"
CYP39A1,"cytochrome P450, family 39, subfamily A, polypeptide 1"
CYP3A4,"cytochrome P450, family 3, subfamily A, polypeptide 4"
CYP3A43,"cytochrome P450, family 3, subfamily A, polypeptide 43"
CYP3A5,"cytochrome P450, family 3, subfamily A, polypeptide 5"
CYP3A7,"cytochrome P450, family 3, subfamily A, polypeptide 7"
CYP4A11,"cytochrome P450, family 4, subfamily A, polypeptide 11"
CYP4A22,"cytochrome P450, family 4, subfamily A, polypeptide 22"
CYP4F2,"cytochrome P450, family 4, subfamily F, polypeptide 2 /// cytochrome P450, family 4, subfamily F, polypeptide 3"
CYP4F3,"cytochrome P450, family 4, subfamily F, polypeptide 3"
CYP51A1,"cytochrome P450, family 51, subfamily A, polypeptide 1"
CYP7B1,"cytochrome P450, family 7, subfamily B, polypeptide 1"
CYR61,"cysteine-rich, angiogenic inducer, 61"
CYSLTR1,cysteinyl leukotriene receptor 1
CYTH1,cytohesin 1
CYTH2,cytohesin 2
CYTH4,cytohesin 4
CYTIP,cytohesin 1 interacting protein
CYTSA,cytospin A
CYorf15B,chromosome Y open reading frame 15B
D4S234E,DNA segment on chromosome 4 (unique) 234 expressed sequence /// G protein pathway suppressor 2
DAAM1,dishevelled associated activator of morphogenesis 1
DAAM2,dishevelled associated activator of morphogenesis 2
DAB2,"disabled homolog 2, mitogen-responsive phosphoprotein (Drosophila)"
DACH1,dachshund homolog 1 (Drosophila)
DACT1,"dapper, antagonist of beta-catenin, homolog 1 (Xenopus laevis)"
DAD1,defender against cell death 1
DAG1,dystroglycan 1 (dystrophin-associated glycoprotein 1)
DAK,dihydroxyacetone kinase 2 homolog (S. cerevisiae)
DALRD3,DALR anticodon binding domain containing 3
DAO,D-amino-acid oxidase
DAP,death-associated protein
DAP3,death associated protein 3
DAPK1,death-associated protein kinase 1
DAPK3,death-associated protein kinase 3
DAPP1,dual adaptor of phosphotyrosine and 3-phosphoinositides
DARC,"Duffy blood group, chemokine receptor"
DARS,aspartyl-tRNA synthetase
DARS2,"aspartyl-tRNA synthetase 2, mitochondrial"
DAXX,death-domain associated protein
DAZAP1,DAZ associated protein 1
DAZAP2,DAZ associated protein 2
DBC1,deleted in bladder cancer 1
DBF4,DBF4 homolog (S. cerevisiae)
DBI,"diazepam binding inhibitor (GABA receptor modulator, acyl-Coenzyme A binding protein)"
DBN1,drebrin 1
DBNDD2,dysbindin (dystrobrevin binding protein 1) domain containing 2 /// SYS1-DBNDD2 readthrough transcript
DBP,D site of albumin promoter (albumin D-box) binding protein
DBT,dihydrolipoamide branched chain transacylase E2
DCBLD2,"discoidin, CUB and LCCL domain containing 2"
DCHS1,dachsous 1 (Drosophila)
DCI,"dodecenoyl-Coenzyme A delta isomerase (3,2 trans-enoyl-Coenzyme A isomerase)"
DCK,deoxycytidine kinase
DCLK1,doublecortin-like kinase 1
DCLRE1C,"DNA cross-link repair 1C (PSO2 homolog, S. cerevisiae)"
DCN,decorin
DCP1A,DCP1 decapping enzyme homolog A (S. cerevisiae)
DCP2,DCP2 decapping enzyme homolog (S. cerevisiae)
DCPS,"decapping enzyme, scavenger"
DCT,"dopachrome tautomerase (dopachrome delta-isomerase, tyrosine-related protein 2)"
DCTD,dCMP deaminase
DCTN1,"dynactin 1 (p150, glued homolog, Drosophila)"
DCTN2,dynactin 2 (p50)
DCTN3,dynactin 3 (p22)
DCTN4,dynactin 4 (p62)
DCTN5,dynactin 5 (p25)
DCTN6,dynactin 6
DCTPP1,dCTP pyrophosphatase 1
DCUN1D1,"DCN1, defective in cullin neddylation 1, domain containing 1 (S. cerevisiae)"
DCUN1D2,"DCN1, defective in cullin neddylation 1, domain containing 2 (S. cerevisiae)"
DCUN1D4,"DCN1, defective in cullin neddylation 1, domain containing 4 (S. cerevisiae)"
DCXR,dicarbonyl/L-xylulose reductase
DDAH1,dimethylarginine dimethylaminohydrolase 1
DDAH2,dimethylarginine dimethylaminohydrolase 2
DDB1,"damage-specific DNA binding protein 1, 127kDa"
DDB2,"damage-specific DNA binding protein 2, 48kDa"
DDC,dopa decarboxylase (aromatic L-amino acid decarboxylase)
DDEF1IT1,DDEF1 intronic transcript 1 (non-protein coding)
DDHD2,DDHD domain containing 2
DDIT3,DNA-damage-inducible transcript 3
DDIT4,DNA-damage-inducible transcript 4
DDO,D-aspartate oxidase
DDOST,dolichyl-diphosphooligosaccharide-protein glycosyltransferase
DDR1,discoidin domain receptor tyrosine kinase 1
DDR2,discoidin domain receptor tyrosine kinase 2
DDRGK1,DDRGK domain containing 1
DDT,D-dopachrome tautomerase
DDX1,DEAD (Asp-Glu-Ala-Asp) box polypeptide 1
DDX10,DEAD (Asp-Glu-Ala-Asp) box polypeptide 10
DDX11,"DEAD/H (Asp-Glu-Ala-Asp/His) box polypeptide 11 (CHL1-like helicase homolog, S. cerevisiae)"
DDX17,DEAD (Asp-Glu-Ala-Asp) box polypeptide 17
DDX18,DEAD (Asp-Glu-Ala-Asp) box polypeptide 18
DDX19A,DEAD (Asp-Glu-Ala-As) box polypeptide 19A /// DEAD (Asp-Glu-Ala-As) box polypeptide 19B
DDX21,DEAD (Asp-Glu-Ala-Asp) box polypeptide 21
DDX23,DEAD (Asp-Glu-Ala-Asp) box polypeptide 23
DDX24,DEAD (Asp-Glu-Ala-Asp) box polypeptide 24
DDX27,DEAD (Asp-Glu-Ala-Asp) box polypeptide 27
DDX28,DEAD (Asp-Glu-Ala-Asp) box polypeptide 28
DDX39,DEAD (Asp-Glu-Ala-Asp) box polypeptide 39
DDX3X,"DEAD (Asp-Glu-Ala-Asp) box polypeptide 3, X-linked"
DDX3Y,"DEAD (Asp-Glu-Ala-Asp) box polypeptide 3, Y-linked"
DDX41,DEAD (Asp-Glu-Ala-Asp) box polypeptide 41
DDX42,DEAD (Asp-Glu-Ala-Asp) box polypeptide 42
DDX46,DEAD (Asp-Glu-Ala-Asp) box polypeptide 46
DDX47,DEAD (Asp-Glu-Ala-Asp) box polypeptide 47
DDX49,DEAD (Asp-Glu-Ala-Asp) box polypeptide 49
DDX5,DEAD (Asp-Glu-Ala-Asp) box polypeptide 5
DDX50,DEAD (Asp-Glu-Ala-Asp) box polypeptide 50
DDX52,DEAD (Asp-Glu-Ala-Asp) box polypeptide 52
DDX54,DEAD (Asp-Glu-Ala-Asp) box polypeptide 54
DDX56,DEAD (Asp-Glu-Ala-Asp) box polypeptide 56
DDX6,DEAD (Asp-Glu-Ala-Asp) box polypeptide 6
DDX60,DEAD (Asp-Glu-Ala-Asp) box polypeptide 60
DECR1,"2,4-dienoyl CoA reductase 1, mitochondrial"
DECR2,"2,4-dienoyl CoA reductase 2, peroxisomal"
DEDD,death effector domain containing
DEFB1,"defensin, beta 1"
DEGS1,"degenerative spermatocyte homolog 1, lipid desaturase (Drosophila)"
DEK,DEK oncogene
DENND1B,DENN/MADD domain containing 1B
DENND1C,DENN/MADD domain containing 1C
DENND2D,DENN/MADD domain containing 2D
DENND3,DENN/MADD domain containing 3
DENND4A,DENN/MADD domain containing 4A
DENND4B,DENN/MADD domain containing 4B
DENND4C,DENN/MADD domain containing 4C
DENND5A,DENN/MADD domain containing 5A
DENR,density-regulated protein
DEPDC6,DEP domain containing 6
DERA,2-deoxyribose-5-phosphate aldolase homolog (C. elegans)
DERL1,"Der1-like domain family, member 1"
DERL2,"Der1-like domain family, member 2"
DET1,de-etiolated homolog 1 (Arabidopsis)
DEXI,dexamethasone-induced transcript
DFFA,"DNA fragmentation factor, 45kDa, alpha polypeptide"
DFFB,"DNA fragmentation factor, 40kDa, beta polypeptide (caspase-activated DNase)"
DFNA5,"deafness, autosomal dominant 5"
DGCR14,DiGeorge syndrome critical region gene 14
DGCR2,DiGeorge syndrome critical region gene 2
DGCR5,DiGeorge syndrome critical region gene 5 (non-protein coding)
DGCR6,DiGeorge syndrome critical region gene 6 /// DiGeorge syndrome critical region gene 6-like
DGCR8,DiGeorge syndrome critical region gene 8
DGKA,"diacylglycerol kinase, alpha 80kDa"
DGKD,"diacylglycerol kinase, delta 130kDa"
DGKI,"diacylglycerol kinase, iota"
DGKZ,"diacylglycerol kinase, zeta 104kDa"
DGUOK,deoxyguanosine kinase
DHCR24,24-dehydrocholesterol reductase
DHCR7,7-dehydrocholesterol reductase
DHDDS,dehydrodolichyl diphosphate synthase
DHFR,dihydrofolate reductase
DHODH,dihydroorotate dehydrogenase
DHPS,deoxyhypusine synthase
DHRS1,dehydrogenase/reductase (SDR family) member 1
DHRS11,dehydrogenase/reductase (SDR family) member 11
DHRS12,dehydrogenase/reductase (SDR family) member 12
DHRS3,dehydrogenase/reductase (SDR family) member 3
DHRS4,dehydrogenase/reductase (SDR family) member 4 /// dehydrogenase/reductase (SDR family) member 4 like 2
DHRS7,dehydrogenase/reductase (SDR family) member 7
DHRS7B,dehydrogenase/reductase (SDR family) member 7B
DHRS9,dehydrogenase/reductase (SDR family) member 9
DHTKD1,dehydrogenase E1 and transketolase domain containing 1
DHX15,DEAH (Asp-Glu-Ala-His) box polypeptide 15
DHX16,DEAH (Asp-Glu-Ala-His) box polypeptide 16
DHX29,DEAH (Asp-Glu-Ala-His) box polypeptide 29
DHX30,DEAH (Asp-Glu-Ala-His) box polypeptide 30
DHX32,DEAH (Asp-Glu-Ala-His) box polypeptide 32
DHX38,DEAH (Asp-Glu-Ala-His) box polypeptide 38
DHX40,DEAH (Asp-Glu-Ala-His) box polypeptide 40
DHX9,DEAH (Asp-Glu-Ala-His) box polypeptide 9
DIABLO,diablo homolog (Drosophila)
DIAPH1,diaphanous homolog 1 (Drosophila)
DIAPH2,diaphanous homolog 2 (Drosophila)
DICER1,"dicer 1, ribonuclease type III"
DIDO1,death inducer-obliterator 1
DIMT1L,DIM1 dimethyladenosine transferase 1-like (S. cerevisiae)
DIO1,"deiodinase, iodothyronine, type I"
DIO2,"deiodinase, iodothyronine, type II"
DIP2A,DIP2 disco-interacting protein 2 homolog A (Drosophila)
DIP2C,DIP2 disco-interacting protein 2 homolog C (Drosophila)
DIRAS2,"DIRAS family, GTP-binding RAS-like 2"
DIRAS3,"DIRAS family, GTP-binding RAS-like 3"
DIS3,DIS3 mitotic control homolog (S. cerevisiae)
DIXDC1,DIX domain containing 1
DKC1,"dyskeratosis congenita 1, dyskerin"
DKFZP564O0823,DKFZP564O0823 protein
DKFZP586I1420,hypothetical protein DKFZp586I1420
DKFZp434H1419,hypothetical protein DKFZp434H1419
DKFZp547G183,hypothetical LOC55525
DKFZp686O1327,EST clone 251800 mariner transposon Hsmar1 sequence
DKK1,dickkopf homolog 1 (Xenopus laevis)
DKK3,dickkopf homolog 3 (Xenopus laevis)
DLAT,dihydrolipoamide S-acetyltransferase
DLC1,deleted in liver cancer 1
DLD,dihydrolipoamide dehydrogenase
DLEU1,deleted in lymphocytic leukemia 1 (non-protein coding)
DLEU2,deleted in lymphocytic leukemia 2 (non-protein coding) /// deleted in lymphocytic leukemia 2-like
DLG1,"discs, large homolog 1 (Drosophila)"
DLG3,"discs, large homolog 3 (Drosophila)"
DLG5,"discs, large homolog 5 (Drosophila)"
DLGAP4,"discs, large (Drosophila) homolog-associated protein 4"
DLST,dihydrolipoamide S-succinyltransferase (E2 component of 2-oxo-glutarate complex) /// dihydrolipoamide S-succinyltransferase pseudogene (E2 component of 2-oxo-glutarate complex)
DLX4,distal-less homeobox 4
DMBT1,deleted in malignant brain tumors 1
DMC1,"DMC1 dosage suppressor of mck1 homolog, meiosis-specific homologous recombination (yeast)"
DMD,dystrophin
DMPK,Myotonin protein kinase (DM) mRNA
DMTF1,cyclin D binding myb-like transcription factor 1
DMWD,"dystrophia myotonica, WD repeat containing"
DMXL1,Dmx-like 1
DMXL2,Dmx-like 2
DNA2,DNA replication helicase 2 homolog (yeast)
DNAH3,"dynein, axonemal, heavy chain 3"
DNAH7,"dynein, axonemal, heavy chain 7"
DNAH9,"dynein, axonemal, heavy chain 9"
DNAJA1,HDJ2 protein
DNAJA2,"DnaJ (Hsp40) homolog, subfamily A, member 2"
DNAJA3,"DnaJ (Hsp40) homolog, subfamily A, member 3"
DNAJB1,"DnaJ (Hsp40) homolog, subfamily B, member 1"
DNAJB12,"DnaJ (Hsp40) homolog, subfamily B, member 12"
DNAJB14,"DnaJ (Hsp40) homolog, subfamily B, member 14"
DNAJB2,"DnaJ (Hsp40) homolog, subfamily B, member 2"
DNAJB4,"DnaJ (Hsp40) homolog, subfamily B, member 4"
DNAJB5,"DnaJ (Hsp40) homolog, subfamily B, member 5"
DNAJB6,"DnaJ (Hsp40) homolog, subfamily B, member 6"
DNAJB9,"DnaJ (Hsp40) homolog, subfamily B, member 9"
DNAJC1,"DnaJ (Hsp40) homolog, subfamily C, member 1"
DNAJC10,"DnaJ (Hsp40) homolog, subfamily C, member 10"
DNAJC11,"DnaJ (Hsp40) homolog, subfamily C, member 11"
DNAJC12,"DnaJ (Hsp40) homolog, subfamily C, member 12"
DNAJC13,"DnaJ (Hsp40) homolog, subfamily C, member 13"
DNAJC15,"DnaJ (Hsp40) homolog, subfamily C, member 15"
DNAJC16,"DnaJ (Hsp40) homolog, subfamily C, member 16"
DNAJC2,"DnaJ (Hsp40) homolog, subfamily C, member 2"
DNAJC22,"DnaJ (Hsp40) homolog, subfamily C, member 22"
DNAJC24,"DnaJ (Hsp40) homolog, subfamily C, member 24"
DNAJC4,"DnaJ (Hsp40) homolog, subfamily C, member 4"
DNAJC6,"DnaJ (Hsp40) homolog, subfamily C, member 6"
DNAJC7,"DnaJ (Hsp40) homolog, subfamily C, member 7"
DNAJC8,"DnaJ (Hsp40) homolog, subfamily C, member 8"
DNAJC9,"DnaJ (Hsp40) homolog, subfamily C, member 9"
DNAL4,"dynein, axonemal, light chain 4"
DNASE1L1,deoxyribonuclease I-like 1
DNASE1L3,deoxyribonuclease I-like 3
DND1,dead end homolog 1 (zebrafish)
DNM1,dynamin 1
DNM1L,dynamin 1-like
DNM2,dynamin 2
DNM3,dynamin 3
DNMBP,dynamin binding protein
DNMT1,DNA (cytosine-5-)-methyltransferase 1
DNMT3L,DNA (cytosine-5-)-methyltransferase 3-like
DNPEP,aspartyl aminopeptidase
DNTTIP2,"deoxynucleotidyltransferase, terminal, interacting protein 2"
DOC2A,"double C2-like domains, alpha"
DOCK1,dedicator of cytokinesis 1
DOCK2,dedicator of cytokinesis 2
DOCK4,dedicator of cytokinesis 4
DOCK6,dedicator of cytokinesis 6
DOCK9,dedicator of cytokinesis 9
DOHH,deoxyhypusine hydroxylase/monooxygenase
DOK1,"docking protein 1, 62kDa (downstream of tyrosine kinase 1)"
DOK2,"docking protein 2, 56kDa"
DOK4,docking protein 4
DOK5,docking protein 5
DOLK,dolichol kinase
DOLPP1,dolichyl pyrophosphate phosphatase 1
DONSON,downstream neighbor of SON
DOPEY1,dopey family member 1
DPAGT1,dolichyl-phosphate (UDP-N-acetylglucosamine) N-acetylglucosaminephosphotransferase 1 (GlcNAc-1-P transferase)
DPEP1,dipeptidase 1 (renal)
DPF2,"D4, zinc and double PHD fingers family 2"
DPF3,"D4, zinc and double PHD fingers, family 3"
DPH1,DPH1 homolog (S. cerevisiae) /// candidate tumor suppressor in ovarian cancer 2
DPM1,"dolichyl-phosphate mannosyltransferase polypeptide 1, catalytic subunit"
DPM2,"dolichyl-phosphate mannosyltransferase polypeptide 2, regulatory subunit"
DPM3,dolichyl-phosphate mannosyltransferase polypeptide 3
DPP4,dipeptidyl-peptidase 4
DPP6,dipeptidyl-peptidase 6
DPP8,dipeptidyl-peptidase 8
DPT,dermatopontin
DPY19L1,dpy-19-like 1 (C. elegans)
DPY19L2P2,dpy-19-like 2 pseudogene 2 (C. elegans)
DPY19L4,dpy-19-like 4 (C. elegans)
DPYD,dihydropyrimidine dehydrogenase
DPYS,dihydropyrimidinase
DPYSL2,dihydropyrimidinase-like 2
DPYSL3,dihydropyrimidinase-like 3
DR1,"down-regulator of transcription 1, TBP-binding (negative cofactor 2)"
DRAM,damage-regulated autophagy modulator
DRAP1,DR1-associated protein 1 (negative cofactor 2 alpha)
DRD2,dopamine receptor D2
DRD5,dopamine receptor D5
DRG1,developmentally regulated GTP binding protein 1
DSC2,desmocollin 2
DSC3,desmocollin 3
DSCR3,Down syndrome critical region gene 3
DSE,dermatan sulfate epimerase
DSG2,desmoglein 2
DSN1,"DSN1, MIND kinetochore complex component, homolog (S. cerevisiae)"
DSP,desmoplakin
DSPP,dentin sialophosphoprotein
DST,dystonin
DSTN,destrin (actin depolymerizing factor)
DSTYK,dual serine/threonine and tyrosine protein kinase
DTL,denticleless homolog (Drosophila)
DTNA,"dystrobrevin, alpha"
DTX4,deltex 4 homolog (Drosophila)
DTYMK,deoxythymidylate kinase (thymidylate kinase) /// similar to Deoxythymidylate kinase (thymidylate kinase)
DULLARD,dullard homolog (Xenopus laevis)
DUS1L,dihydrouridine synthase 1-like (S. cerevisiae)
DUS2L,"dihydrouridine synthase 2-like, SMM1 homolog (S. cerevisiae)"
DUSP1,dual specificity phosphatase 1
DUSP10,dual specificity phosphatase 10
DUSP11,dual specificity phosphatase 11 (RNA/RNP complex 1-interacting)
DUSP12,dual specificity phosphatase 12
DUSP14,dual specificity phosphatase 14
DUSP22,dual specificity phosphatase 22
DUSP3,dual specificity phosphatase 3
DUSP5,dual specificity phosphatase 5
DUSP6,dual specificity phosphatase 6
DUSP8,dual specificity phosphatase 8
DUSP9,dual specificity phosphatase 9
DUT,deoxyuridine triphosphatase
DVL1,"dishevelled, dsh homolog 1 (Drosophila) /// hypothetical LOC642469"
DVL2,"dishevelled, dsh homolog 2 (Drosophila)"
DVL3,"dishevelled, dsh homolog 3 (Drosophila)"
DXS542,X-linked retinopathy protein-like
DYM,dymeclin
DYNC1H1,"dynein, cytoplasmic 1, heavy chain 1"
DYNC1I2,"dynein, cytoplasmic 1, intermediate chain 2"
DYNC1LI1,"dynein, cytoplasmic 1, light intermediate chain 1"
DYNC1LI2,"dynein, cytoplasmic 1, light intermediate chain 2"
DYNC2H1,"dynein, cytoplasmic 2, heavy chain 1"
DYNC2LI1,"dynein, cytoplasmic 2, light intermediate chain 1"
DYNLL1,"dynein, light chain, LC8-type 1"
DYNLRB1,"dynein, light chain, roadblock-type 1"
DYNLT1,"dynein, light chain, Tctex-type 1"
DYNLT3,"dynein, light chain, Tctex-type 3"
DYRK1A,dual-specificity tyrosine-(Y)-phosphorylation regulated kinase 1A
DYRK2,dual-specificity tyrosine-(Y)-phosphorylation regulated kinase 2
DYRK4,dual-specificity tyrosine-(Y)-phosphorylation regulated kinase 4
DYSF,"dysferlin, limb girdle muscular dystrophy 2B (autosomal recessive)"
DZIP1,DAZ interacting protein 1
DZIP3,"DAZ interacting protein 3, zinc finger"
E2F1,E2F transcription factor 1
E2F3,E2F transcription factor 3
E4F1,E4F transcription factor 1
EAF2,ELL associated factor 2
EAPP,E2F-associated phosphoprotein
EBAG9,"estrogen receptor binding site associated, antigen, 9"
EBNA1BP2,EBNA1 binding protein 2
EBP,emopamil binding protein (sterol isomerase)
ECD,ecdysoneless homolog (Drosophila)
ECE1,endothelin converting enzyme 1
ECH1,"enoyl Coenzyme A hydratase 1, peroxisomal"
ECHDC1,enoyl Coenzyme A hydratase domain containing 1
ECHDC2,enoyl Coenzyme A hydratase domain containing 2
ECHDC3,enoyl Coenzyme A hydratase domain containing 3
ECHS1,"enoyl Coenzyme A hydratase, short chain, 1, mitochondrial"
ECM1,extracellular matrix protein 1
ECM2,"extracellular matrix protein 2, female organ and adipocyte specific"
ECOP,EGFR-coamplified and overexpressed protein
ECSIT,ECSIT homolog (Drosophila)
ECT2,epithelial cell transforming sequence 2 oncogene
EDA,ectodysplasin A
EDAR,ectodysplasin A receptor
EDC4,enhancer of mRNA decapping 4
EDEM1,"ER degradation enhancer, mannosidase alpha-like 1"
EDEM2,"ER degradation enhancer, mannosidase alpha-like 2"
EDEM3,"ER degradation enhancer, mannosidase alpha-like 3"
EDF1,endothelial differentiation-related factor 1
EDIL3,EGF-like repeats and discoidin I-like domains 3
EDN1,endothelin 1
EDNRA,endothelin receptor type A
EDNRB,endothelin receptor type B
EEA1,early endosome antigen 1
EED,embryonic ectoderm development
EEF1A1,eukaryotic translation elongation factor 1 alpha 1
EEF1A2,eukaryotic translation elongation factor 1 alpha 2
EEF1B2,eukaryotic translation elongation factor 1 beta 2
EEF1D,eukaryotic translation elongation factor 1 delta (guanine nucleotide exchange protein)
EEF1E1,eukaryotic translation elongation factor 1 epsilon 1
EEF1G,eukaryotic translation elongation factor 1 gamma
EEF2,eukaryotic translation elongation factor 2
EFEMP1,EGF-containing fibulin-like extracellular matrix protein 1
EFEMP2,EGF-containing fibulin-like extracellular matrix protein 2
EFHA1,"EF-hand domain family, member A1"
EFHC1,EF-hand domain (C-terminal) containing 1
EFHC2,EF-hand domain (C-terminal) containing 2
EFHD1,"EF-hand domain family, member D1"
EFHD2,"EF-hand domain family, member D2"
EFNA1,ephrin-A1
EFNA5,ephrin-A5
EFNB2,ephrin-B2
EFR3A,EFR3 homolog A (S. cerevisiae)
EFTUD1,elongation factor Tu GTP binding domain containing 1
EGF,epidermal growth factor (beta-urogastrone)
EGFL6,"EGF-like-domain, multiple 6"
EGFL7,"EGF-like-domain, multiple 7"
EGFR,"epidermal growth factor receptor (erythroblastic leukemia viral (v-erb-b) oncogene homolog, avian)"
EGLN1,egl nine homolog 1 (C. elegans)
EGLN2,egl nine homolog 2 (C. elegans)
EGLN3,egl nine homolog 3 (C. elegans)
EGO,eosinophil granule ontogeny
EGR1,early growth response 1
EGR3,early growth response 3
EHBP1,EH domain binding protein 1
EHD1,EH-domain containing 1
EHD2,EH-domain containing 2
EHD3,EH-domain containing 3
EHD4,EH-domain containing 4
EHHADH,"enoyl-Coenzyme A, hydratase/3-hydroxyacyl Coenzyme A dehydrogenase"
EHMT2,euchromatic histone-lysine N-methyltransferase 2
EI24,etoposide induced 2.4 mRNA
EID1,EP300 interacting inhibitor of differentiation 1
EIF1,eukaryotic translation initiation factor 1
EIF1AP1,"eukaryotic translation initiation factor 1A pseudogene 1 /// eukaryotic translation initiation factor 1A, X-linked"
EIF1AX,"eukaryotic translation initiation factor 1A, X-linked"
EIF1AY,"eukaryotic translation initiation factor 1A, Y-linked"
EIF1B,eukaryotic translation initiation factor 1B
EIF2AK1,eukaryotic translation initiation factor 2-alpha kinase 1
EIF2AK2,eukaryotic translation initiation factor 2-alpha kinase 2
EIF2AK3,eukaryotic translation initiation factor 2-alpha kinase 3
EIF2B1,"eukaryotic translation initiation factor 2B, subunit 1 alpha, 26kDa"
EIF2B2,"eukaryotic translation initiation factor 2B, subunit 2 beta, 39kDa"
EIF2B3,"eukaryotic translation initiation factor 2B, subunit 3 gamma, 58kDa"
EIF2B4,"eukaryotic translation initiation factor 2B, subunit 4 delta, 67kDa"
EIF2B5,"eukaryotic translation initiation factor 2B, subunit 5 epsilon, 82kDa"
EIF2C1,"eukaryotic translation initiation factor 2C, 1"
EIF2C2,"Eukaryotic translation initiation factor 2C, 2 (EIF2C2), mRNA"
EIF2C3,"eukaryotic translation initiation factor 2C, 3 /// eukaryotic translation initiation factor 2C, 4"
EIF2S1,"eukaryotic translation initiation factor 2, subunit 1 alpha, 35kDa"
EIF2S2,"eukaryotic translation initiation factor 2, subunit 2 beta, 38kDa"
EIF3A,"eukaryotic translation initiation factor 3, subunit A"
EIF3B,"eukaryotic translation initiation factor 3, subunit B"
EIF3C,"eukaryotic translation initiation factor 3, subunit C /// eukaryotic translation initiation factor 3, subunit C-like"
EIF3D,"eukaryotic translation initiation factor 3, subunit D"
EIF3E,"eukaryotic translation initiation factor 3, subunit E"
EIF3F,"eukaryotic translation initiation factor 3, subunit F"
EIF3G,"eukaryotic translation initiation factor 3, subunit G"
EIF3H,"eukaryotic translation initiation factor 3, subunit H"
EIF3I,"eukaryotic translation initiation factor 3, subunit I"
EIF3J,"eukaryotic translation initiation factor 3, subunit J"
EIF3K,"eukaryotic translation initiation factor 3, subunit K"
EIF3L,"eukaryotic translation initiation factor 3, subunit L"
EIF3M,"eukaryotic translation initiation factor 3, subunit M"
EIF4A1,"eukaryotic translation initiation factor 4A, isoform 1"
EIF4A2,"eukaryotic translation initiation factor 4A, isoform 2"
EIF4A3,"eukaryotic translation initiation factor 4A, isoform 3"
EIF4B,eukaryotic translation initiation factor 4B
EIF4E,eukaryotic translation initiation factor 4E
EIF4E2,eukaryotic translation initiation factor 4E family member 2
EIF4EBP1,eukaryotic translation initiation factor 4E binding protein 1
EIF4EBP2,eukaryotic translation initiation factor 4E binding protein 2
EIF4ENIF1,eukaryotic translation initiation factor 4E nuclear import factor 1
EIF4G1,"eukaryotic translation initiation factor 4 gamma, 1"
EIF4G2,"eukaryotic translation initiation factor 4 gamma, 2"
EIF4G3,"eukaryotic translation initiation factor 4 gamma, 3"
EIF4H,eukaryotic translation initiation factor 4H
EIF5,eukaryotic translation initiation factor 5
EIF5A,eukaryotic translation initiation factor 5A
EIF5B,eukaryotic translation initiation factor 5B
EIF6,eukaryotic translation initiation factor 6
ELAC1,elaC homolog 1 (E. coli)
ELAC2,elaC homolog 2 (E. coli)
ELAVL1,"ELAV (embryonic lethal, abnormal vision, Drosophila)-like 1 (Hu antigen R)"
ELF1,E74-like factor 1 (ets domain transcription factor)
ELF2,E74-like factor 2 (ets domain transcription factor)
ELF3,"E74-like factor 3 (ets domain transcription factor, epithelial-specific )"
ELF4,E74-like factor 4 (ets domain transcription factor)
ELK3,"ELK3, ETS-domain protein (SRF accessory protein 2)"
ELL3,elongation factor RNA polymerase II-like 3
ELMO1,engulfment and cell motility 1
ELMO2,engulfment and cell motility 2
ELMO3,engulfment and cell motility 3
ELOVL1,"elongation of very long chain fatty acids (FEN1/Elo2, SUR4/Elo3, yeast)-like 1"
ELOVL5,"ELOVL family member 5, elongation of long chain fatty acids (FEN1/Elo2, SUR4/Elo3-like, yeast)"
ELOVL6,"ELOVL family member 6, elongation of long chain fatty acids (FEN1/Elo2, SUR4/Elo3-like, yeast)"
ELP4,elongation protein 4 homolog (S. cerevisiae)
ELTD1,"EGF, latrophilin and seven transmembrane domain containing 1"
EMCN,endomucin
EMD,emerin
EMG1,EMG1 nucleolar protein homolog (S. cerevisiae)
EML1,echinoderm microtubule associated protein like 1
EML2,echinoderm microtubule associated protein like 2
EML3,echinoderm microtubule associated protein like 3
EML4,echinoderm microtubule associated protein like 4
EMP1,epithelial membrane protein 1
EMP2,epithelial membrane protein 2
EMP3,epithelial membrane protein 3
EMR2,"egf-like module containing, mucin-like, hormone receptor-like 2"
EMX1,empty spiracles homeobox 1
EMX2,empty spiracles homeobox 2
ENAH,enabled homolog (Drosophila)
ENC1,ectodermal-neural cortex (with BTB-like domain)
ENDOD1,endonuclease domain containing 1
ENG,endoglin
ENO1,"enolase 1, (alpha)"
ENO2,"enolase 2 (gamma, neuronal)"
ENOPH1,enolase-phosphatase 1
ENOSF1,enolase superfamily member 1
ENOX1,ecto-NOX disulfide-thiol exchanger 1
ENOX2,ecto-NOX disulfide-thiol exchanger 2
ENPEP,glutamyl aminopeptidase (aminopeptidase A)
ENPP1,ectonucleotide pyrophosphatase/phosphodiesterase 1
ENPP2,ectonucleotide pyrophosphatase/phosphodiesterase 2
ENPP4,ectonucleotide pyrophosphatase/phosphodiesterase 4 (putative function)
ENSA,endosulfine alpha
ENTPD1,ectonucleoside triphosphate diphosphohydrolase 1
ENTPD4,ectonucleoside triphosphate diphosphohydrolase 4 /// lysyl oxidase-like 2
ENTPD5,ectonucleoside triphosphate diphosphohydrolase 5
ENY2,enhancer of yellow 2 homolog (Drosophila)
EP300,E1A binding protein p300
EPAS1,endothelial PAS domain protein 1
EPB41L1,erythrocyte membrane protein band 4.1-like 1
EPB41L2,erythrocyte membrane protein band 4.1-like 2
EPB41L3,erythrocyte membrane protein band 4.1-like 3
EPB41L4B,erythrocyte membrane protein band 4.1 like 4B
EPB49,erythrocyte membrane protein band 4.9 (dematin)
EPCAM,epithelial cell adhesion molecule
EPHA2,EPH receptor A2
EPHA3,EPH receptor A3
EPHA5,EPH receptor A5
EPHA7,EPH receptor A7
EPHB2,EPH receptor B2
EPHB4,EPH receptor B4
EPHB6,EPH receptor B6
EPHX1,"epoxide hydrolase 1, microsomal (xenobiotic)"
EPHX2,"epoxide hydrolase 2, cytoplasmic"
EPM2A,"epilepsy, progressive myoclonus type 2A, Lafora disease (laforin)"
EPM2AIP1,EPM2A (laforin) interacting protein 1
EPN2,epsin 2
EPOR,erythropoietin receptor
EPRS,glutamyl-prolyl-tRNA synthetase
EPS15,epidermal growth factor receptor pathway substrate 15
EPS15L1,epidermal growth factor receptor pathway substrate 15-like 1
EPS8,epidermal growth factor receptor pathway substrate 8
EPS8L2,EPS8-like 2
ERAL1,Era G-protein-like 1 (E. coli)
ERAP1,endoplasmic reticulum aminopeptidase 1
ERAP2,endoplasmic reticulum aminopeptidase 2
ERBB2,"v-erb-b2 erythroblastic leukemia viral oncogene homolog 2, neuro/glioblastoma derived oncogene homolog (avian)"
ERBB2IP,erbb2 interacting protein
ERBB3,v-erb-b2 erythroblastic leukemia viral oncogene homolog 3 (avian)
ERBB4,v-erb-a erythroblastic leukemia viral oncogene homolog 4 (avian)
ERC1,ELKS/RAB6-interacting/CAST family member 1
ERCC1,"excision repair cross-complementing rodent repair deficiency, complementation group 1 (includes overlapping antisense sequence)"
ERCC3,"excision repair cross-complementing rodent repair deficiency, complementation group 3 (xeroderma pigmentosum group B complementing)"
ERCC5,"excision repair cross-complementing rodent repair deficiency, complementation group 5"
ERCC6,"excision repair cross-complementing rodent repair deficiency, complementation group 6"
ERCC8,"excision repair cross-complementing rodent repair deficiency, complementation group 8 /// guanine nucleotide binding protein-like 3 (nucleolar)-like pseudogene"
ERF,Ets2 repressor factor
ERG,v-ets erythroblastosis virus E26 oncogene homolog (avian)
ERGIC2,ERGIC and golgi 2
ERGIC3,ERGIC and golgi 3
ERH,enhancer of rudimentary homolog (Drosophila)
ERI2,exoribonuclease 2
ERI3,exoribonuclease 3
ERLIN1,ER lipid raft associated 1
ERLIN2,ER lipid raft associated 2
ERO1L,ERO1-like (S. cerevisiae)
ERP29,endoplasmic reticulum protein 29
ESD,esterase D/formylglutathione hydrolase
ESF1,"ESF1, nucleolar pre-rRNA processing protein, homolog (S. cerevisiae)"
ESM1,endothelial cell-specific molecule 1
ESPL1,extra spindle pole bodies homolog 1 (S. cerevisiae)
ESR1,estrogen receptor 1
ESRRA,estrogen-related receptor alpha
ESRRG,estrogen-related receptor gamma
ETAA1,Ewing tumor-associated antigen 1
ETF1,eukaryotic translation termination factor 1
ETFA,"electron-transfer-flavoprotein, alpha polypeptide"
ETFB,"electron-transfer-flavoprotein, beta polypeptide"
ETFDH,electron-transferring-flavoprotein dehydrogenase
ETHE1,ethylmalonic encephalopathy 1
ETNK1,ethanolamine kinase 1
ETNK2,ethanolamine kinase 2
ETS2,v-ets erythroblastosis virus E26 oncogene homolog 2 (avian)
ETV1,ets variant 1
ETV5,ets variant 5
ETV7,ets variant 7
EVC,Ellis van Creveld syndrome
EVI1,ecotropic viral integration site 1
EVI2A,ecotropic viral integration site 2A /// ecotropic viral integration site 2B
EVI2B,ecotropic viral integration site 2B
EVI5,ecotropic viral integration site 5
EVL,Enah/Vasp-like
EWSR1,Ewing sarcoma breakpoint region 1
EXDL2,exonuclease 3'-5' domain-like 2
EXOC1,exocyst complex component 1
EXOC3,exocyst complex component 3
EXOC7,exocyst complex component 7
EXOSC10,exosome component 10
EXOSC4,exosome component 4
EXOSC8,exosome component 8
EXOSC9,exosome component 9
EXPH5,exophilin 5
EXT1,exostoses (multiple) 1
EXT2,exostoses (multiple) 2
EXTL2,exostoses (multiple)-like 2
EZH1,enhancer of zeste homolog 1 (Drosophila)
EZR,ezrin
F10,coagulation factor X
F11,coagulation factor XI
F11R,F11 receptor
F13A1,"coagulation factor XIII, A1 polypeptide"
F2R,coagulation factor II (thrombin) receptor
F2RL1,coagulation factor II (thrombin) receptor-like 1
F5,"coagulation factor V (proaccelerin, labile factor)"
F7,coagulation factor VII (serum prothrombin conversion accelerator)
F8,"coagulation factor VIII, procoagulant component"
F8A1,coagulation factor VIII-associated (intronic transcript) 1 /// coagulation factor VIII-associated (intronic transcript) 2 /// coagulation factor VIII-associated (intronic transcript) 3
FA2H,fatty acid 2-hydroxylase
FAAH,fatty acid amide hydrolase
FABP1,"fatty acid binding protein 1, liver"
FABP3,"fatty acid binding protein 3, muscle and heart (mammary-derived growth inhibitor)"
FABP4,"fatty acid binding protein 4, adipocyte"
FABP5,fatty acid binding protein 5 (psoriasis-associated) /// fatty acid binding protein 5-like 2 /// fatty acid binding protein 5-like 7
FABP7,"fatty acid binding protein 7, brain"
FADD,Fas (TNFRSF6)-associated via death domain
FADS1,fatty acid desaturase 1
FADS2,fatty acid desaturase 2
FADS3,fatty acid desaturase 3
FAF1,Fas (TNFRSF6) associated factor 1
FAF2,Fas associated factor family member 2
FAH,fumarylacetoacetate hydrolase (fumarylacetoacetase)
FAHD2A,fumarylacetoacetate hydrolase domain containing 2A
FAIM,Fas apoptotic inhibitory molecule
FAM102A,"family with sequence similarity 102, member A"
FAM105A,"family with sequence similarity 105, member A"
FAM107A,"family with sequence similarity 107, member A"
FAM108A1,"family with sequence similarity 108, member A1"
FAM111A,"family with sequence similarity 111, member A"
FAM114A1,"family with sequence similarity 114, member A1"
FAM114A2,"family with sequence similarity 114, member A2"
FAM115A,"family with sequence similarity 115, member A"
FAM117A,"family with sequence similarity 117, member A"
FAM118A,"family with sequence similarity 118, member A"
FAM119B,"family with sequence similarity 119, member B"
FAM120A,family with sequence similarity 120A
FAM127A,"family with sequence similarity 127, member A"
FAM127B,"family with sequence similarity 127, member B"
FAM128A,"family with sequence similarity 128, member A"
FAM128B,"family with sequence similarity 128, member B"
FAM129A,"family with sequence similarity 129, member A"
FAM131A,"family with sequence similarity 131, member A"
FAM134A,"family with sequence similarity 134, member A"
FAM134B,"family with sequence similarity 134, member B"
FAM134C,"family with sequence similarity 134, member C"
FAM136A,"family with sequence similarity 136, member A"
FAM13A1,"family with sequence similarity 13, member A1"
FAM13B1,"family with sequence similarity 13, member B1"
FAM149A,"family with sequence similarity 149, member A"
FAM152A,"family with sequence similarity 152, member A"
FAM152B,"family with sequence similarity 152, member B"
FAM153A,"family with sequence similarity 153, member A"
FAM160B2,"family with sequence similarity 160, member B2"
FAM162A,"family with sequence similarity 162, member A"
FAM164A,"family with sequence similarity 164, member A"
FAM164C,"family with sequence similarity 164, member C"
FAM168A,"family with sequence similarity 168, member A"
FAM168B,"family with sequence similarity 168, member B"
FAM171A1,"family with sequence similarity 171, member A1"
FAM172A,"family with sequence similarity 172, member A"
FAM173A,"family with sequence similarity 173, member A"
FAM174B,"family with sequence similarity 174, member B"
FAM175B,"family with sequence similarity 175, member B"
FAM176B,"family with sequence similarity 176, member B"
FAM178A,"family with sequence similarity 178, member A"
FAM179B,"family with sequence similarity 179, member B"
FAM18B,"family with sequence similarity 18, member B"
FAM20B,"family with sequence similarity 20, member B"
FAM21A,"family with sequence similarity 21, member A /// family with sequence similarity 21, member B /// family with sequence similarity 21, member C"
FAM21C,"family with sequence similarity 21, member C /// family with sequence similarity 21, member D"
FAM32A,"family with sequence similarity 32, member A"
FAM35A,"family with sequence similarity 35, member A"
FAM36A,"family with sequence similarity 36, member A /// homeobox A7"
FAM38A,"family with sequence similarity 38, member A"
FAM38B,"family with sequence similarity 38, member B"
FAM3A,"family with sequence similarity 3, member A"
FAM3C,"family with sequence similarity 3, member C"
FAM45A,"family with sequence similarity 45, member A /// family with sequence similarity 45, member B"
FAM46A,"family with sequence similarity 46, member A"
FAM48A,Hypothetical protein
FAM49A,"family with sequence similarity 49, member A"
FAM49B,"family with sequence similarity 49, member B"
FAM50A,"family with sequence similarity 50, member A"
FAM50B,"family with sequence similarity 50, member B"
FAM53B,"family with sequence similarity 53, member B"
FAM53C,"family with sequence similarity 53, member C"
FAM57A,"family with sequence similarity 57, member A"
FAM59A,"family with sequence similarity 59, member A"
FAM60A,"family with sequence similarity 60, member A"
FAM62A,"family with sequence similarity 62 (C2 domain containing), member A"
FAM65A,"family with sequence similarity 65, member A"
FAM65B,"family with sequence similarity 65, member B"
FAM69A,"family with sequence similarity 69, member A"
FAM70A,"family with sequence similarity 70, member A"
FAM82A2,"family with sequence similarity 82, member A2"
FAM82B,"family with sequence similarity 82, member B"
FAM86B1,"family with sequence similarity 86, member B1"
FAM89B,"family with sequence similarity 89, member B"
FAM8A1,"family with sequence similarity 8, member A1"
FAM96B,"family with sequence similarity 96, member B"
FAM98A,"family with sequence similarity 98, member A"
FANCC,"Fanconi anemia, complementation group C"
FANCI,"Fanconi anemia, complementation group I"
FANCL,"Fanconi anemia, complementation group L"
FAP,"fibroblast activation protein, alpha"
FAR2,fatty acyl CoA reductase 2
FARP1,"FERM, RhoGEF (ARHGEF) and pleckstrin domain protein 1 (chondrocyte-derived)"
FARS2,"phenylalanyl-tRNA synthetase 2, mitochondrial"
FARSA,"phenylalanyl-tRNA synthetase, alpha subunit"
FAS,"Fas (TNF receptor superfamily, member 6)"
FASN,fatty acid synthase
FASTK,Fas-activated serine/threonine kinase
FASTKD1,FAST kinase domains 1
FASTKD2,FAST kinase domains 2
FASTKD3,FAST kinase domains 3
FASTKD5,FAST kinase domains 5
FAT1,FAT tumor suppressor homolog 1 (Drosophila)
FAT4,FAT tumor suppressor homolog 4 (Drosophila)
FAU,Finkel-Biskis-Reilly murine sarcoma virus (FBR-MuSV) ubiquitously expressed
FBL,fibrillarin
FBLN1,fibulin 1 /// similar to Fibulin 1
FBLN5,fibulin 5
FBN1,fibrillin 1
FBN2,fibrillin 2
FBP1,"fructose-1,6-bisphosphatase 1"
FBRS,fibrosin
FBXL11,F-box and leucine-rich repeat protein 11
FBXL12,F-box and leucine-rich repeat protein 12
FBXL14,Clone 23870 mRNA sequence
FBXL15,F-box and leucine-rich repeat protein 15
FBXL4,F-box and leucine-rich repeat protein 4
FBXL5,F-box and leucine-rich repeat protein 5
FBXL7,F-box and leucine-rich repeat protein 7
FBXO11,F-box protein 11
FBXO17,F-box protein 17
FBXO2,F-box protein 2
FBXO21,F-box protein 21
FBXO28,F-box protein 28
FBXO3,F-box protein 3
FBXO34,F-box protein 34
FBXO38,F-box protein 38
FBXO41,F-box protein 41
FBXO42,F-box protein 42
FBXO46,F-box protein 46
FBXO5,F-box protein 5
FBXO7,F-box protein 7
FBXO9,F-box protein 9
FBXW11,F-box and WD repeat domain containing 11
FBXW12,"CDNA FLJ40275 fis, clone TESTI2027185"
FBXW2,F-box and WD repeat domain containing 2
FBXW4,F-box and WD repeat domain containing 4
FBXW7,F-box and WD repeat domain containing 7
FCER1A,"Fc fragment of IgE, high affinity I, receptor for; alpha polypeptide"
FCER1G,"Fc fragment of IgE, high affinity I, receptor for; gamma polypeptide"
FCF1,FCF1 small subunit (SSU) processome component homolog (S. cerevisiae) /// mitogen-activated protein kinase 1 interacting protein 1-like
FCGBP,Fc fragment of IgG binding protein /// similar to IgGFc-binding protein precursor (FcgammaBP) (Fcgamma-binding protein antigen)
FCGR1A,"Fc fragment of IgG, high affinity Ia, receptor (CD64) /// Fc fragment of IgG, high affinity Ic, receptor (CD64)"
FCGR1B,"Fc fragment of IgG, high affinity Ib, receptor (CD64)"
FCGR2A,"Fc fragment of IgG, low affinity IIa, receptor (CD32)"
FCGR2B,"Fc fragment of IgG, low affinity IIb, receptor (CD32)"
FCGR2C,"Fc fragment of IgG, low affinity IIc, receptor for (CD32)"
FCGR3A,"Fc fragment of IgG, low affinity IIIa, receptor (CD16a) /// Fc fragment of IgG, low affinity IIIb, receptor (CD16b)"
FCGR3B,"Fc fragment of IgG, low affinity IIIb, receptor (CD16b)"
FCGRT,"Fc fragment of IgG, receptor, transporter, alpha"
FCHSD2,FCH and double SH3 domains 2
FCN1,ficolin (collagen/fibrinogen domain containing) 1
FCN3,ficolin (collagen/fibrinogen domain containing) 3 (Hakata antigen)
FDFT1,farnesyl-diphosphate farnesyltransferase 1
FDPS,"farnesyl diphosphate synthase (farnesyl pyrophosphate synthetase, dimethylallyltranstransferase, geranyltranstransferase)"
FDX1,ferredoxin 1
FDXR,ferredoxin reductase
FECH,ferrochelatase (protoporphyria)
FEM1B,fem-1 homolog b (C. elegans)
FEM1C,fem-1 homolog c (C. elegans)
FEN1,flap structure-specific endonuclease 1
FERMT1,fermitin family homolog 1 (Drosophila)
FERMT2,fermitin family homolog 2 (Drosophila)
FETUB,fetuin B
FEZ1,fasciculation and elongation protein zeta 1 (zygin I)
FEZ2,fasciculation and elongation protein zeta 2 (zygin II)
FGA,fibrinogen alpha chain
FGB,fibrinogen beta chain
FGD1,"FYVE, RhoGEF and PH domain containing 1"
FGD2,"FYVE, RhoGEF and PH domain containing 2"
FGF1,fibroblast growth factor 1 (acidic)
FGF12,fibroblast growth factor 12
FGF13,fibroblast growth factor 13
FGF2,fibroblast growth factor 2 (basic)
FGF4,fibroblast growth factor 4
FGF7,fibroblast growth factor 7 (keratinocyte growth factor)
FGF9,fibroblast growth factor 9 (glia-activating factor)
FGFR1,fibroblast growth factor receptor 1
FGFR1OP,FGFR1 oncogene partner
FGFR2,fibroblast growth factor receptor 2
FGFR3,fibroblast growth factor receptor 3
FGFR4,fibroblast growth factor receptor 4
FGG,fibrinogen gamma chain
FGGY,FGGY carbohydrate kinase domain containing
FGL1,fibrinogen-like 1
FGL2,fibrinogen-like 2
FGR,Gardner-Rasheed feline sarcoma viral (v-fgr) oncogene homolog
FH,fumarate hydratase
FHIT,fragile histidine triad gene
FHL1,four and a half LIM domains 1
FHL2,four and a half LIM domains 2
FHL5,four and a half LIM domains 5
FHOD1,formin homology 2 domain containing 1
FHOD3,formin homology 2 domain containing 3
FIBP,fibroblast growth factor (acidic) intracellular binding protein
FICD,FIC domain containing
FIG4,FIG4 homolog (S. cerevisiae)
FILIP1L,filamin A interacting protein 1-like
FIP1L1,FIP1 like 1 (S. cerevisiae)
FIS1,fission 1 (mitochondrial outer membrane) homolog (S. cerevisiae)
FJX1,four jointed box 1 (Drosophila)
FKBP10,"FK506 binding protein 10, 65 kDa"
FKBP11,"FK506 binding protein 11, 19 kDa"
FKBP14,"FK506 binding protein 14, 22 kDa"
FKBP15,"FK506 binding protein 15, 133kDa"
FKBP1A,"FK506 binding protein 1A, 12kDa"
FKBP1B,"FK506 binding protein 1B, 12.6 kDa"
FKBP2,"FK506 binding protein 2, 13kDa"
FKBP3,"FK506 binding protein 3, 25kDa"
FKBP4,"FK506 binding protein 4, 59kDa"
FKBP9,"FK506 binding protein 9, 63 kDa"
FKSG2,apoptosis inhibitor
FKSG49,FKSG49
FKTN,fukutin
FLAD1,FAD1 flavin adenine dinucleotide synthetase homolog (S. cerevisiae)
FLI1,Friend leukemia virus integration 1
FLII,flightless I homolog (Drosophila)
FLJ10038,hypothetical protein FLJ10038
FLJ10357,hypothetical protein FLJ10357
FLJ10404,hypothetical protein FLJ10404
FLJ11151,hypothetical protein FLJ11151
FLJ11506,alpha- and gamma-adaptin-binding protein p34
FLJ11827,hypothetical protein FLJ11827
FLJ12151,hypothetical protein FLJ12151
FLJ12529,"pre-mRNA cleavage factor I, 59 kDa subunit"
FLJ20323,hypothetical protein FLJ20323
FLJ20433,hypothetical protein FLJ20433
FLJ20674,hypothetical protein FLJ20674
FLJ21272,hypothetical protein FLJ21272
FLJ21511,hypothetical protein FLJ21511
FLJ21865,endo-beta-N-acetylglucosaminidase
FLJ22167,hypothetical protein FLJ22167
FLJ22662,hypothetical protein FLJ22662
FLJ23172,hypothetical LOC389177 /// transmembrane protein 212
FLJ32679,"golgin-like hypothetical protein LOC440321 /// golgi autoantigen, golgin subfamily a, 8E /// golgi autoantigen, golgin subfamily a, 8F /// golgi autoantigen, golgin subfamily a, 8G /// similar to golgi autoantigen, golgin subfamily a, 8A /// similar to golgi autoantigen, golgin subfamily a, 8G"
FLJ40113,"golgi autoantigen, golgin subfamily a-like pseudogene /// hypothetical protein LOC440295 /// hypothetical LOC643696 /// similar to golgi autoantigen, golgin subfamily a-like"
FLJ41352,"FLJ41352 protein /// sphingomyelin phosphodiesterase 4, neutral membrane (neutral sphingomyelinase-3)"
FLNA,"filamin A, alpha (actin binding protein 280)"
FLNB,"filamin B, beta (actin binding protein 278)"
FLNC,"filamin C, gamma (actin binding protein 280)"
FLOT1,flotillin 1
FLOT2,flotillin 2
FLRT1,fibronectin leucine rich transmembrane protein 1
FLRT2,fibronectin leucine rich transmembrane protein 2
FLRT3,fibronectin leucine rich transmembrane protein 3
FMO1,flavin containing monooxygenase 1
FMO2,flavin containing monooxygenase 2 (non-functional)
FMO3,flavin containing monooxygenase 3
FMO4,flavin containing monooxygenase 4
FMO5,flavin containing monooxygenase 5
FMOD,fibromodulin
FMR1,fragile X mental retardation 1
FN1,fibronectin 1
FN3KRP,fructosamine-3-kinase-related protein
FNBP1,formin binding protein 1
FNBP1L,formin binding protein 1-like
FNBP4,formin binding protein 4
FNDC3A,fibronectin type III domain containing 3A
FNDC3B,fibronectin type III domain containing 3B
FNTA,"farnesyltransferase, CAAX box, alpha"
FOLH1,folate hydrolase (prostate-specific membrane antigen) 1
FOLR1,folate receptor 1 (adult)
FOLR2,folate receptor 2 (fetal)
FOS,v-fos FBJ murine osteosarcoma viral oncogene homolog
FOSB,FBJ murine osteosarcoma viral oncogene homolog B
FOSL2,FOS-like antigen 2
FOXC1,forkhead box C1
FOXF1,forkhead box F1
FOXF2,forkhead box F2
FOXJ2,forkhead box J2
FOXJ3,forkhead box J3
FOXK2,forkhead box K2
FOXN3,forkhead box N3
FOXO1,forkhead box O1
FOXO3,forkhead box O3
FOXO4,forkhead box O4
FPGT,fucose-1-phosphate guanylyltransferase
FPR1,formyl peptide receptor 1
FRAG1,FGF receptor activating protein 1
FRAT1,frequently rearranged in advanced T-cell lymphomas
FRG1,FSHD region gene 1
FRMD4A,FERM domain containing 4A
FRMD4B,FERM domain containing 4B
FRY,furry homolog (Drosophila)
FRYL,FRY-like
FRZB,frizzled-related protein
FST,follistatin
FSTL1,follistatin-like 1
FSTL3,follistatin-like 3 (secreted glycoprotein)
FTCD,formiminotransferase cyclodeaminase
FTH1,"ferritin, heavy polypeptide 1"
FTHP1,"ferritin, heavy polypeptide pseudogene 1"
FTL,"ferritin, light polypeptide"
FTO,fat mass and obesity associated
FTSJ1,FtsJ homolog 1 (E. coli)
FTSJ2,FtsJ homolog 2 (E. coli)
FTSJ3,FtsJ homolog 3 (E. coli)
FTSJD2,FtsJ methyltransferase domain containing 2
FUBP1,far upstream element (FUSE) binding protein 1
FUBP3,far upstream element (FUSE) binding protein 3
FUCA1,"fucosidase, alpha-L- 1, tissue"
FURIN,furin (paired basic amino acid cleaving enzyme)
FUS,fusion (involved in t(12;16) in malignant liposarcoma)
FUSIP1,FUS interacting protein (serine/arginine-rich) 1 /// similar to FUS interacting protein (serine-arginine rich) 1
FUT2,fucosyltransferase 2 (secretor status included)
FUT3,"fucosyltransferase 3 (galactoside 3(4)-L-fucosyltransferase, Lewis blood group)"
FUT4,"fucosyltransferase 4 (alpha (1,3) fucosyltransferase, myeloid-specific)"
FUT6,"fucosyltransferase 6 (alpha (1,3) fucosyltransferase)"
FUT8,"fucosyltransferase 8 (alpha (1,6) fucosyltransferase)"
FXC1,fracture callus 1 homolog (rat)
FXR1,"fragile X mental retardation, autosomal homolog 1"
FXR2,"fragile X mental retardation, autosomal homolog 2"
FXYD2,FXYD domain containing ion transport regulator 2
FXYD3,FXYD domain containing ion transport regulator 3
FXYD5,FXYD domain containing ion transport regulator 5
FXYD6,FXYD domain containing ion transport regulator 6
FYB,FYN binding protein (FYB-120/130)
FYCO1,FYVE and coiled-coil domain containing 1
FYN,"FYN oncogene related to SRC, FGR, YES"
FZD1,frizzled homolog 1 (Drosophila)
FZD10,frizzled homolog 10 (Drosophila)
FZD2,frizzled homolog 2 (Drosophila)
FZD3,frizzled homolog 3 (Drosophila)
FZD4,frizzled homolog 4 (Drosophila)
FZD5,frizzled homolog 5 (Drosophila)
FZD6,frizzled homolog 6 (Drosophila)
FZD7,frizzled homolog 7 (Drosophila)
FZR1,fizzy/cell division cycle 20 related 1 (Drosophila)
G0S2,G0/G1switch 2
G3BP1,GTPase activating protein (SH3 domain) binding protein 1
G3BP2,GTPase activating protein (SH3 domain) binding protein 2
G6PC,"glucose-6-phosphatase, catalytic subunit"
G6PC2,"glucose-6-phosphatase, catalytic, 2"
G6PC3,"glucose 6 phosphatase, catalytic, 3"
G6PD,glucose-6-phosphate dehydrogenase
GAA,"glucosidase, alpha; acid"
GAB1,GRB2-associated binding protein 1
GABARAP,GABA(A) receptor-associated protein
GABARAPL1,GABA(A) receptor-associated protein like 1
GABARAPL2,GABA(A) receptor-associated protein-like 2
GABBR1,"gamma-aminobutyric acid (GABA) B receptor, 1"
GABPB1,"GA binding protein transcription factor, beta subunit 1"
GABRA2,"gamma-aminobutyric acid (GABA) A receptor, alpha 2"
GABRE,"gamma-aminobutyric acid (GABA) A receptor, epsilon"
GABRG3,"gamma-aminobutyric acid (GABA) A receptor, gamma 3"
GABRQ,"gamma-aminobutyric acid (GABA) receptor, theta"
GABRR1,"gamma-aminobutyric acid (GABA) receptor, rho 1"
GABRR2,"gamma-aminobutyric acid (GABA) receptor, rho 2"
GAD1,"glutamate decarboxylase 1 (brain, 67kDa)"
GADD45A,"growth arrest and DNA-damage-inducible, alpha"
GADD45B,"growth arrest and DNA-damage-inducible, beta"
GADD45GIP1,"growth arrest and DNA-damage-inducible, gamma interacting protein 1"
GAGE1,G antigen 1 /// G antigen 12B /// G antigen 12C /// G antigen 12D /// G antigen 12E /// G antigen 12F /// G antigen 12G /// G antigen 12H /// G antigen 12I /// G antigen 12J /// G antigen 2A /// G antigen 2B /// G antigen 2C /// G antigen 2D /// G antigen 2E /// G antigen 4 /// G antigen 5 /// G antigen 6 /// G antigen 7 /// G antigen 8
GAK,cyclin G associated kinase
GAL,galanin prepropeptide
GAL3ST1,galactose-3-O-sulfotransferase 1
GALC,galactosylceramidase
GALE,UDP-galactose-4-epimerase
GALK2,galactokinase 2
GALNAC4S-6ST,B cell RAG associated protein
GALNS,galactosamine (N-acetyl)-6-sulfate sulfatase
GALNT1,UDP-N-acetyl-alpha-D-galactosamine:polypeptide N-acetylgalactosaminyltransferase 1 (GalNAc-T1)
GALNT10,UDP-N-acetyl-alpha-D-galactosamine:polypeptide N-acetylgalactosaminyltransferase 10 (GalNAc-T10)
GALNT11,UDP-N-acetyl-alpha-D-galactosamine:polypeptide N-acetylgalactosaminyltransferase 11 (GalNAc-T11)
GALNT12,UDP-N-acetyl-alpha-D-galactosamine:polypeptide N-acetylgalactosaminyltransferase 12 (GalNAc-T12)
GALNT14,UDP-N-acetyl-alpha-D-galactosamine:polypeptide N-acetylgalactosaminyltransferase 14 (GalNAc-T14)
GALNT2,UDP-N-acetyl-alpha-D-galactosamine:polypeptide N-acetylgalactosaminyltransferase 2 (GalNAc-T2)
GALNT3,UDP-N-acetyl-alpha-D-galactosamine:polypeptide N-acetylgalactosaminyltransferase 3 (GalNAc-T3)
GALNT7,UDP-N-acetyl-alpha-D-galactosamine:polypeptide N-acetylgalactosaminyltransferase 7 (GalNAc-T7)
GALT,galactose-1-phosphate uridylyltransferase
GAMT,guanidinoacetate N-methyltransferase
GANAB,"glucosidase, alpha; neutral AB"
GAPDH,glyceraldehyde-3-phosphate dehydrogenase
GAPVD1,GTPase activating protein and VPS9 domains 1
GAR1,GAR1 ribonucleoprotein homolog (yeast)
GARNL1,GTPase activating Rap/RanGAP domain-like 1
GARS,glycyl-tRNA synthetase
GART,"phosphoribosylglycinamide formyltransferase, phosphoribosylglycinamide synthetase, phosphoribosylaminoimidazole synthetase"
GAS1,growth arrest-specific 1
GAS2,growth arrest-specific 2
GAS2L1,growth arrest-specific 2 like 1
GAS6,growth arrest-specific 6 /// similar to growth arrest-specific 6
GAS7,growth arrest-specific 7
GAS8,growth arrest-specific 8
GATA2,GATA binding protein 2
GATA3,GATA binding protein 3
GATAD1,GATA zinc finger domain containing 1
GATAD2A,GATA zinc finger domain containing 2A
GATC,"glutamyl-tRNA(Gln) amidotransferase, subunit C homolog (bacterial)"
GATM,glycine amidinotransferase (L-arginine:glycine amidinotransferase)
GBA,"glucosidase, beta; acid (includes glucosylceramidase) /// glucosidase, beta; acid, pseudogene"
GBA3,"glucosidase, beta, acid 3 (cytosolic)"
GBAS,glioblastoma amplified sequence
GBE1,"glucan (1,4-alpha-), branching enzyme 1"
GBF1,golgi-specific brefeldin A resistant guanine nucleotide exchange factor 1
GBL,G protein beta subunit-like
GBP1,"guanylate binding protein 1, interferon-inducible, 67kDa"
GBP2,"guanylate binding protein 2, interferon-inducible"
GCA,"grancalcin, EF-hand calcium binding protein"
GCAT,glycine C-acetyltransferase (2-amino-3-ketobutyrate coenzyme A ligase)
GCC1,GRIP and coiled-coil domain containing 1
GCC2,GRIP and coiled-coil domain containing 2
GCDH,glutaryl-Coenzyme A dehydrogenase
GCH1,GTP cyclohydrolase 1
GCHFR,GTP cyclohydrolase I feedback regulator
GCLC,"glutamate-cysteine ligase, catalytic subunit"
GCLM,"glutamate-cysteine ligase, modifier subunit"
GCN1L1,GCN1 general control of amino-acid synthesis 1-like 1 (yeast)
GCNT3,"glucosaminyl (N-acetyl) transferase 3, mucin type"
GCOM1,"GRINL1A complex locus /// glutamate receptor, ionotropic, N-methyl D-aspartate-like 1A"
GCS1,glucosidase I
GCSH,"glycine cleavage system protein H (aminomethyl carrier) /// similar to Glycine cleavage system H protein, mitochondrial"
GDE1,glycerophosphodiester phosphodiesterase 1
GDF15,growth differentiation factor 15
GDI1,GDP dissociation inhibitor 1
GDI2,GDP dissociation inhibitor 2
GDPD3,glycerophosphodiester phosphodiesterase domain containing 3
GDPD5,glycerophosphodiester phosphodiesterase domain containing 5
GEM,GTP binding protein overexpressed in skeletal muscle
GEMIN6,gem (nuclear organelle) associated protein 6
GEMIN8,gem (nuclear organelle) associated protein 8
GFER,"growth factor, augmenter of liver regeneration"
GFOD1,glucose-fructose oxidoreductase domain containing 1
GFOD2,glucose-fructose oxidoreductase domain containing 2
GFPT1,glutamine-fructose-6-phosphate transaminase 1
GFPT2,glutamine-fructose-6-phosphate transaminase 2
GFRA1,GDNF family receptor alpha 1
GGA1,"golgi associated, gamma adaptin ear containing, ARF binding protein 1"
GGA2,"golgi associated, gamma adaptin ear containing, ARF binding protein 2"
GGA3,"golgi associated, gamma adaptin ear containing, ARF binding protein 3"
GGCT,gamma-glutamyl cyclotransferase
GGCX,gamma-glutamyl carboxylase
GGH,"gamma-glutamyl hydrolase (conjugase, folylpolygammaglutamyl hydrolase)"
GGNBP2,gametogenetin binding protein 2
GGPS1,geranylgeranyl diphosphate synthase 1
GGT1,gamma-glutamyltransferase 1
GGT5,gamma-glutamyltransferase 5
GGTLC1,gamma-glutamyltransferase light chain 1
GHITM,growth hormone inducible transmembrane protein
GHR,growth hormone receptor
GIGYF2,GRB10 interacting GYF protein 2
GIMAP4,"GTPase, IMAP family member 4"
GIMAP5,"GTPase, IMAP family member 5"
GIMAP6,"GTPase, IMAP family member 6"
GIN1,gypsy retrotransposon integrase 1
GINS1,GINS complex subunit 1 (Psf1 homolog)
GIPC1,"GIPC PDZ domain containing family, member 1"
GIPC2,"GIPC PDZ domain containing family, member 2"
GIT1,G protein-coupled receptor kinase interacting ArfGAP 1
GJA1,"gap junction protein, alpha 1, 43kDa"
GJA4,"gap junction protein, alpha 4, 37kDa"
GJB1,"gap junction protein, beta 1, 32kDa"
GK,glycerol kinase
GLA,"galactosidase, alpha"
GLB1,"galactosidase, beta 1"
GLB1L,"galactosidase, beta 1-like"
GLB1L2,"galactosidase, beta 1-like 2"
GLCE,glucuronic acid epimerase
GLDC,glycine dehydrogenase (decarboxylating)
GLG1,golgi apparatus protein 1
GLI2,GLI-Kruppel family member GLI2
GLIPR1,GLI pathogenesis-related 1
GLO1,glyoxalase I
GLOD4,glyoxalase domain containing 4
GLRA1,"glycine receptor, alpha 1"
GLRA3,"glycine receptor, alpha 3"
GLRB,"glycine receptor, beta"
GLRX,glutaredoxin (thioltransferase)
GLRX2,glutaredoxin 2
GLRX3,glutaredoxin 3
GLRX5,glutaredoxin 5
GLS,glutaminase
GLT25D1,glycosyltransferase 25 domain containing 1
GLT8D1,glycosyltransferase 8 domain containing 1
GLTSCR2,glioma tumor suppressor candidate region gene 2
GLUD1,glutamate dehydrogenase 1
GLUD2,glutamate dehydrogenase 2
GLUL,glutamate-ammonia ligase (glutamine synthetase)
GLYAT,glycine-N-acyltransferase
GM2A,GM2 ganglioside activator
GMCL1,germ cell-less homolog 1 (Drosophila)
GMDS,"GDP-mannose 4,6-dehydratase"
GMEB2,glucocorticoid modulatory element binding protein 2
GMFB,"glia maturation factor, beta"
GMFG,"glia maturation factor, gamma"
GMNN,"geminin, DNA replication inhibitor"
GMPPA,GDP-mannose pyrophosphorylase A
GMPR,guanosine monophosphate reductase
GMPR2,guanosine monophosphate reductase 2
GMPS,guanine monphosphate synthetase
GNA11,"guanine nucleotide binding protein (G protein), alpha 11 (Gq class)"
GNA12,guanine nucleotide binding protein (G protein) alpha 12
GNA14,"guanine nucleotide binding protein (G protein), alpha 14"
GNA15,"guanine nucleotide binding protein (G protein), alpha 15 (Gq class)"
GNAI1,"guanine nucleotide binding protein (G protein), alpha inhibiting activity polypeptide 1"
GNAI2,"guanine nucleotide binding protein (G protein), alpha inhibiting activity polypeptide 2"
GNAI3,"guanine nucleotide binding protein (G protein), alpha inhibiting activity polypeptide 3"
GNAL,"guanine nucleotide binding protein (G protein), alpha activating activity polypeptide, olfactory type"
GNAO1,"guanine nucleotide binding protein (G protein), alpha activating activity polypeptide O"
GNAQ,GTP-binding protein alpha q (GQ)
GNAS,GNAS complex locus
GNAZ,"guanine nucleotide binding protein (G protein), alpha z polypeptide"
GNB1,"guanine nucleotide binding protein (G protein), beta polypeptide 1"
GNB2,"guanine nucleotide binding protein (G protein), beta polypeptide 2"
GNB2L1,"guanine nucleotide binding protein (G protein), beta polypeptide 2-like 1"
GNB5,"guanine nucleotide binding protein (G protein), beta 5"
GNE,glucosamine (UDP-N-acetyl)-2-epimerase/N-acetylmannosamine kinase
GNG10,"guanine nucleotide binding protein (G protein), gamma 10"
GNG11,"guanine nucleotide binding protein (G protein), gamma 11"
GNG12,"guanine nucleotide binding protein (G protein), gamma 12"
GNG4,"guanine nucleotide binding protein (G protein), gamma 4"
GNG5,"guanine nucleotide binding protein (G protein), gamma 5"
GNL2,guanine nucleotide binding protein-like 2 (nucleolar)
GNL3,guanine nucleotide binding protein-like 3 (nucleolar)
GNL3L,guanine nucleotide binding protein-like 3 (nucleolar)-like
GNPAT,glyceronephosphate O-acyltransferase
GNPDA1,glucosamine-6-phosphate deaminase 1
GNPTAB,"N-acetylglucosamine-1-phosphate transferase, alpha and beta subunits"
GNRHR,gonadotropin-releasing hormone receptor
GNS,glucosamine (N-acetyl)-6-sulfatase
GOLGA1,"golgi autoantigen, golgin subfamily a, 1"
GOLGA2,"golgi autoantigen, golgin subfamily a, 2"
GOLGA2L1,"golgi autoantigen, golgin subfamily a, 2-like 1"
GOLGA3,"golgi autoantigen, golgin subfamily a, 3"
GOLGA4,"golgi autoantigen, golgin subfamily a, 4"
GOLGA5,"golgi autoantigen, golgin subfamily a, 5"
GOLGA7,"golgi autoantigen, golgin subfamily a, 7"
GOLGA8A,"golgi autoantigen, golgin subfamily a, 8A"
GOLGA9P,"golgi autoantigen, golgin subfamily a, 9 pseudogene"
GOLGB1,"golgin B1, golgi integral membrane protein"
GOLIM4,golgi integral membrane protein 4
GOLM1,golgi membrane protein 1
GOLPH3,golgi phosphoprotein 3 (coat-protein)
GOLPH3L,golgi phosphoprotein 3-like
GOLSYN,Golgi-localized protein
GOLT1B,golgi transport 1 homolog B (S. cerevisiae)
GON4L,gon-4-like (C. elegans)
GORASP1,"golgi reassembly stacking protein 1, 65kDa"
GORASP2,"golgi reassembly stacking protein 2, 55kDa"
GOSR1,golgi SNAP receptor complex member 1
GOSR2,golgi SNAP receptor complex member 2
GOT1,"glutamic-oxaloacetic transaminase 1, soluble (aspartate aminotransferase 1)"
GOT2,"glutamic-oxaloacetic transaminase 2, mitochondrial (aspartate aminotransferase 2)"
GP1BA,"glycoprotein Ib (platelet), alpha polypeptide"
GPAA1,glycosylphosphatidylinositol anchor attachment protein 1 homolog (yeast)
GPATCH2,G patch domain containing 2
GPATCH3,G patch domain containing 3
GPATCH4,G patch domain containing 4
GPATCH8,G patch domain containing 8
GPBP1L1,GC-rich promoter binding protein 1-like 1
GPC1,glypican 1
GPC3,glypican 3
GPC4,glypican 4
GPC5,glypican 5
GPD1,glycerol-3-phosphate dehydrogenase 1 (soluble)
GPD1L,glycerol-3-phosphate dehydrogenase 1-like
GPER,G protein-coupled estrogen receptor 1
GPHN,gephyrin
GPI,glucose phosphate isomerase /// similar to Glucose phosphate isomerase
GPKOW,G patch domain and KOW motifs
GPM6A,glycoprotein M6A
GPM6B,glycoprotein M6B
GPN1,GPN-loop GTPase 1
GPN2,GPN-loop GTPase 2
GPN3,GPN-loop GTPase 3
GPNMB,glycoprotein (transmembrane) nmb
GPR1,G protein-coupled receptor 1
GPR107,G protein-coupled receptor 107
GPR116,G protein-coupled receptor 116
GPR12,G protein-coupled receptor 12
GPR124,G protein-coupled receptor 124
GPR125,G protein-coupled receptor 125
GPR126,G protein-coupled receptor 126
GPR137,G protein-coupled receptor 137
GPR137B,G protein-coupled receptor 137B
GPR161,G protein-coupled receptor 161
GPR171,G protein-coupled receptor 171
GPR172A,G protein-coupled receptor 172A
GPR177,G protein-coupled receptor 177
GPR182,G protein-coupled receptor 182
GPR183,G protein-coupled receptor 183
GPR20,G protein-coupled receptor 20
GPR21,G protein-coupled receptor 21
GPR27,G protein-coupled receptor 27
GPR35,G protein-coupled receptor 35
GPR4,G protein-coupled receptor 4
GPR56,G protein-coupled receptor 56
GPR64,G protein-coupled receptor 64
GPR65,G protein-coupled receptor 65
GPR89A,G protein-coupled receptor 89A /// G protein-coupled receptor 89B /// G protein-coupled receptor 89C
GPRASP1,G protein-coupled receptor associated sorting protein 1
GPRC5B,"G protein-coupled receptor, family C, group 5, member B"
GPRC5C,"G protein-coupled receptor, family C, group 5, member C"
GPS1,G protein pathway suppressor 1
GPSM3,"G-protein signaling modulator 3 (AGS3-like, C. elegans)"
GPSN2,"glycoprotein, synaptic 2"
GPX1,glutathione peroxidase 1
GPX3,glutathione peroxidase 3 (plasma)
GPX4,glutathione peroxidase 4 (phospholipid hydroperoxidase)
GPX7,glutathione peroxidase 7
GRAMD1B,"GRAM domain containing 1B, mRNA (cDNA clone IMAGE:3854666)"
GRAMD1C,GRAM domain containing 1C
GRAMD3,GRAM domain containing 3
GRAMD4,GRAM domain containing 4
GRB10,growth factor receptor-bound protein 10
GRB14,growth factor receptor-bound protein 14
GRB2,growth factor receptor-bound protein 2
GREB1,GREB1 protein
GREM1,"gremlin 1, cysteine knot superfamily, homolog (Xenopus laevis)"
GRHL2,grainyhead-like 2 (Drosophila)
GRHPR,glyoxylate reductase/hydroxypyruvate reductase
GRIK5,"glutamate receptor, ionotropic, kainate 5"
GRIN2B,"glutamate receptor, ionotropic, N-methyl D-aspartate 2B"
GRINA,"glutamate receptor, ionotropic, N-methyl D-aspartate-associated protein 1 (glutamate binding)"
GRK5,G protein-coupled receptor kinase 5
GRLF1,glucocorticoid receptor DNA binding factor 1
GRM6,"glutamate receptor, metabotropic 6"
GRN,granulin
GRPEL1,"GrpE-like 1, mitochondrial (E. coli)"
GRSF1,G-rich RNA sequence binding factor 1
GSDMD,gasdermin D
GSK3A,glycogen synthase kinase 3 alpha
GSK3B,glycogen synthase kinase 3 beta
GSN,"gelsolin (amyloidosis, Finnish type)"
GSPT1,G1 to S phase transition 1
GSPT2,G1 to S phase transition 2
GSS,glutathione synthetase
GSTA1,glutathione S-transferase alpha 1
GSTA3,glutathione S-transferase alpha 3
GSTA4,glutathione S-transferase alpha 4
GSTK1,glutathione S-transferase kappa 1
GSTM1,glutathione S-transferase mu 1
GSTM2,glutathione S-transferase mu 2 (muscle)
GSTM3,glutathione S-transferase mu 3 (brain)
GSTM4,glutathione S-transferase mu 4
GSTM5,glutathione S-transferase mu 5
GSTO1,glutathione S-transferase omega 1
GSTP1,glutathione S-transferase pi 1
GSTT1,glutathione S-transferase theta 1
GSTZ1,glutathione transferase zeta 1
GTDC1,glycosyltransferase-like domain containing 1
GTF2A2,"general transcription factor IIA, 2, 12kDa"
GTF2B,general transcription factor IIB
GTF2E1,"general transcription factor IIE, polypeptide 1, alpha 56kDa"
GTF2E2,"general transcription factor IIE, polypeptide 2, beta 34kDa"
GTF2F1,"general transcription factor IIF, polypeptide 1, 74kDa"
GTF2F2,"general transcription factor IIF, polypeptide 2, 30kDa"
GTF2H1,"general transcription factor IIH, polypeptide 1, 62kDa"
GTF2H2,"general transcription factor IIH, polypeptide 2, 44kDa /// general transcription factor IIH, polypeptide 2B /// general transcription factor IIH, polypeptide 2C /// general transcription factor IIH, polypeptide 2D"
GTF2H2B,"general transcription factor IIH, polypeptide 2B"
GTF2H4,"general transcription factor IIH, polypeptide 4, 52kDa"
GTF2H5,"general transcription factor IIH, polypeptide 5"
GTF2I,"general transcription factor II, i /// general transcription factor II, i, pseudogene 1 /// general transcription factor II, i, pseudogene"
GTF2IRD1,GTF2I repeat domain containing 1
GTF3A,general transcription factor IIIA
GTF3C1,"general transcription factor IIIC, polypeptide 1, alpha 220kDa"
GTF3C2,"general transcription factor IIIC, polypeptide 2, beta 110kDa"
GTF3C3,"general transcription factor IIIC, polypeptide 3, 102kDa"
GTPBP3,GTP binding protein 3 (mitochondrial)
GTPBP4,GTP binding protein 4 /// isopentenyl-diphosphate delta isomerase 2
GTPBP6,GTP binding protein 6 (putative)
GTPBP8,GTP-binding protein 8 (putative)
GTSE1,G-2 and S-phase expressed 1
GUCY1A3,"guanylate cyclase 1, soluble, alpha 3"
GUCY1B3,"guanylate cyclase 1, soluble, beta 3"
GUF1,GUF1 GTPase homolog (S. cerevisiae)
GUK1,guanylate kinase 1
GULP1,"GULP, engulfment adaptor PTB domain containing 1"
GUSB,"glucuronidase, beta"
GVIN1,"GTPase, very large interferon inducible 1"
GYG1,glycogenin 1
GYG2,glycogenin 2
GYPC,glycophorin C (Gerbich blood group)
GYS1,glycogen synthase 1 (muscle)
GZMA,"granzyme A (granzyme 1, cytotoxic T-lymphocyte-associated serine esterase 3)"
GZMB,"granzyme B (granzyme 2, cytotoxic T-lymphocyte-associated serine esterase 1)"
GZMK,granzyme K (granzyme 3; tryptase II)
H1F0,"H1 histone family, member 0"
H1FX,"H1 histone family, member X"
H2AFV,"H2A histone family, member V"
H2AFX,"H2A histone family, member X"
H2AFY,"H2A histone family, member Y"
H2AFZ,"H2A histone family, member Z"
H2BFS,"H2B histone family, member S"
H3F3A,"H3 histone, family 3A /// H3 histone, family 3B (H3.3B) /// H3 histone, family 3A pseudogene"
HAAO,"3-hydroxyanthranilate 3,4-dioxygenase"
HABP2,hyaluronan binding protein 2
HABP4,hyaluronan binding protein 4
HADH,hydroxyacyl-Coenzyme A dehydrogenase
HADHA,"hydroxyacyl-Coenzyme A dehydrogenase/3-ketoacyl-Coenzyme A thiolase/enoyl-Coenzyme A hydratase (trifunctional protein), alpha subunit"
HADHB,"hydroxyacyl-Coenzyme A dehydrogenase/3-ketoacyl-Coenzyme A thiolase/enoyl-Coenzyme A hydratase (trifunctional protein), beta subunit"
HAGH,hydroxyacylglutathione hydrolase
HAMP,hepcidin antimicrobial peptide
HAO2,hydroxyacid oxidase 2 (long chain)
HARS,histidyl-tRNA synthetase
HARS2,"histidyl-tRNA synthetase 2, mitochondrial (putative)"
HAT1,histone acetyltransferase 1
HAVCR1,hepatitis A virus cellular receptor 1
HAX1,HCLS1 associated protein X-1
HBA1,"hemoglobin, alpha 1 /// hemoglobin, alpha 2"
HBB,"hemoglobin, beta"
HBBP1,"hemoglobin, beta pseudogene 1"
HBEGF,heparin-binding EGF-like growth factor
HBG1,"hemoglobin, gamma A /// hemoglobin, gamma G"
HBP1,HMG-box transcription factor 1
HBS1L,HBS1-like (S. cerevisiae)
HBXIP,hepatitis B virus x interacting protein
HCCS,holocytochrome c synthase (cytochrome c heme-lyase)
HCFC1,host cell factor C1 (VP16-accessory protein)
HCFC1R1,host cell factor C1 regulator 1 (XPO1 dependent)
HCFC2,host cell factor C2
HCG26,HLA complex group 26
HCG2P7,HLA complex group 2 pseudogene 7
HCK,hemopoietic cell kinase
HCLS1,hematopoietic cell-specific Lyn substrate 1
HCP5,HLA complex P5
HCRP1,hepatocellular carcinoma-related HCRP1
HDAC1,histone deacetylase 1
HDAC2,histone deacetylase 2
HDAC3,histone deacetylase 3
HDAC4,histone deacetylase 4
HDAC6,histone deacetylase 6
HDAC7,histone deacetylase 7
HDAC9,histone deacetylase 9
HDDC2,HD domain containing 2
HDGF,hepatoma-derived growth factor (high-mobility group protein 1-like)
HDGFRP3,"hepatoma-derived growth factor, related protein 3"
HDHD1A,haloacid dehalogenase-like hydrolase domain containing 1A
HDHD3,haloacid dehalogenase-like hydrolase domain containing 3
HDLBP,high density lipoprotein binding protein
HEATR1,HEAT repeat containing 1
HEATR2,HEAT repeat containing 2
HEATR3,HEAT repeat containing 3
HEATR6,HEAT repeat containing 6
HEBP1,heme binding protein 1
HEBP2,heme binding protein 2
HECA,headcase homolog (Drosophila)
HECTD3,HECT domain containing 3
HECW1,"HECT, C2 and WW domain containing E3 ubiquitin protein ligase 1"
HEG1,HEG homolog 1 (zebrafish)
HELZ,helicase with zinc finger
HEMK1,HemK methyltransferase family member 1
HEPH,hephaestin
HERC1,hect (homologous to the E6-AP (UBE3A) carboxyl terminus) domain and RCC1 (CHC1)-like domain (RLD) 1
HERC2,hect domain and RLD 2
HERC2P2,hect domain and RLD 2 pseudogene 2 /// hect domain and RLD 2 pseudogene 3 /// hect domain and RLD 2 pseudogene
HERC3,hect domain and RLD 3
HERC4,hect domain and RLD 4
HERC5,hect domain and RLD 5
HERC6,hect domain and RLD 6
HERPUD1,"homocysteine-inducible, endoplasmic reticulum stress-inducible, ubiquitin-like domain member 1"
HES1,"hairy and enhancer of split 1, (Drosophila)"
HEXA,hexosaminidase A (alpha polypeptide)
HEXB,hexosaminidase B (beta polypeptide)
HEXIM1,hexamethylene bis-acetamide inducible 1
HEY1,hairy/enhancer-of-split related with YRPW motif 1
HEY2,hairy/enhancer-of-split related with YRPW motif 2
HFE,hemochromatosis
HGD,"homogentisate 1,2-dioxygenase (homogentisate oxidase) /// similar to homogentisate 1,2-dioxygenase /// homogentisate 1,2-dioxygenase like"
HGF,hepatocyte growth factor (hepapoietin A; scatter factor)
HGS,hepatocyte growth factor-regulated tyrosine kinase substrate
HGSNAT,heparan-alpha-glucosaminide N-acetyltransferase
HHEX,hematopoietically expressed homeobox
HHLA2,HERV-H LTR-associating 2
HHLA3,HERV-H LTR-associating 3
HIBCH,3-hydroxyisobutyryl-Coenzyme A hydrolase
HIC2,hypermethylated in cancer 2
HIF1A,"hypoxia inducible factor 1, alpha subunit (basic helix-loop-helix transcription factor)"
HIF1AN,"hypoxia inducible factor 1, alpha subunit inhibitor"
HIG2,hypoxia-inducible protein 2
HIGD1A,"HIG1 domain family, member 1A"
HIGD2A,"HIG1 domain family, member 2A"
HINT1,histidine triad nucleotide binding protein 1
HIP1,huntingtin interacting protein 1
HIP1R,huntingtin interacting protein 1 related
HIPK1,homeodomain interacting protein kinase 1
HIPK2,homeodomain interacting protein kinase 2
HISPPD1,histidine acid phosphatase domain containing 1
HIST1H1C,"histone cluster 1, H1c"
HIST1H2AC,"histone cluster 1, H2ac"
HIST1H2AD,"histone cluster 1, H2ad /// histone cluster 1, H3a /// histone cluster 1, H3b /// histone cluster 1, H3c /// histone cluster 1, H3d /// histone cluster 1, H3e /// histone cluster 1, H3f /// histone cluster 1, H3g /// histone cluster 1, H3h /// histone cluster 1, H3i /// histone cluster 1, H3j"
HIST1H2BC,"histone cluster 1, H2bc /// histone cluster 1, H2be /// histone cluster 1, H2bf /// histone cluster 1, H2bg /// histone cluster 1, H2bi"
HIST1H2BD,"histone cluster 1, H2bd"
HIST1H2BK,"histone cluster 1, H2bk"
HIST1H4A,"histone cluster 1, H4a /// histone cluster 1, H4b /// histone cluster 1, H4c /// histone cluster 1, H4d /// histone cluster 1, H4e /// histone cluster 1, H4f /// histone cluster 1, H4h /// histone cluster 1, H4i /// histone cluster 1, H4j /// histone cluster 1, H4k /// histone cluster 1, H4l /// histone cluster 2, H4a /// histone cluster 2, H4b /// histone cluster 4, H4"
HIST2H2AA3,"histone cluster 2, H2aa3 /// histone cluster 2, H2aa4"
HIST2H2BE,"histone cluster 2, H2be"
HIVEP1,human immunodeficiency virus type I enhancer binding protein 1
HIVEP2,human immunodeficiency virus type I enhancer binding protein 2
HK1,hexokinase 1
HK2,hexokinase 2
HLA-A,"major histocompatibility complex, class I, A"
HLA-B,"major histocompatibility complex, class I, B"
HLA-C,"major histocompatibility complex, class I, C"
HLA-DMA,"major histocompatibility complex, class II, DM alpha"
HLA-DMB,"major histocompatibility complex, class II, DM beta"
HLA-DPA1,"major histocompatibility complex, class II, DP alpha 1"
HLA-DPB1,"major histocompatibility complex, class II, DP beta 1"
HLA-DQA1,"major histocompatibility complex, class II, DQ alpha 1"
HLA-DQB1,"major histocompatibility complex, class II, DQ beta 1"
HLA-DQB2,"major histocompatibility complex, class II, DQ beta 2"
HLA-DRA,"major histocompatibility complex, class II, DR alpha"
HLA-DRB1,"major histocompatibility complex, class II, DR beta 1 /// major histocompatibility complex, class II, DR beta 2 (pseudogene) /// major histocompatibility complex, class II, DR beta 3 /// major histocompatibility complex, class II, DR beta 4 /// major histocompatibility complex, class II, DR beta 5 /// similar to Major histocompatibility complex, class II, DR beta 4 /// similar to HLA class II histocompatibility antigen, DR-W53 beta chain /// similar to hCG1992647 /// hypothetical protein LOC730415 /// ribonuclease, RNase A family, 2 (liver, eosinophil-derived neurotoxin) /// zinc finger protein 749"
HLA-DRB4,"major histocompatibility complex, class II, DR beta 4"
HLA-DRB6,"major histocompatibility complex, class II, DR beta 6 (pseudogene)"
HLA-E,"major histocompatibility complex, class I, E"
HLA-F,"major histocompatibility complex, class I, F"
HLA-G,"major histocompatibility complex, class I, G"
HLCS,holocarboxylase synthetase (biotin-(proprionyl-Coenzyme A-carboxylase (ATP-hydrolysing)) ligase)
HLF,hepatic leukemia factor
HLTF,helicase-like transcription factor
HMBOX1,homeobox containing 1
HMBS,hydroxymethylbilane synthase
HMG20A,high-mobility group 20A
HMG20B,high-mobility group 20B
HMGA1,high mobility group AT-hook 1
HMGA2,high mobility group AT-hook 2
HMGB1,high-mobility group box 1
HMGB2,high-mobility group box 2
HMGB3,high-mobility group box 3
HMGCL,3-hydroxymethyl-3-methylglutaryl-Coenzyme A lyase
HMGCR,3-hydroxy-3-methylglutaryl-Coenzyme A reductase
HMGCS1,3-hydroxy-3-methylglutaryl-Coenzyme A synthase 1 (soluble)
HMGCS2,3-hydroxy-3-methylglutaryl-Coenzyme A synthase 2 (mitochondrial)
HMGN1,high-mobility group nucleosome binding domain 1
HMGN2,high-mobility group nucleosomal binding domain 2
HMGN3,high mobility group nucleosomal binding domain 3
HMGN4,high mobility group nucleosomal binding domain 4
HMGXB3,HMG box domain containing 3
HMGXB4,HMG box domain containing 4
HMHA1,histocompatibility (minor) HA-1
HMHB1,histocompatibility (minor) HB-1
HMMR,hyaluronan-mediated motility receptor (RHAMM)
HMOX1,heme oxygenase (decycling) 1
HMOX2,heme oxygenase (decycling) 2
HN1,hematological and neurological expressed 1
HN1L,hematological and neurological expressed 1-like
HNF1A,HNF1 homeobox A
HNF1B,HNF1 homeobox B
HNMT,histamine N-methyltransferase
HNRNPA0,heterogeneous nuclear ribonucleoprotein A0
HNRNPA1,heterogeneous nuclear ribonucleoprotein A1
HNRNPA2B1,heterogeneous nuclear ribonucleoprotein A2/B1
HNRNPA3,heterogeneous nuclear ribonucleoprotein A3 /// heterogeneous nuclear ribonucleoprotein A3 pseudogene 1
HNRNPAB,heterogeneous nuclear ribonucleoprotein A/B
HNRNPC,heterogeneous nuclear ribonucleoprotein C (C1/C2)
HNRNPD,"heterogeneous nuclear ribonucleoprotein D (AU-rich element RNA binding protein 1, 37kDa)"
HNRNPF,heterogeneous nuclear ribonucleoprotein F
HNRNPH1,heterogeneous nuclear ribonucleoprotein H1 (H)
HNRNPH2,heterogeneous nuclear ribonucleoprotein H2 (H')
HNRNPH3,heterogeneous nuclear ribonucleoprotein H3 (2H9)
HNRNPK,heterogeneous nuclear ribonucleoprotein K
HNRNPL,heterogeneous nuclear ribonucleoprotein L
HNRNPM,heterogeneous nuclear ribonucleoprotein M
HNRNPR,heterogeneous nuclear ribonucleoprotein R
HNRNPU,heterogeneous nuclear ribonucleoprotein U (scaffold attachment factor A)
HNRNPUL1,heterogeneous nuclear ribonucleoprotein U-like 1
HNRNPUL2,heterogeneous nuclear ribonucleoprotein U-like 2
HNRPDL,heterogeneous nuclear ribonucleoprotein D-like
HOMER1,homer homolog 1 (Drosophila)
HOMER3,homer homolog 3 (Drosophila)
HOOK1,hook homolog 1 (Drosophila)
HOOK2,hook homolog 2 (Drosophila)
HOPX,HOP homeobox
HOXA10,homeobox A10
HOXA4,homeobox A4
HOXA5,homeobox A5
HOXA6,homeobox A6
HOXA7,homeobox A7
HOXA9,homeobox A9
HOXB2,homeobox B2
HOXB5,homeobox B5
HOXB6,homeobox B6
HOXB7,homeobox B7
HOXC10,homeobox C10
HOXC4,homeobox C4
HOXD1,homeobox D1
HOXD11,homeobox D11
HOXD4,homeobox D4
HPCAL1,hippocalcin-like 1
HPCAL4,hippocalcin like 4
HPD,4-hydroxyphenylpyruvate dioxygenase
HPGD,hydroxyprostaglandin dehydrogenase 15-(NAD)
HPN,hepsin
HPRT1,hypoxanthine phosphoribosyltransferase 1
HPS1,Hermansky-Pudlak syndrome 1
HPS4,Hermansky-Pudlak syndrome 4
HPS5,Hermansky-Pudlak syndrome 5
HPS6,Hermansky-Pudlak syndrome 6
HR44,Hr44 antigen
HRAS,v-Ha-ras Harvey rat sarcoma viral oncogene homolog
HRASLS,HRAS-like suppressor
HRASLS2,"CDNA: FLJ21376 fis, clone COL03231"
HRG,histidine-rich glycoprotein
HRH1,histamine receptor H1
HRH4,histamine receptor H4
HRSP12,heat-responsive protein 12
HS1BP3,HCLS1 binding protein 3
HS2ST1,heparan sulfate 2-O-sulfotransferase 1
HS3ST1,heparan sulfate (glucosamine) 3-O-sulfotransferase 1
HS3ST2,heparan sulfate (glucosamine) 3-O-sulfotransferase 2
HSBP1,heat shock factor binding protein 1
HSD11B1,hydroxysteroid (11-beta) dehydrogenase 1
HSD11B2,hydroxysteroid (11-beta) dehydrogenase 2
HSD17B10,hydroxysteroid (17-beta) dehydrogenase 10
HSD17B11,hydroxysteroid (17-beta) dehydrogenase 11
HSD17B12,hydroxysteroid (17-beta) dehydrogenase 12
HSD17B14,hydroxysteroid (17-beta) dehydrogenase 14
HSD17B4,hydroxysteroid (17-beta) dehydrogenase 4
HSD17B7,hydroxysteroid (17-beta) dehydrogenase 7
HSD17B8,hydroxysteroid (17-beta) dehydrogenase 8
HSDL2,hydroxysteroid dehydrogenase like 2
HSF2,heat shock transcription factor 2
HSP90AA1,"heat shock protein 90kDa alpha (cytosolic), class A member 1"
HSP90AB1,"heat shock protein 90kDa alpha (cytosolic), class B member 1"
HSP90B1,"heat shock protein 90kDa beta (Grp94), member 1"
HSPA12A,heat shock 70kDa protein 12A
HSPA13,"heat shock protein 70kDa family, member 13"
HSPA14,heat shock 70kDa protein 14
HSPA1A,heat shock 70kDa protein 1A /// heat shock 70kDa protein 1B
HSPA2,heat shock 70kDa protein 2
HSPA4,HS24/p52 mRNA
HSPA4L,heat shock 70kDa protein 4-like
HSPA5,"heat shock 70kDa protein 5 (glucose-regulated protein, 78kDa)"
HSPA6,heat shock 70kDa protein 6 (HSP70B')
HSPA8,heat shock 70kDa protein 8
HSPA9,heat shock 70kDa protein 9 (mortalin)
HSPB1,heat shock 27kDa protein 1
HSPB11,"heat shock protein family B (small), member 11"
HSPB2,heat shock 27kDa protein 2
HSPB8,heat shock 22kDa protein 8
HSPBAP1,HSPB (heat shock 27kDa) associated protein 1
HSPBP1,"HSPA (heat shock 70kDa) binding protein, cytoplasmic cochaperone 1"
HSPC152,hypothetical protein HSPC152
HSPD1,heat shock 60kDa protein 1 (chaperonin)
HSPE1,heat shock 10kDa protein 1 (chaperonin 10)
HSPG2,heparan sulfate proteoglycan 2
HSPH1,heat shock 105kDa/110kDa protein 1
HTATIP2,"HIV-1 Tat interactive protein 2, 30kDa"
HTATSF1,HIV-1 Tat specific factor 1
HTN1,histatin 1
HTR2A,5-hydroxytryptamine (serotonin) receptor 2A
HTR2B,5-hydroxytryptamine (serotonin) receptor 2B
HTR2C,5-hydroxytryptamine (serotonin) receptor 2C
HTR3A,5-hydroxytryptamine (serotonin) receptor 3A
HTRA1,HtrA serine peptidase 1
HTRA2,HtrA serine peptidase 2
HUNK,hormonally up-regulated Neu-associated kinase
HUS1,HUS1 checkpoint homolog (S. pombe)
HUWE1,"HECT, UBA and WWE domain containing 1"
HYAL1,hyaluronoglucosaminidase 1
HYAL2,hyaluronoglucosaminidase 2
HYI,hydroxypyruvate isomerase homolog (E. coli)
HYOU1,hypoxia up-regulated 1
HYPK,Huntingtin interacting protein K
IARS,isoleucyl-tRNA synthetase
IARS2,"isoleucyl-tRNA synthetase 2, mitochondrial"
IBTK,inhibitor of Bruton agammaglobulinemia tyrosine kinase
ICA1,"islet cell autoantigen 1, 69kDa"
ICAM1,intercellular adhesion molecule 1
ICAM2,intercellular adhesion molecule 2
ICAM3,intercellular adhesion molecule 3
ICK,intestinal cell (MAK-like) kinase
ICMT,isoprenylcysteine carboxyl methyltransferase
ICT1,immature colon carcinoma transcript 1
ID1,"inhibitor of DNA binding 1, dominant negative helix-loop-helix protein"
ID2,"inhibitor of DNA binding 2, dominant negative helix-loop-helix protein"
ID3,"inhibitor of DNA binding 3, dominant negative helix-loop-helix protein"
ID4,"inhibitor of DNA binding 4, dominant negative helix-loop-helix protein"
IDE,insulin-degrading enzyme
IDH1,"isocitrate dehydrogenase 1 (NADP+), soluble"
IDH2,"isocitrate dehydrogenase 2 (NADP+), mitochondrial"
IDH3A,isocitrate dehydrogenase 3 (NAD+) alpha
IDH3B,isocitrate dehydrogenase 3 (NAD+) beta
IDH3G,isocitrate dehydrogenase 3 (NAD+) gamma
IDI1,isopentenyl-diphosphate delta isomerase 1
IDO1,"indoleamine 2,3-dioxygenase 1"
IDS,iduronate 2-sulfatase
IER2,immediate early response 2
IER3,immediate early response 3
IER3IP1,immediate early response 3 interacting protein 1
IER5,immediate early response 5
IFFO1,intermediate filament family orphan 1
IFI16,"interferon, gamma-inducible protein 16"
IFI27,"interferon, alpha-inducible protein 27"
IFI30,"interferon, gamma-inducible protein 30"
IFI35,interferon-induced protein 35
IFI44,"CDNA FLJ56519 complete cds, highly similar to Interferon-induced protein 44"
IFI44L,interferon-induced protein 44-like
IFI6,"interferon, alpha-inducible protein 6"
IFIH1,"CDNA FLJ78660 complete cds, highly similar to Homo sapiens interferon induced with helicase C domain 1 (IFIH1), mRNA"
IFIT1,interferon-induced protein with tetratricopeptide repeats 1
IFIT3,interferon-induced protein with tetratricopeptide repeats 3
IFIT5,interferon-induced protein with tetratricopeptide repeats 5
IFITM1,interferon induced transmembrane protein 1 (9-27)
IFITM2,interferon induced transmembrane protein 2 (1-8D)
IFITM3,interferon induced transmembrane protein 3 (1-8U)
IFNA14,"interferon, alpha 14"
IFNA16,"interferon, alpha 16"
IFNA4,"interferon, alpha 4"
IFNA5,"interferon, alpha 5"
IFNA7,"interferon, alpha 7"
IFNAR2,"interferon (alpha, beta and omega) receptor 2"
IFNGR1,interferon gamma receptor 1
IFNGR2,interferon gamma receptor 2 (interferon gamma transducer 1)
IFRD1,interferon-related developmental regulator 1
IFRD2,interferon-related developmental regulator 2
IFT122,intraflagellar transport 122 homolog (Chlamydomonas)
IFT20,intraflagellar transport 20 homolog (Chlamydomonas)
IFT52,intraflagellar transport 52 homolog (Chlamydomonas)
IFT57,intraflagellar transport 57 homolog (Chlamydomonas)
IFT74,intraflagellar transport 74 homolog (Chlamydomonas)
IFT81,intraflagellar transport 81 homolog (Chlamydomonas)
IFT88,intraflagellar transport 88 homolog (Chlamydomonas)
IGBP1,immunoglobulin (CD79A) binding protein 1
IGF1,insulin-like growth factor 1 (somatomedin C)
IGF1R,insulin-like growth factor 1 receptor
IGF2,insulin-like growth factor 2 (somatomedin A) /// INS-IGF2 readthrough transcript
IGF2BP2,insulin-like growth factor 2 mRNA binding protein 2
IGF2BP3,insulin-like growth factor 2 mRNA binding protein 3
IGF2R,insulin-like growth factor 2 receptor
IGFALS,"insulin-like growth factor binding protein, acid labile subunit"
IGFBP1,insulin-like growth factor binding protein 1
IGFBP2,"insulin-like growth factor binding protein 2, 36kDa"
IGFBP3,insulin-like growth factor binding protein 3
IGFBP4,insulin-like growth factor binding protein 4
IGFBP5,insulin-like growth factor binding protein 5
IGFBP6,insulin-like growth factor binding protein 6
IGFBP7,insulin-like growth factor binding protein 7
IGH@,immunoglobulin heavy locus /// immunoglobulin heavy constant gamma 1 (G1m marker) /// immunoglobulin heavy constant gamma 2 (G2m marker) /// immunoglobulin heavy constant mu /// immunoglobulin heavy variable 4-31
IGHA1,immunoglobulin heavy constant alpha 1 /// immunoglobulin heavy constant gamma 1 (G1m marker) /// similar to hCG1773549
IGHG1,Immunoglobulin lambda heavy chain
IGHM,immunoglobulin heavy constant mu
IGHMBP2,immunoglobulin mu binding protein 2
IGJ,"immunoglobulin J polypeptide, linker protein for immunoglobulin alpha and mu polypeptides"
IGK@,immunoglobulin kappa locus /// immunoglobulin kappa variable 3-20 /// immunoglobulin kappa variable 3D-11 /// immunoglobulin kappa variable 3D-15 (gene/pseudogene) /// similar to hCG2043206
IGKC,Immunoglobulin light chain
IGL@,Immunoglobulin lambda light chain
IGLL3,immunoglobulin lambda-like polypeptide 3
IGLV4-60,immunoglobulin lambda variable 4-60
IGSF3,"immunoglobulin superfamily, member 3"
IGSF6,"immunoglobulin superfamily, member 6"
IK,"IK cytokine, down-regulator of HLA II"
IKBKAP,"inhibitor of kappa light polypeptide gene enhancer in B-cells, kinase complex-associated protein"
IKBKB,"inhibitor of kappa light polypeptide gene enhancer in B-cells, kinase beta"
IKBKE,"inhibitor of kappa light polypeptide gene enhancer in B-cells, kinase epsilon"
IKZF1,IKAROS family zinc finger 1 (Ikaros)
IL10RA,"interleukin 10 receptor, alpha"
IL10RB,"interleukin 10 receptor, beta"
IL11RA,"interleukin 11 receptor, alpha"
IL12B,"interleukin 12B (natural killer cell stimulatory factor 2, cytotoxic lymphocyte maturation factor 2, p40)"
IL13RA1,"interleukin 13 receptor, alpha 1"
IL13RA2,"interleukin 13 receptor, alpha 2"
IL15,interleukin 15
IL15RA,"interleukin 15 receptor, alpha"
IL16,interleukin 16 (lymphocyte chemoattractant factor)
IL17RB,interleukin 17 receptor B
IL17RC,interleukin 17 receptor C
IL18,interleukin 18 (interferon-gamma-inducing factor)
IL1B,"interleukin 1, beta"
IL1R1,"interleukin 1 receptor, type I"
IL1R2,"interleukin 1 receptor, type II"
IL1RAPL1,interleukin 1 receptor accessory protein-like 1
IL1RL1,interleukin 1 receptor-like 1
IL1RN,interleukin 1 receptor antagonist
IL22RA1,"interleukin 22 receptor, alpha 1"
IL27RA,"interleukin 27 receptor, alpha"
IL2RB,"interleukin 2 receptor, beta"
IL2RG,"interleukin 2 receptor, gamma (severe combined immunodeficiency)"
IL32,interleukin 32
IL33,interleukin 33
IL4R,interleukin 4 receptor
IL6,"interleukin 6 (interferon, beta 2)"
IL6R,interleukin 6 receptor
IL6ST,"interleukin 6 signal transducer (gp130, oncostatin M receptor)"
IL7,interleukin 7
IL7R,interleukin 7 receptor
IL8,interleukin 8
ILF2,"interleukin enhancer binding factor 2, 45kDa"
ILF3,"interleukin enhancer binding factor 3, 90kDa"
ILK,integrin-linked kinase
ILKAP,integrin-linked kinase-associated serine/threonine phosphatase 2C
ILVBL,ilvB (bacterial acetolactate synthase)-like
IMAA,"SLC7A5 pseudogene /// hypothetical protein LOC440345 /// PI-3-kinase-related kinase SMG-1 pseudogene /// PI-3-kinase-related kinase SMG-1 pseudogene /// PI-3-kinase-related kinase SMG-1 /// hypothetical LOC728423 /// solute carrier family 7 (cationic amino acid transporter, y+ system), member 5 pseudogene 1"
IMMT,"inner membrane protein, mitochondrial (mitofilin)"
IMP3,"IMP3, U3 small nucleolar ribonucleoprotein, homolog (yeast)"
IMP4,"IMP4, U3 small nucleolar ribonucleoprotein, homolog (yeast)"
IMPA1,inositol(myo)-1(or 4)-monophosphatase 1
IMPA2,inositol(myo)-1(or 4)-monophosphatase 2
IMPACT,Impact homolog (mouse)
IMPDH1,IMP (inosine monophosphate) dehydrogenase 1
IMPDH2,IMP (inosine monophosphate) dehydrogenase 2
INADL,InaD-like (Drosophila)
INF2,"inverted formin, FH2 and WH2 domain containing"
ING1,"inhibitor of growth family, member 1"
ING2,"inhibitor of growth family, member 2"
ING3,"inhibitor of growth family, member 3"
INHA,"inhibin, alpha"
INHBA,"inhibin, beta A"
INHBB,"inhibin, beta B"
INHBC,"inhibin, beta C"
INHBE,"inhibin, beta E"
INO80B,INO80 complex subunit B
INPP1,inositol polyphosphate-1-phosphatase
INPP4A,"inositol polyphosphate-4-phosphatase, type I, 107kDa"
INPP4B,"inositol polyphosphate-4-phosphatase, type II, 105kDa"
INPP5A,"inositol polyphosphate-5-phosphatase, 40kDa"
INPP5B,"inositol polyphosphate-5-phosphatase, 75kDa"
INPP5D,"inositol polyphosphate-5-phosphatase, 145kDa"
INPP5E,"inositol polyphosphate-5-phosphatase, 72 kDa"
INPP5F,inositol polyphosphate-5-phosphatase F
INPP5J,inositol polyphosphate-5-phosphatase J
INPP5K,inositol polyphosphate-5-phosphatase K
INPPL1,inositol polyphosphate phosphatase-like 1
INSIG1,insulin induced gene 1
INSIG2,insulin induced gene 2
INSR,insulin receptor
INTS1,integrator complex subunit 1
INTS12,integrator complex subunit 12
INTS3,integrator complex subunit 3
INTS5,integrator complex subunit 5
INTS6,integrator complex subunit 6
INTS8,integrator complex subunit 8
INTS9,integrator complex subunit 9
INVS,inversin
IP6K2,inositol hexakisphosphate kinase 2
IPO13,importin 13
IPO4,importin 4
IPO5,importin 5
IPO7,importin 7
IPO9,importin 9
IPP,intracisternal A particle-promoted polypeptide
IPPK,"inositol 1,3,4,5,6-pentakisphosphate 2-kinase"
IPW,imprinted in Prader-Willi syndrome (non-protein coding)
IQCB1,IQ motif containing B1
IQCE,IQ motif containing E
IQCK,IQ motif containing K
IQGAP1,IQ motif containing GTPase activating protein 1
IQGAP2,IQ motif containing GTPase activating protein 2
IQSEC1,IQ motif and Sec7 domain 1
IQWD1,IQ motif and WD repeats 1
IRAK1,interleukin-1 receptor-associated kinase 1
IRAK3,interleukin-1 receptor-associated kinase 3
IRAK4,interleukin-1 receptor-associated kinase 4
IRF1,interferon regulatory factor 1
IRF2,interferon regulatory factor 2
IRF3,interferon regulatory factor 3
IRF5,interferon regulatory factor 5
IRF6,interferon regulatory factor 6
IRF7,interferon regulatory factor 7
IRF8,interferon regulatory factor 8
IRF9,interferon regulatory factor 9
IRGQ,"immunity-related GTPase family, Q"
IRS1,insulin receptor substrate 1
IRS2,insulin receptor substrate 2
ISCA1,iron-sulfur cluster assembly 1 homolog (S. cerevisiae)
ISCU,iron-sulfur cluster scaffold homolog (E. coli)
ISG15,ISG15 ubiquitin-like modifier
ISG20,interferon stimulated exonuclease gene 20kDa
ISG20L2,interferon stimulated exonuclease gene 20kDa-like 2
ISLR,immunoglobulin superfamily containing leucine-rich repeat
ISOC1,isochorismatase domain containing 1
ISOC2,isochorismatase domain containing 2
ISYNA1,inositol-3-phosphate synthase 1
ITCH,itchy E3 ubiquitin protein ligase homolog (mouse)
ITFG1,integrin alpha FG-GAP repeat containing 1
ITGA10,"integrin, alpha 10"
ITGA2,"integrin, alpha 2 (CD49B, alpha 2 subunit of VLA-2 receptor)"
ITGA2B,"integrin, alpha 2b (platelet glycoprotein IIb of IIb/IIIa complex, antigen CD41)"
ITGA3,"integrin, alpha 3 (antigen CD49C, alpha 3 subunit of VLA-3 receptor)"
ITGA4,"integrin, alpha 4 (antigen CD49D, alpha 4 subunit of VLA-4 receptor)"
ITGA5,"integrin, alpha 5 (fibronectin receptor, alpha polypeptide)"
ITGA6,"integrin, alpha 6"
ITGA7,"integrin, alpha 7"
ITGA8,"integrin, alpha 8"
ITGAE,"integrin, alpha E (antigen CD103, human mucosal lymphocyte antigen 1; alpha polypeptide)"
ITGAL,"integrin, alpha L (antigen CD11A (p180), lymphocyte function-associated antigen 1; alpha polypeptide)"
ITGAM,"integrin, alpha M (complement component 3 receptor 3 subunit)"
ITGAV,"integrin, alpha V (vitronectin receptor, alpha polypeptide, antigen CD51)"
ITGB1,"integrin, beta 1 (fibronectin receptor, beta polypeptide, antigen CD29 includes MDF2, MSK12)"
ITGB1BP1,integrin beta 1 binding protein 1
ITGB2,"integrin, beta 2 (complement component 3 receptor 3 and 4 subunit)"
ITGB3,"integrin, beta 3 (platelet glycoprotein IIIa, antigen CD61)"
ITGB3BP,integrin beta 3 binding protein (beta3-endonexin)
ITGB4,"integrin, beta 4"
ITGB5,"integrin, beta 5"
ITGB8,"integrin, beta 8"
ITGBL1,"integrin, beta-like 1 (with EGF-like repeat domains)"
ITIH2,inter-alpha (globulin) inhibitor H2
ITIH4,inter-alpha (globulin) inhibitor H4 (plasma Kallikrein-sensitive glycoprotein)
ITIH5,inter-alpha (globulin) inhibitor H5
ITK,IL2-inducible T-cell kinase
ITM2A,integral membrane protein 2A
ITM2B,integral membrane protein 2B
ITM2C,integral membrane protein 2C
ITPA,inosine triphosphatase (nucleoside triphosphate pyrophosphatase)
ITPK1,"inositol 1,3,4-triphosphate 5/6 kinase"
ITPKC,"inositol 1,4,5-trisphosphate 3-kinase C"
ITPR1,"inositol 1,4,5-triphosphate receptor, type 1"
ITPR2,"inositol 1,4,5-triphosphate receptor, type 2"
ITPR3,"inositol 1,4,5-triphosphate receptor, type 3"
ITSN1,intersectin 1 (SH3 domain protein)
ITSN2,intersectin 2
IVD,isovaleryl Coenzyme A dehydrogenase
IVNS1ABP,influenza virus NS1A binding protein
JAG1,jagged 1 (Alagille syndrome)
JAG2,jagged 2
JAK1,Janus kinase 1 (a protein tyrosine kinase)
JAK2,Janus kinase 2 (a protein tyrosine kinase)
JAM2,junctional adhesion molecule 2
JAM3,junctional adhesion molecule 3 /// hypothetical protein LOC100133502
JARID1A,"jumonji, AT rich interactive domain 1A"
JARID1B,"jumonji, AT rich interactive domain 1B"
JARID1C,"jumonji, AT rich interactive domain 1C"
JARID1D,"jumonji, AT rich interactive domain 1D"
JARID2,"jumonji, AT rich interactive domain 2"
JHDM1D,jumonji C domain containing histone demethylase 1 homolog D (S. cerevisiae)
JMJD1A,jumonji domain containing 1A
JMJD1B,jumonji domain containing 1B
JMJD1C,jumonji domain containing 1C
JMJD2A,jumonji domain containing 2A
JMJD2B,jumonji domain containing 2B
JMJD2C,jumonji domain containing 2C
JMJD3,"jumonji domain containing 3, histone lysine demethylase"
JMJD6,jumonji domain containing 6
JMJD7,"jumonji domain containing 7 /// JMJD7-PLA2G4B readthrough transcript /// phospholipase A2, group IVB (cytosolic)"
JOSD1,Josephin domain containing 1
JRK,jerky homolog (mouse)
JRKL,jerky homolog-like (mouse)
JTB,jumping translocation breakpoint
JTV1,JTV1 gene
JUN,jun oncogene
JUNB,jun B proto-oncogene
JUND,jun D proto-oncogene
JUP,junction plakoglobin
KAL1,Kallmann syndrome 1 sequence
KALRN,"kalirin, RhoGEF kinase"
KANK1,KN motif and ankyrin repeat domains 1
KANK2,KN motif and ankyrin repeat domains 2
KANK3,KN motif and ankyrin repeat domains 3
KARS,lysyl-tRNA synthetase
KAT2A,K(lysine) acetyltransferase 2A
KAT2B,K(lysine) acetyltransferase 2B
KAT5,K(lysine) acetyltransferase 5
KATNA1,katanin p60 (ATPase-containing) subunit A 1
KATNB1,katanin p80 (WD repeat containing) subunit B 1
KBTBD11,kelch repeat and BTB (POZ) domain containing 11
KBTBD2,kelch repeat and BTB (POZ) domain containing 2
KBTBD4,kelch repeat and BTB (POZ) domain containing 4
KCMF1,potassium channel modulatory factor 1
KCNAB1,"potassium voltage-gated channel, shaker-related subfamily, beta member 1"
KCNAB2,"potassium voltage-gated channel, shaker-related subfamily, beta member 2"
KCNB1,"potassium voltage-gated channel, Shab-related subfamily, member 1"
KCND3,"potassium voltage-gated channel, Shal-related subfamily, member 3"
KCNE4,"potassium voltage-gated channel, Isk-related family, member 4"
KCNH6,"potassium voltage-gated channel, subfamily H (eag-related), member 6"
KCNJ1,"potassium inwardly-rectifying channel, subfamily J, member 1"
KCNJ14,"potassium inwardly-rectifying channel, subfamily J, member 14"
KCNJ15,"potassium inwardly-rectifying channel, subfamily J, member 15"
KCNJ16,"potassium inwardly-rectifying channel, subfamily J, member 16"
KCNJ2,"potassium inwardly-rectifying channel, subfamily J, member 2"
KCNJ8,"potassium inwardly-rectifying channel, subfamily J, member 8"
KCNK1,"potassium channel, subfamily K, member 1"
KCNK10,"potassium channel, subfamily K, member 10"
KCNK3,"potassium channel, subfamily K, member 3"
KCNK5,"potassium channel, subfamily K, member 5"
KCNMA1,"potassium large conductance calcium-activated channel, subfamily M, alpha member 1"
KCNMB4,"potassium large conductance calcium-activated channel, subfamily M, beta member 4"
KCNS3,"potassium voltage-gated channel, delayed-rectifier, subfamily S, member 3"
KCTD12,potassium channel tetramerisation domain containing 12
KCTD13,potassium channel tetramerisation domain containing 13
KCTD14,potassium channel tetramerisation domain containing 14
KCTD15,potassium channel tetramerisation domain containing 15
KCTD2,potassium channel tetramerisation domain containing 2
KCTD3,potassium channel tetramerisation domain containing 3
KCTD7,potassium channel tetramerisation domain containing 7
KCTD9,potassium channel tetramerisation domain containing 9
KDELC1,KDEL (Lys-Asp-Glu-Leu) containing 1
KDELR1,KDEL (Lys-Asp-Glu-Leu) endoplasmic reticulum protein retention receptor 1
KDELR2,KDEL (Lys-Asp-Glu-Leu) endoplasmic reticulum protein retention receptor 2
KDELR3,KDEL (Lys-Asp-Glu-Leu) endoplasmic reticulum protein retention receptor 3
KDR,kinase insert domain receptor (a type III receptor tyrosine kinase)
KDSR,3-ketodihydrosphingosine reductase
KEAP1,kelch-like ECH-associated protein 1
KHDC1,KH homology domain containing 1 /// sperm autoantigenic protein 17
KHDRBS1,"KH domain containing, RNA binding, signal transduction associated 1"
KHDRBS3,"KH domain containing, RNA binding, signal transduction associated 3"
KHK,ketohexokinase (fructokinase)
KHSRP,KH-type splicing regulatory protein
KIAA0020,KIAA0020
KIAA0040,KIAA0040
KIAA0090,KIAA0090
KIAA0100,KIAA0100
KIAA0101,KIAA0101
KIAA0141,KIAA0141
KIAA0146,KIAA0146
KIAA0174,KIAA0174
KIAA0182,KIAA0182
KIAA0195,KIAA0195
KIAA0196,KIAA0196
KIAA0226,KIAA0226
KIAA0232,KIAA0232
KIAA0240,KIAA0240
KIAA0247,KIAA0247
KIAA0256,KIAA0256 gene product
KIAA0284,KIAA0284
KIAA0317,KIAA0317
KIAA0323,KIAA0323
KIAA0329,KIAA0329
KIAA0355,KIAA0355
KIAA0368,KIAA0368
KIAA0391,KIAA0391
KIAA0406,KIAA0406
KIAA0409,KIAA0409
KIAA0415,KIAA0415
KIAA0427,KIAA0427
KIAA0430,KIAA0430
KIAA0467,KIAA0467
KIAA0485,hypothetical LOC57235
KIAA0492,KIAA0492 protein
KIAA0494,KIAA0494
KIAA0495,KIAA0495
KIAA0513,KIAA0513
KIAA0528,KIAA0528
KIAA0556,KIAA0556
KIAA0562,KIAA0562
KIAA0564,KIAA0564
KIAA0644,KIAA0644 gene product
KIAA0649,KIAA0649
KIAA0652,KIAA0652
KIAA0664,KIAA0664
KIAA0746,KIAA0746 protein /// serine incorporator 2
KIAA0748,KIAA0748
KIAA0754,hypothetical LOC643314
KIAA0776,KIAA0776
KIAA0802,KIAA0802
KIAA0831,KIAA0831
KIAA0841,KIAA0841
KIAA0859,KIAA0859
KIAA0892,KIAA0892
KIAA0894,KIAA0894 protein
KIAA0895,KIAA0895
KIAA0907,KIAA0907
KIAA0913,KIAA0913 /// spermidine/spermine N1-acetyltransferase 1
KIAA0922,KIAA0922
KIAA0947,KIAA0947 protein
KIAA0999,KIAA0999 protein
KIAA1009,KIAA1009
KIAA1012,KIAA1012
KIAA1033,KIAA1033
KIAA1107,KIAA1107
KIAA1109,KIAA1109
KIAA1128,KIAA1128
KIAA1219,KIAA1219
KIAA1245,"KIAA1245 /// neuroblastoma breakpoint family, member 1 /// neuroblastoma breakpoint family, member 10 /// neuroblastoma breakpoint family, member 11 /// neuroblastoma breakpoint family, member 12 /// neuroblastoma breakpoint family, member 14 /// neuroblastoma breakpoint family, member 15 /// neuroblastoma breakpoint family, member 16 /// neuroblastoma breakpoint family, member 20 /// neuroblastoma breakpoint family, member 8 /// neuroblastoma breakpoint family, member 9 /// hypothetical protein LOC200030"
KIAA1279,KIAA1279
KIAA1324,KIAA1324
KIAA1462,KIAA1462
KIAA1466,KIAA1466 gene
KIAA1539,KIAA1539
KIAA1598,KIAA1598
KIAA1609,KIAA1609
KIAA1659,KIAA1659 protein
KIAA1704,KIAA1704
KIAA1797,KIAA1797
KIDINS220,"kinase D-interacting substrate, 220kDa"
KIF13B,kinesin family member 13B
KIF14,kinesin family member 14
KIF16B,kinesin family member 16B
KIF18B,kinesin family member 18B
KIF1B,kinesin family member 1B
KIF22,kinesin family member 22
KIF2A,kinesin heavy chain member 2A
KIF2C,kinesin family member 2C
KIF3A,kinesin family member 3A
KIF3B,kinesin family member 3B
KIF4A,kinesin family member 4A
KIF5A,kinesin family member 5A
KIF5B,kinesin family member 5B
KIFAP3,kinesin-associated protein 3
KIFC3,kinesin family member C3
KIN,"KIN, antigenic determinant of recA protein homolog (mouse)"
KIT,v-kit Hardy-Zuckerman 4 feline sarcoma viral oncogene homolog
KL,klotho
KLC1,kinesin light chain 1
KLF1,Kruppel-like factor 1 (erythroid)
KLF10,Kruppel-like factor 10
KLF11,Kruppel-like factor 11
KLF12,Kruppel-like factor 12
KLF13,Kruppel-like factor 13
KLF2,Kruppel-like factor 2 (lung)
KLF3,Kruppel-like factor 3 (basic)
KLF4,Kruppel-like factor 4 (gut)
KLF5,Kruppel-like factor 5 (intestinal)
KLF6,Kruppel-like factor 6
KLF7,Kruppel-like factor 7 (ubiquitous)
KLF9,Kruppel-like factor 9
KLHDC10,kelch domain containing 10
KLHDC2,kelch domain containing 2
KLHDC3,kelch domain containing 3
KLHDC4,kelch domain containing 4
KLHL18,kelch-like 18 (Drosophila)
KLHL2,"kelch-like 2, Mayven (Drosophila)"
KLHL20,kelch-like 20 (Drosophila)
KLHL21,kelch-like 21 (Drosophila)
KLHL22,kelch-like 22 (Drosophila)
KLHL23,kelch-like 23 (Drosophila)
KLHL24,kelch-like 24 (Drosophila)
KLHL26,kelch-like 26 (Drosophila)
KLHL3,kelch-like 3 (Drosophila)
KLHL7,kelch-like 7 (Drosophila)
KLHL9,kelch-like 9 (Drosophila)
KLK1,kallikrein 1
KLK13,kallikrein-related peptidase 13
KLKB1,"kallikrein B, plasma (Fletcher factor) 1"
KMO,kynurenine 3-monooxygenase (kynurenine 3-hydroxylase)
KNG1,kininogen 1
KNTC1,kinetochore associated 1
KPNA1,karyopherin alpha 1 (importin alpha 5)
KPNA2,"karyopherin alpha 2 (RAG cohort 1, importin alpha 1) /// karyopherin alpha-2 subunit like"
KPNA3,karyopherin alpha 3 (importin alpha 4)
KPNA6,karyopherin alpha 6 (importin alpha 7)
KPNB1,karyopherin (importin) beta 1
KRAS,v-Ki-ras2 Kirsten rat sarcoma viral oncogene homolog
KRCC1,lysine-rich coiled-coil 1
KRIT1,"KRIT1, ankyrin repeat containing"
KRR1,"KRR1, small subunit (SSU) processome component, homolog (yeast)"
KRT10,keratin 10
KRT18,keratin 18
KRT7,keratin 7
KRT8,keratin 8
KRT86,keratin 86 /// hypothetical protein LOC100134394
KTELC1,KTEL (Lys-Tyr-Glu-Leu) containing 1
KTN1,kinectin 1 (kinesin receptor)
KYNU,kynureninase (L-kynurenine hydrolase)
L1CAM,L1 cell adhesion molecule
L2HGDH,L-2-hydroxyglutarate dehydrogenase
L3MBTL,l(3)mbt-like (Drosophila)
LACTB2,"lactamase, beta 2"
LAD1,ladinin 1
LAGE3,"L antigen family, member 3"
LAIR1,leukocyte-associated immunoglobulin-like receptor 1
LAIR2,leukocyte-associated immunoglobulin-like receptor 2
LAMA2,"laminin, alpha 2"
LAMA4,"laminin, alpha 4"
LAMA5,"laminin, alpha 5"
LAMB1,"laminin, beta 1"
LAMB2,"laminin, beta 2 (laminin S)"
LAMC1,"laminin, gamma 1 (formerly LAMB2)"
LAMC2,"laminin, gamma 2"
LAMC3,"laminin, gamma 3"
LAMP1,lysosomal-associated membrane protein 1
LAMP2,lysosomal-associated membrane protein 2
LANCL1,LanC lantibiotic synthetase component C-like 1 (bacterial)
LANCL2,LanC lantibiotic synthetase component C-like 2 (bacterial)
LAP3,leucine aminopeptidase 3
LAPTM4A,lysosomal protein transmembrane 4 alpha
LAPTM4B,lysosomal protein transmembrane 4 beta
LAPTM5,lysosomal multispanning membrane protein 5
LARGE,like-glycosyltransferase
LARP1,"La ribonucleoprotein domain family, member 1"
LARP4,"La ribonucleoprotein domain family, member 4"
LARP5,"La ribonucleoprotein domain family, member 5"
LARP6,"La ribonucleoprotein domain family, member 6"
LARP7,"La ribonucleoprotein domain family, member 7"
LARS,leucyl-tRNA synthetase
LARS2,"leucyl-tRNA synthetase 2, mitochondrial"
LAS1L,LAS1-like (S. cerevisiae)
LASP1,LIM and SH3 protein 1
LASS2,"LAG1 homolog, ceramide synthase 2"
LASS4,"LAG1 homolog, ceramide synthase 4"
LASS6,"LAG1 homolog, ceramide synthase 6"
LAT,linker for activation of T cells /// spinster homolog 1 (Drosophila)
LAT2,"linker for activation of T cells family, member 2"
LAX1,lymphocyte transmembrane adaptor 1
LBA1,lupus brain antigen 1
LBH,limb bud and heart development homolog (mouse)
LBR,lamin B receptor
LCK,lymphocyte-specific protein tyrosine kinase
LCMT1,leucine carboxyl methyltransferase 1
LCMT2,leucine carboxyl methyltransferase 2
LCP1,lymphocyte cytosolic protein 1 (L-plastin)
LCP2,lymphocyte cytosolic protein 2 (SH2 domain containing leukocyte protein of 76kDa)
LDB1,LIM domain binding 1
LDB2,LIM domain binding 2
LDHA,lactate dehydrogenase A
LDHB,lactate dehydrogenase B
LDLR,low density lipoprotein receptor
LDLRAP1,low density lipoprotein receptor adaptor protein 1
LDOC1,"leucine zipper, down-regulated in cancer 1"
LEF1,lymphoid enhancer-binding factor 1
LEFTY1,left-right determination factor 1
LEMD3,LEM domain containing 3
LEPR,leptin receptor
LEPRE1,leucine proline-enriched proteoglycan (leprecan) 1
LEPREL1,leprecan-like 1
LEPROT,leptin receptor overlapping transcript
LEPROTL1,leptin receptor overlapping transcript-like 1
LETM1,leucine zipper-EF-hand containing transmembrane protein 1
LETMD1,LETM1 domain containing 1
LGALS1,"lectin, galactoside-binding, soluble, 1"
LGALS14,"lectin, galactoside-binding, soluble, 14"
LGALS2,"lectin, galactoside-binding, soluble, 2"
LGALS3,"lectin, galactoside-binding, soluble, 3"
LGALS3BP,"lectin, galactoside-binding, soluble, 3 binding protein"
LGALS4,"lectin, galactoside-binding, soluble, 4"
LGALS8,"lectin, galactoside-binding, soluble, 8"
LGALS9,"lectin, galactoside-binding, soluble, 9"
LGMN,legumain
LGR4,leucine-rich repeat-containing G protein-coupled receptor 4
LGTN,ligatin
LHFP,lipoma HMGIC fusion partner
LHFPL2,lipoma HMGIC fusion partner-like 2
LHPP,phospholysine phosphohistidine inorganic pyrophosphate phosphatase
LHX3,LIM homeobox 3
LHX6,LIM homeobox 6
LIF,leukemia inhibitory factor (cholinergic differentiation factor)
LIFR,leukemia inhibitory factor receptor alpha
LIG4,"ligase IV, DNA, ATP-dependent"
LILRA2,"leukocyte immunoglobulin-like receptor, subfamily A (with TM domain), member 2"
LILRA5,"leukocyte immunoglobulin-like receptor, subfamily A (with TM domain), member 5"
LILRA6,"leukocyte immunoglobulin-like receptor, subfamily A (with TM domain), member 6"
LILRB1,"leukocyte immunoglobulin-like receptor, subfamily B (with TM and ITIM domains), member 1"
LILRB2,"leukocyte immunoglobulin-like receptor, subfamily B (with TM and ITIM domains), member 2"
LILRB4,"leukocyte immunoglobulin-like receptor, subfamily B (with TM and ITIM domains), member 4"
LILRB5,"leukocyte immunoglobulin-like receptor, subfamily B (with TM and ITIM domains), member 5"
LIMA1,LIM domain and actin binding 1
LIMCH1,LIM and calponin homology domains 1
LIMD1,LIM domains containing 1
LIME1,Lck interacting transmembrane adaptor 1
LIMK2,LIM domain kinase 2
LIMS1,LIM and senescent cell antigen-like domains 1
LIMS2,LIM and senescent cell antigen-like domains 2
LIN37,lin-37 homolog (C. elegans)
LIN7C,lin-7 homolog C (C. elegans)
LIPA,"lipase A, lysosomal acid, cholesterol esterase"
LIPG,"lipase, endothelial"
LIPT1,lipoyltransferase 1
LITAF,lipopolysaccharide-induced TNF factor
LLGL2,lethal giant larvae homolog 2 (Drosophila)
LMAN2,"lectin, mannose-binding 2"
LMAN2L,"lectin, mannose-binding 2-like"
LMBR1L,limb region 1 homolog (mouse)-like
LMBRD1,LMBR1 domain containing 1
LMCD1,LIM and cysteine-rich domains 1
LMF1,lipase maturation factor 1
LMF2,lipase maturation factor 2
LMNA,lamin A/C
LMNB1,lamin B1
LMO2,LIM domain only 2 (rhombotin-like 1)
LMO4,LIM domain only 4
LMOD1,leiomodin 1 (smooth muscle)
LOC100127918,similar to small ubiquitin-related modifier 2 /// similar to SMT3B protein /// SMT3 suppressor of mif two 3 homolog 2 (S. cerevisiae) /// SMT3 suppressor of mif two 3 homolog 4 (S. cerevisiae)
LOC100127998,"hypothetical protein LOC100127998 /// syntrophin, gamma 1"
LOC100128140,"similar to ribosomal protein S4, X-linked /// similar to Ribosomal protein S4, X-linked /// hypothetical LOC442162 /// ribosomal protein S4, X-linked"
LOC100128223,hypothetical protein LOC100128223 /// TAR DNA binding protein
LOC100128443,hypothetical protein LOC100128443 /// microtubule associated serine/threonine kinase family member 4
LOC100129250,similar to hCG1811779
LOC100129361,hypothetical protein LOC100129361
LOC100129482,similar to zinc finger protein 37a (KOX 21) /// zinc finger protein 37A /// zinc finger protein 37B
LOC100129513,similar to PRO0756
LOC100130100,similar to hCG26659
LOC100130216,"hypothetical protein LOC100130216 /// ubiquitin specific peptidase 9, Y-linked (fat facets-like, Drosophila)"
LOC100130233,"similar to NPM1 protein /// similar to nucleophosmin (nucleolar phosphoprotein B23, numatrin)"
LOC100130553,hypothetical protein LOC100130553 /// ribosomal protein S18
LOC100130624,hypothetical LOC100130624
LOC100130633,"similar to ZMYM6 protein /// zinc finger, MYM-type 6"
LOC100130886,hypothetical protein LOC100130886 /// transmembrane protein 164
LOC100131062,"similar to protein tyrosine phosphatase type IVA, member 3 /// protein tyrosine phosphatase type IVA, member 3"
LOC100131178,hypothetical protein LOC100131178 /// PQ loop repeat containing 1
LOC100131317,similar to hCG1781072 /// POU class 4 homeobox 1
LOC100131612,"similar to cofactor required for Sp1 transcriptional activation, subunit 8, 34kDa /// mediator complex subunit 27"
LOC100131713,similar to ribosomal protein L29 /// ribosomal protein L29 /// ribosomal protein L29 pseudogene 4
LOC100131861,hypothetical protein LOC100131861 /// sorting and assembly machinery component 50 homolog (S. cerevisiae)
LOC100132134,similar to LOC653391 protein /// hypothetical protein LOC100134401 /// similar to Beta-glucuronidase-like protein SMA3
LOC100132214,similar to HSPC047 protein /// similar to RAS p21 protein activator 4 /// similar to HSPC047 protein /// RAS p21 protein activator 4
LOC100132235,hypothetical protein LOC100132235 /// proline-rich nuclear receptor coactivator 2
LOC100132247,similar to Uncharacterized protein KIAA0220 /// PI-3-kinase-related kinase SMG-1 isoform 1 homolog /// nuclear pore complex interacting protein pseudogene
LOC100132430,hypothetical LOC100132430
LOC100132540,similar to LOC339047 protein /// similar to LOC339047 protein /// hypothetical protein LOC339047 /// nuclear pore complex interacting protein
LOC100132832,postmeiotic segregation increased 2-like 5-like /// PMS2 postmeiotic segregation increased 2 (S. cerevisiae)-like /// similar to postmeiotic segregation increased 2-like 2 /// postmeiotic segregation increased 2-like 1 pseudogene /// postmeiotic segregation increased 2-like 2 pseudogene /// postmeiotic segregation increased 2-like 5
LOC100133005,similar to RAS p21 protein activator 4 /// similar to HSPC047 protein /// RAS p21 protein activator 4 /// RAS p21 protein activator 4 pseudogene
LOC100133109,similar to histone
LOC100133166,similar to neighbor of BRCA1 gene 1 /// neighbor of BRCA1 gene 1
LOC100133233,hypothetical protein LOC100133233 /// TRAF3 interacting protein 3
LOC100133572,"similar to seven transmembrane helix receptor /// seven transmembrane helix receptor /// olfactory receptor, family 7, subfamily E, member 87 pseudogene /// unc-93 homolog B2 pseudogene (C. elegans)"
LOC100133585,"similar to RABEP2 protein /// rabaptin, RAB GTPase binding effector protein 2"
LOC100133662,"hypothetical protein LOC100133662 /// ribosomal protein S4, Y-linked 1"
LOC100133665,similar to transaldolase /// transaldolase 1
LOC100133724,similar to Voltage-dependent anion-selective channel protein 1 (VDAC-1) (hVDAC1) (Outer mitochondrial membrane protein porin 1) (Plasmalemmal porin) (Porin 31HL) (Porin 31HM)
LOC100133772,"similar to MCT /// solute carrier family 16, member 5 (monocarboxylic acid transporter 6)"
LOC100133946,similar to mature T-cell proliferations 1 /// mature T-cell proliferation 1
LOC100134190,similar to low density lipoprotein-related protein 1 (alpha-2-macroglobulin receptor) /// low density lipoprotein-related protein 1 (alpha-2-macroglobulin receptor)
LOC100134295,"similar to Solute carrier organic anion transporter family, member 4A1 /// solute carrier organic anion transporter family, member 4A1"
LOC100134363,hypothetical protein LOC100134363 /// hypothetical protein LOC100134366 /// plasminogen-like A /// plasminogen-like B1 /// plasminogen-like B2
LOC100134401,hypothetical protein LOC100134401
LOC100134440,similar to PGBD5 protein /// piggyBac transposable element derived 5
LOC100170939,"glucuronidase, beta pseudogene"
LOC128192,similar to peptidyl-Pro cis trans isomerase /// similar to peptidyl-Pro cis trans isomerase /// hypothetical LOC202227 /// similar to peptidyl-Pro cis trans isomerase /// similar to peptidyl-Pro cis trans isomerase /// hypothetical LOC391532 /// similar to peptidylprolyl isomerase A-like /// similar to peptidylprolyl isomerase A-like /// similar to peptidylprolyl isomerase A-like /// similar to peptidylprolyl isomerase A isoform 1 /// peptidylprolyl isomerase A (cyclophilin A) /// hypothetical LOC402644
LOC146053,similar to 40S ribosomal protein S3a /// similar to ribosomal protein S3A /// similar to v-fos transformation effector protein /// similar to ribosomal protein S3A /// similar to ribosomal protein S3A /// ribosomal protein S3A
LOC150759,hypothetical protein LOC150759
LOC151162,hypothetical LOC151162
LOC152719,hypothetical protein LOC152719
LOC161527,hypothetical protein LOC161527 /// promyelocytic leukemia
LOC171220,destrin-2 pseudogene
LOC201229,hypothetical protein LOC201229
LOC220594,TL132 protein
LOC222070,hypothetical protein LOC222070
LOC257152,hypothetical protein LOC257152
LOC26010,viral DNA polymerase-transactivated protein 6
LOC284889,hypothetical protein LOC284889 /// macrophage migration inhibitory factor (glycosylation-inhibiting factor)
LOC285053,similar to ribosomal protein L18a /// ribosomal protein L18a pseudogene /// ribosomal protein L18a
LOC285359,phosducin-like 3 pseudogene /// phosducin-like 3
LOC285412,similar to KIAA0737 protein /// TOX high mobility group box family member 4
LOC286434,hypothetical protein LOC286434 /// similar to Serine/threonine-protein kinase PRKX (Protein kinase PKX1) /// hypothetical protein LOC441528 /// similar to hCG1981372 /// similar to LOC389906 protein
LOC286440,hypothetical protein LOC286440
LOC339047,hypothetical protein LOC339047
LOC339562,similar to hCG1742442
LOC376693,hypothetical LOC376693 /// similar to ribosomal protein S10 /// similar to hCG2000485 /// similar to ribosomal protein S10 /// similar to ribosomal protein S10 /// similar to ribosomal protein S10 /// similar to ribosomal protein S10 /// ribosomal protein S10 /// ribosomal protein S10-like /// ribosomal protein S10 pseudogene 3
LOC388524,ribosomal protein SA pseudogene /// similar to 40S ribosomal protein SA (p40) (34/67 kDa laminin receptor) (Colon carcinoma laminin-binding protein) (NEM/1CHD4) (Multidrug resistance-associated protein MGr1-Ag) /// 40S ribosomal protein SA pseudogene /// ribosomal protein SA
LOC388796,hypothetical LOC388796
LOC388907,similar to MSTP030 /// similar to ribosomal protein L5 /// ribosomal protein L5
LOC390354,ribosomal protein L18a pseudogene /// ribosomal protein L18a
LOC390612,hypothetical LOC390612
LOC390998,similar to hCG1644589
LOC399491,LOC399491 protein
LOC400642,hypothetical LOC400642
LOC440348,similar to nuclear pore complex interacting protein
LOC440434,hypothetical protein FLJ11822
LOC441258,"CDNA: FLJ20949 fis, clone ADSE01902"
LOC441259,PMS2 postmeiotic segregation increased 2 (S. cerevisiae)-like /// similar to postmeiotic segregation increased 2-like 2 /// postmeiotic segregation increased 2-like 2 pseudogene /// postmeiotic segregation increased 2-like 5
LOC441453,"similar to olfactory receptor, family 7, subfamily A, member 17 /// olfactory receptor, family 7, subfamily E, member 18 pseudogene /// olfactory receptor, family 7, subfamily E, member 35 pseudogene /// olfactory receptor, family 7, subfamily E, member 37 pseudogene /// olfactory receptor, family 7, subfamily E, member 47 pseudogene"
LOC441533,60S ribosomal protein L26 pseudogene
LOC442497,"hypothetical protein LOC442497 /// solute carrier family 3 (activators of dibasic and neutral amino acid transport), member 2"
LOC552889,hypothetical protein LOC552889
LOC63920,transposon-derived Buster3 transposase-like
LOC642103,"similar to Maltase-glucoamylase, intestinal /// maltase-glucoamylase (alpha-glucosidase)"
LOC642236,similar to FRG1 protein (FSHD region gene 1 protein)
LOC642393,similar to mitochondrial ribosomal protein L20 /// mitochondrial ribosomal protein L20
LOC642741,similar to ribosomal protein L3
LOC643224,"similar to tubulin, beta 8"
LOC643287,similar to prothymosin alpha
LOC643293,Clone 161455-2-3 B cell expressed mRNA from chromosome X
LOC644096,hypothetical protein LOC644096
LOC644191,similar to hCG15685 /// similar to 40S ribosomal protein S26 /// ribosomal protein S26
LOC644315,similar to ribosomal protein S7 /// ribosomal protein S7
LOC644617,hypothetical LOC644617
LOC645233,thymine-DNA glycosylase pseudogene /// thymine-DNA glycosylase
LOC645452,similar to hCG1782414
LOC646208,nuclear undecaprenyl pyrophosphate synthase 1 pseudogene /// nuclear undecaprenyl pyrophosphate synthase 1 homolog (S. cerevisiae) /// YDD19 protein
LOC646808,hypothetical LOC646808
LOC648390,similar to ubiquitin B /// ribosomal protein S27a /// ubiquitin B /// ubiquitin C
LOC649299,similar to mCG7611 /// ribosomal protein L36a
LOC649851,"similar to Superfast myosin regulatory light chain 2 (MyLC-2) (MYLC2) (Myosin regulatory light chain 5) /// myosin, light chain 5, regulatory"
LOC652147,"similar to U5 snRNP-specific protein, 200 kDa"
LOC652607,"similar to Polyadenylate-binding protein 1 (Poly(A)-binding protein 1) (PABP 1) /// poly(A) binding protein, cytoplasmic 1 /// poly(A) binding protein, cytoplasmic 3 /// poly(A) binding protein, cytoplasmic pseudogene 5"
LOC652637,similar to junction-mediating and regulatory protein /// WAS protein homology region 2 domain containing 1-like 1
LOC652900,similar to seizure related 6 homolog (mouse)-like 2 isoform 1 /// seizure related 6 homolog (mouse)-like 2
LOC653380,"TBC1 domain family member 3C-like protein ENSP00000341742 /// similar to TBC1 domain family member 3 (Rab GTPase-activating protein PRC17) (Prostate cancer gene 17 protein) (TRE17 alpha protein) /// TBC1 domain family member 3-like protein LOC729837 /// TBC1 domain family, member 3 /// TBC1 domain family, member 3B /// TBC1 domain family, member 3C /// TBC1 domain family, member 3E /// TBC1 domain family, member 3F /// TBC1 domain family, member 3G /// TBC1 domain family, member 3H"
LOC653562,"hypothetical LOC653562 /// solute carrier family 6 (neurotransmitter transporter, creatine), member 10 (pseudogene) /// solute carrier family 6 (neurotransmitter transporter, creatine), member 8"
LOC653566,signal peptidase complex subunit 2 homolog pseudogene /// signal peptidase complex subunit 2 homolog (S. cerevisiae)
LOC653737,hypothetical LOC653737 /// ribosomal protein L21-like /// ribosomal protein L21
LOC654342,similar to lymphocyte-specific protein 1
LOC727762,"similar to NADH:ubiquinone oxidoreductase B15 subunit /// NADH dehydrogenase (ubiquinone) 1 beta subcomplex, 4, 15kDa"
LOC727901,hypothetical LOC727901 /// von Willebrand factor A domain containing 1
LOC728137,"similar to testis specific protein, Y-linked 1 /// similar to testis specific protein, Y-linked 1 /// similar to testis specific protein, Y-linked 1 /// testis specific protein, Y-linked 1"
LOC728344,similar to hCG1978918
LOC728855,hypothetical LOC728855
LOC728866,hypothetical LOC728866 /// magnesium transporter 1
LOC728944,similar to THAP domain-containing protein 4 /// THAP domain containing 4
LOC729222,"similar to mKIAA1230 protein /// PTPRF interacting protein, binding protein 1 (liprin beta 1)"
LOC729355,similar to TP53TG3 protein /// TP53 target 3
LOC729580,"PREDICTED: Homo sapiens hypothetical LOC729580 (LOC729580), mRNA"
LOC730051,similar to hCG2044798
LOC730227,hypothetical protein LOC730227
LOC730324,similar to postmeiotic segregation increased 2-like 2
LOC731602,similar to methyltransferase 11 domain containing 1 isoform 2 /// methyltransferase 11 domain containing 1
LOC731884,"PREDICTED: Homo sapiens similar to programmed cell death 6 interacting protein (LOC731884), mRNA"
LOC732160,"similar to NADH dehydrogenase (ubiquinone) 1 alpha subcomplex, 10, 42kDa precursor /// NADH dehydrogenase (ubiquinone) 1 alpha subcomplex, 10, 42kDa"
LOC791120,hypothetical LOC791120
LOC90379,hypothetical protein BC002926
LOC91316,"glucuronidase, beta/ immunoglobulin lambda-like polypeptide 1 pseudogene"
LOC92249,hypothetical LOC92249
LOH3CR2A,"loss of heterozygosity, 3, chromosomal region 2, gene A"
LONP1,"lon peptidase 1, mitochondrial"
LONP2,"Lon peptidase 2, peroxisomal (LONP2), mRNA"
LOX,lysyl oxidase
LPA,"lipoprotein, Lp(a)"
LPAR1,lysophosphatidic acid receptor 1
LPCAT1,lysophosphatidylcholine acyltransferase 1
LPCAT3,lysophosphatidylcholine acyltransferase 3
LPGAT1,lysophosphatidylglycerol acyltransferase 1
LPHN1,latrophilin 1
LPHN2,latrophilin 2
LPIN1,lipin 1
LPIN2,lipin 2
LPL,lipoprotein lipase
LPP,LIM domain containing preferred translocation partner in lipoma
LPPR4,plasticity related gene 1
LPXN,leupaxin
LRBA,"LPS-responsive vesicle trafficking, beach and anchor containing"
LRCH3,leucine-rich repeats and calponin homology (CH) domain containing 3
LRCH4,leucine-rich repeats and calponin homology (CH) domain containing 4
LRIG2,leucine-rich repeats and immunoglobulin-like domains 2
LRMP,lymphoid-restricted membrane protein
LRP10,low density lipoprotein receptor-related protein 10
LRP12,low density lipoprotein-related protein 12
LRP2,low density lipoprotein-related protein 2
LRP4,low density lipoprotein receptor-related protein 4
LRP5,low density lipoprotein receptor-related protein 5
LRP6,low density lipoprotein receptor-related protein 6
LRP8,"low density lipoprotein receptor-related protein 8, apolipoprotein e receptor"
LRPAP1,low density lipoprotein receptor-related protein associated protein 1
LRPPRC,leucine-rich PPR-motif containing
LRRC1,leucine rich repeat containing 1
LRRC14,leucine rich repeat containing 14
LRRC15,leucine rich repeat containing 15
LRRC16A,leucine rich repeat containing 16A
LRRC17,leucine rich repeat containing 17
LRRC19,leucine rich repeat containing 19
LRRC2,leucine rich repeat containing 2
LRRC23,leucine rich repeat containing 23
LRRC32,leucine rich repeat containing 32
LRRC37A2,"CDNA FLJ34414 fis, clone HEART2003168, highly similar to Homo sapiens c114 SLIT-like testicular protein (LOC474170), mRNA"
LRRC40,leucine rich repeat containing 40
LRRC41,leucine rich repeat containing 41
LRRC42,leucine rich repeat containing 42
LRRC47,leucine rich repeat containing 47
LRRC48,leucine rich repeat containing 48
LRRC49,leucine rich repeat containing 49
LRRC59,leucine rich repeat containing 59
LRRC6,leucine rich repeat containing 6
LRRC8B,"leucine rich repeat containing 8 family, member B"
LRRC8D,"leucine rich repeat containing 8 family, member D"
LRRFIP1,leucine rich repeat (in FLII) interacting protein 1
LRRFIP2,leucine rich repeat (in FLII) interacting protein 2
LSG1,large subunit GTPase 1 homolog (S. cerevisiae)
LSM1,"LSM1 homolog, U6 small nuclear RNA associated (S. cerevisiae)"
LSM12,LSM12 homolog (S. cerevisiae)
LSM14A,"LSM14A, SCD6 homolog A (S. cerevisiae)"
LSM2,"LSM2 homolog, U6 small nuclear RNA associated (S. cerevisiae)"
LSM3,"LSM3 homolog, U6 small nuclear RNA associated (S. cerevisiae)"
LSM4,"LSM4 homolog, U6 small nuclear RNA associated (S. cerevisiae)"
LSM5,"LSM5 homolog, U6 small nuclear RNA associated (S. cerevisiae)"
LSM6,"LSM6 homolog, U6 small nuclear RNA associated (S. cerevisiae)"
LSM7,"LSM7 homolog, U6 small nuclear RNA associated (S. cerevisiae)"
LSM8,"LSM8 homolog, U6 small nuclear RNA associated (S. cerevisiae)"
LSP1,lymphocyte-specific protein 1
LSR,lipolysis stimulated lipoprotein receptor
LSS,"lanosterol synthase (2,3-oxidosqualene-lanosterol cyclase)"
LST1,leukocyte specific transcript 1
LTA4H,leukotriene A4 hydrolase
LTB,"lymphotoxin beta (TNF superfamily, member 3)"
LTBP1,latent transforming growth factor beta binding protein 1
LTBP2,latent transforming growth factor beta binding protein 2
LTBP3,latent transforming growth factor beta binding protein 3
LTBR,"lymphotoxin beta receptor (TNFR superfamily, member 3)"
LTF,lactotransferrin
LUC7L,LUC7-like (S. cerevisiae)
LUC7L2,LUC7-like 2 (S. cerevisiae)
LUM,lumican
LUZP1,leucine zipper protein 1
LXN,latexin
LY6E,"lymphocyte antigen 6 complex, locus E"
LY6G5C,"lymphocyte antigen 6 complex, locus G5C"
LY6H,"lymphocyte antigen 6 complex, locus H"
LY75,lymphocyte antigen 75
LY86,lymphocyte antigen 86
LY96,lymphocyte antigen 96
LYN,v-yes-1 Yamaguchi sarcoma viral related oncogene homolog
LYPLA1,lysophospholipase I
LYPLA2,lysophospholipase II
LYPLA2P1,lysophospholipase II pseudogene 1
LYRM1,LYR motif containing 1
LYRM2,LYR motif containing 2
LYRM4,LYR motif containing 4
LYST,lysosomal trafficking regulator
LYZ,lysozyme (renal amyloidosis)
LZTFL1,leucine zipper transcription factor-like 1
LZTR1,leucine-zipper-like transcription regulator 1
LZTS1,"leucine zipper, putative tumor suppressor 1"
M6PR,mannose-6-phosphate receptor (cation dependent)
M6PRBP1,mannose-6-phosphate receptor binding protein 1
MACF1,microtubule-actin crosslinking factor 1
MACROD1,MACRO domain containing 1
MAD1L1,MAD1 mitotic arrest deficient-like 1 (yeast)
MAD2L1,MAD2 mitotic arrest deficient-like 1 (yeast)
MAD2L1BP,MAD2L1 binding protein
MADCAM1,mucosal vascular addressin cell adhesion molecule 1
MADD,MAP-kinase activating death domain
MAEA,macrophage erythroblast attacher
MAF,v-maf musculoaponeurotic fibrosarcoma oncogene homolog (avian)
MAFB,v-maf musculoaponeurotic fibrosarcoma oncogene homolog B (avian)
MAFF,v-maf musculoaponeurotic fibrosarcoma oncogene homolog F (avian)
MAFG,v-maf musculoaponeurotic fibrosarcoma oncogene homolog G (avian)
MAGED1,"melanoma antigen family D, 1"
MAGED2,"melanoma antigen family D, 2"
MAGEF1,"melanoma antigen family F, 1"
MAGEH1,"melanoma antigen family H, 1"
MAGI1,"membrane associated guanylate kinase, WW and PDZ domain containing 1"
MAGI2,"membrane associated guanylate kinase, WW and PDZ domain containing 2"
MAGOH,"mago-nashi homolog, proliferation-associated (Drosophila)"
MAK10,"MAK10 homolog, amino-acid N-acetyltransferase subunit (S. cerevisiae)"
MAK16,MAK16 homolog (S. cerevisiae)
MAL,"mal, T-cell differentiation protein"
MALL,"mal, T-cell differentiation protein-like"
MALT1,mucosa associated lymphoid tissue lymphoma translocation gene 1
MAML1,mastermind-like 1 (Drosophila)
MAMLD1,mastermind-like domain containing 1
MAN1A1,"mannosidase, alpha, class 1A, member 1"
MAN1A2,"CDNA FLJ33521 fis, clone BRAMY2006366"
MAN1B1,"mannosidase, alpha, class 1B, member 1"
MAN1C1,"mannosidase, alpha, class 1C, member 1"
MAN2A1,"mannosidase, alpha, class 2A, member 1"
MAN2A2,"mannosidase, alpha, class 2A, member 2"
MAN2B1,"mannosidase, alpha, class 2B, member 1"
MAN2B2,"mannosidase, alpha, class 2B, member 2"
MAN2C1,"mannosidase, alpha, class 2C, member 1"
MANBA,"mannosidase, beta A, lysosomal"
MANEA,"mannosidase, endo-alpha"
MANSC1,MANSC domain containing 1
MAOA,monoamine oxidase A
MAOB,monoamine oxidase B
MAP1A,microtubule-associated protein 1A
MAP1B,microtubule-associated protein 1B
MAP1LC3B,microtubule-associated protein 1 light chain 3 beta
MAP1S,microtubule-associated protein 1S
MAP2K1,mitogen-activated protein kinase kinase 1
MAP2K2,mitogen-activated protein kinase kinase 2
MAP2K3,mitogen-activated protein kinase kinase 3
MAP2K4,mitogen-activated protein kinase kinase 4
MAP2K6,mitogen-activated protein kinase kinase 6
MAP3K11,mitogen-activated protein kinase kinase kinase 11
MAP3K12,mitogen-activated protein kinase kinase kinase 12
MAP3K13,mitogen-activated protein kinase kinase kinase 13
MAP3K14,mitogen-activated protein kinase kinase kinase 14
MAP3K2,mitogen-activated protein kinase kinase kinase 2
MAP3K3,mitogen-activated protein kinase kinase kinase 3
MAP3K4,mitogen-activated protein kinase kinase kinase 4
MAP3K5,mitogen-activated protein kinase kinase kinase 5
MAP3K6,mitogen-activated protein kinase kinase kinase 6
MAP3K7,TGF-beta activated kinase 1c
MAP3K7IP1,mitogen-activated protein kinase kinase kinase 7 interacting protein 1
MAP3K7IP2,mitogen-activated protein kinase kinase kinase 7 interacting protein 2
MAP3K8,mitogen-activated protein kinase kinase kinase 8
MAP3K9,mitogen-activated protein kinase kinase kinase 9
MAP4,microtubule-associated protein 4
MAP4K1,mitogen-activated protein kinase kinase kinase kinase 1
MAP4K3,mitogen-activated protein kinase kinase kinase kinase 3
MAP4K4,mitogen-activated protein kinase kinase kinase kinase 4
MAP4K5,mitogen-activated protein kinase kinase kinase kinase 5
MAP7,microtubule-associated protein 7
MAP7D1,MAP7 domain containing 1
MAP9,microtubule-associated protein 9
MAPK1,mitogen-activated protein kinase 1
MAPK10,mitogen-activated protein kinase 10
MAPK12,mitogen-activated protein kinase 12
MAPK13,mitogen-activated protein kinase 13
MAPK14,mitogen-activated protein kinase 14
MAPK1IP1L,mitogen-activated protein kinase 1 interacting protein 1-like
MAPK3,mitogen-activated protein kinase 3
MAPK6,mitogen-activated protein kinase 6
MAPK7,mitogen-activated protein kinase 7
MAPK8IP1,mitogen-activated protein kinase 8 interacting protein 1
MAPK8IP3,mitogen-activated protein kinase 8 interacting protein 3
MAPK9,mitogen-activated protein kinase 9
MAPKAP1,mitogen-activated protein kinase associated protein 1
MAPKAPK2,mitogen-activated protein kinase-activated protein kinase 2
MAPKAPK3,mitogen-activated protein kinase-activated protein kinase 3
MAPKAPK5,mitogen-activated protein kinase-activated protein kinase 5
MAPKSP1,MAPK scaffold protein 1
MAPRE1,"microtubule-associated protein, RP/EB family, member 1"
MAPRE2,"microtubule-associated protein, RP/EB family, member 2"
MAPT,microtubule-associated protein tau
MARCH1,membrane-associated ring finger (C3HC4) 1
MARCH2,membrane-associated ring finger (C3HC4) 2
MARCH3,membrane-associated ring finger (C3HC4) 3
MARCH5,membrane-associated ring finger (C3HC4) 5
MARCH6,membrane-associated ring finger (C3HC4) 6
MARCH7,membrane-associated ring finger (C3HC4) 7
MARCH8,membrane-associated ring finger (C3HC4) 8
MARCKS,myristoylated alanine-rich protein kinase C substrate
MARCKSL1,MARCKS-like 1
MARK1,MAP/microtubule affinity-regulating kinase 1
MARK3,MAP/microtubule affinity-regulating kinase 3
MARK4,MAP/microtubule affinity-regulating kinase 4
MARS,methionyl-tRNA synthetase
MASP1,mannan-binding lectin serine peptidase 1 (C4/C2 activating component of Ra-reactive factor)
MASP2,mannan-binding lectin serine peptidase 2
MAST2,microtubule associated serine/threonine kinase 2
MAST3,microtubule associated serine/threonine kinase 3
MAT2A,"methionine adenosyltransferase II, alpha"
MAT2B,"methionine adenosyltransferase II, beta"
MATN2,matrilin 2
MATR3,matrin 3
MAX,MYC associated factor X
MAZ,MYC-associated zinc finger protein (purine-binding transcription factor)
MB,myoglobin
MBD1,methyl-CpG binding domain protein 1
MBD2,methyl-CpG binding domain protein 2
MBD3,methyl-CpG binding domain protein 3
MBD4,methyl-CpG binding domain protein 4
MBD5,methyl-CpG binding domain protein 5
MBIP,MAP3K12 binding inhibitory protein 1
MBNL1,muscleblind-like (Drosophila)
MBNL2,muscleblind-like 2 (Drosophila)
MBOAT2,membrane bound O-acyltransferase domain containing 2
MBP,myelin basic protein
MBTPS1,"membrane-bound transcription factor peptidase, site 1"
MC1R,melanocortin 1 receptor (alpha melanocyte stimulating hormone receptor)
MCAM,melanoma cell adhesion molecule
MCAT,malonyl CoA:ACP acyltransferase (mitochondrial)
MCC,mutated in colorectal cancers
MCCC1,methylcrotonoyl-Coenzyme A carboxylase 1 (alpha)
MCCC2,methylcrotonoyl-Coenzyme A carboxylase 2 (beta)
MCF2L,MCF.2 cell line derived transforming sequence-like
MCFD2,multiple coagulation factor deficiency 2
MCL1,myeloid cell leukemia sequence 1 (BCL2-related)
MCM2,minichromosome maintenance complex component 2
MCM3,minichromosome maintenance complex component 3
MCM3AP,minichromosome maintenance complex component 3 associated protein
MCM3APAS,MCM3AP antisense RNA (non-protein coding)
MCM4,minichromosome maintenance complex component 4
MCM5,minichromosome maintenance complex component 5
MCM6,minichromosome maintenance complex component 6
MCM7,minichromosome maintenance complex component 7
MCM9,minichromosome maintenance complex component 9
MCRS1,microspherule protein 1
MCTP2,"multiple C2 domains, transmembrane 2"
MCTS1,malignant T cell amplified sequence 1
MDC1,mediator of DNA damage checkpoint 1
MDFIC,MyoD family inhibitor domain containing
MDH1,"malate dehydrogenase 1, NAD (soluble)"
MDH2,"malate dehydrogenase 2, NAD (mitochondrial)"
MDM1,Mdm1 nuclear protein homolog (mouse)
MDN1,"MDN1, midasin homolog (yeast)"
ME1,"malic enzyme 1, NADP(+)-dependent, cytosolic"
ME2,"malic enzyme 2, NAD(+)-dependent, mitochondrial"
ME3,"malic enzyme 3, NADP(+)-dependent, mitochondrial"
MEA1,male-enhanced antigen 1
MECP2,methyl CpG binding protein 2 (Rett syndrome)
MED1,mediator complex subunit 1
MED12,mediator complex subunit 12
MED13,mediator complex subunit 13
MED13L,mediator complex subunit 13-like
MED14,mediator complex subunit 14
MED15,mediator complex subunit 15
MED16,mediator complex subunit 16
MED17,mediator complex subunit 17
MED20,mediator complex subunit 20
MED21,mediator complex subunit 21
MED22,mediator complex subunit 22
MED23,mediator complex subunit 23
MED24,mediator complex subunit 24
MED28,Full length insert cDNA YN66D07
MED31,mediator complex subunit 31
MED4,mediator complex subunit 4
MED6,mediator complex subunit 6
MED7,mediator complex subunit 7
MED8,mediator complex subunit 8
MED9,mediator complex subunit 9
MEF2A,myocyte enhancer factor 2A
MEF2B,myocyte enhancer factor 2B
MEF2C,myocyte enhancer factor 2C
MEF2D,myocyte enhancer factor 2D
MEG3,maternally expressed 3 (non-protein coding)
MEGF8,multiple EGF-like-domains 8
MEGF9,multiple EGF-like-domains 9
MEIS1,Meis homeobox 1
MEIS2,Meis homeobox 2
MEIS3P1,Meis homeobox 3 pseudogene 1
MELK,maternal embryonic leucine zipper kinase
MEMO1,mediator of cell motility 1
MEN1,multiple endocrine neoplasia I
MEOX1,mesenchyme homeobox 1
MEPCE,methylphosphate capping enzyme
MERTK,c-mer proto-oncogene tyrosine kinase
MEST,mesoderm specific transcript homolog (mouse)
MET,met proto-oncogene (hepatocyte growth factor receptor)
METAP1,methionyl aminopeptidase 1
METAP2,methionyl aminopeptidase 2
METRN,"meteorin, glial cell differentiation regulator"
METTL1,methyltransferase like 1
METTL3,methyltransferase like 3
METTL4,methyltransferase like 4
METTL5,methyltransferase like 5
METTL7A,methyltransferase like 7A
METTL9,methyltransferase like 9
MEX3C,mex-3 homolog C (C. elegans)
MEX3D,OK/SW-CL.4
MFAP1,microfibrillar-associated protein 1
MFAP3,microfibrillar-associated protein 3
MFAP3L,microfibrillar-associated protein 3-like
MFAP5,microfibrillar associated protein 5
MFF,mitochondrial fission factor
MFHAS1,malignant fibrous histiocytoma amplified sequence 1
MFN1,mitofusin 1
MFN2,mitofusin 2
MFNG,MFNG O-fucosylpeptide 3-beta-N-acetylglucosaminyltransferase
MFSD1,major facilitator superfamily domain containing 1
MFSD10,major facilitator superfamily domain containing 10
MFSD11,major facilitator superfamily domain containing 11
MFSD5,major facilitator superfamily domain containing 5
MFSD7,major facilitator superfamily domain containing 7
MGA,MAX gene associated
MGAT1,"mannosyl (alpha-1,3-)-glycoprotein beta-1,2-N-acetylglucosaminyltransferase"
MGAT2,"mannosyl (alpha-1,6-)-glycoprotein beta-1,2-N-acetylglucosaminyltransferase"
MGAT4A,"mannosyl (alpha-1,3-)-glycoprotein beta-1,4-N-acetylglucosaminyltransferase, isozyme A"
MGAT4B,"mannosyl (alpha-1,3-)-glycoprotein beta-1,4-N-acetylglucosaminyltransferase, isozyme B"
MGAT4C,"mannosyl (alpha-1,3-)-glycoprotein beta-1,4-N-acetylglucosaminyltransferase, isozyme C (putative)"
MGC12488,hypothetical protein MGC12488
MGC13053,hypothetical MGC13053
MGC2752,hypothetical LOC65996
MGC3032,hypothetical protein MGC3032
MGC3196,hypothetical protein MGC3196
MGC39900,thymosin beta15b /// thymosin beta 15a
MGC4771,hypothetical LOC84754
MGC87895,similar to ribosomal protein S14 /// ribosomal protein S14
MGEA5,meningioma expressed antigen 5 (hyaluronidase)
MGLL,monoglyceride lipase
MGMT,O-6-methylguanine-DNA methyltransferase
MGP,matrix Gla protein
MGRN1,"mahogunin, ring finger 1"
MGST2,microsomal glutathione S-transferase 2
MGST3,microsomal glutathione S-transferase 3
MIA2,melanoma inhibitory activity 2
MIA3,"melanoma inhibitory activity family, member 3"
MICA,MHC class I polypeptide-related sequence A
MICAL1,"microtubule associated monoxygenase, calponin and LIM domain containing 1"
MICAL2,"microtubule associated monoxygenase, calponin and LIM domain containing 2"
MICAL3,"microtubule associated monoxygenase, calponin and LIM domain containing 3"
MICALL1,MICAL-like 1
MICB,MHC class I polypeptide-related sequence B
MID1,midline 1 (Opitz/BBB syndrome)
MID1IP1,MID1 interacting protein 1 (gastrulation specific G12 homolog (zebrafish))
MID2,midline 2
MIER2,"mesoderm induction early response 1, family member 2"
MINA,MYC induced nuclear antigen
MINK1,misshapen-like kinase 1 (zebrafish)
MINPP1,"multiple inositol polyphosphate histidine phosphatase, 1"
MIPEP,mitochondrial intermediate peptidase
MIR21,microRNA 21 /// transmembrane protein 49
MIS12,"MIS12, MIND kinetochore complex component, homolog (yeast)"
MITF,microphthalmia-associated transcription factor
MKKS,McKusick-Kaufman syndrome
MKL1,megakaryoblastic leukemia (translocation) 1
MKL2,MKL/myocardin-like 2
MKNK1,MAP kinase interacting serine/threonine kinase 1
MKNK2,MAP kinase interacting serine/threonine kinase 2
MKRN1,makorin ring finger protein 1
MKRN2,makorin ring finger protein 2
MKS1,"Meckel syndrome, type 1"
MLANA,melan-A
MLEC,malectin
MLF1,myeloid leukemia factor 1
MLF1IP,MLF1 interacting protein
MLF2,myeloid leukemia factor 2
MLH1,"mutL homolog 1, colon cancer, nonpolyposis type 2 (E. coli)"
MLH3,mutL homolog 3 (E. coli)
MLL,"myeloid/lymphoid or mixed-lineage leukemia (trithorax homolog, Drosophila)"
MLL4,myeloid/lymphoid or mixed-lineage leukemia 4
MLLT10,"myeloid/lymphoid or mixed-lineage leukemia (trithorax homolog, Drosophila); translocated to, 10"
MLLT11,"myeloid/lymphoid or mixed-lineage leukemia (trithorax homolog, Drosophila); translocated to, 11"
MLLT3,"myeloid/lymphoid or mixed-lineage leukemia (trithorax homolog, Drosophila); translocated to, 3"
MLPH,melanophilin
MLX,MAX-like protein X
MLXIP,MLX interacting protein
MLYCD,malonyl-CoA decarboxylase
MMADHC,"methylmalonic aciduria (cobalamin deficiency) cblD type, with homocystinuria"
MMD,monocyte to macrophage differentiation-associated
MME,membrane metallo-endopeptidase
MMP1,matrix metallopeptidase 1 (interstitial collagenase)
MMP11,matrix metallopeptidase 11 (stromelysin 3)
MMP12,matrix metallopeptidase 12 (macrophage elastase)
MMP14,matrix metallopeptidase 14 (membrane-inserted)
MMP19,matrix metallopeptidase 19
MMP2,"matrix metallopeptidase 2 (gelatinase A, 72kDa gelatinase, 72kDa type IV collagenase)"
MMP7,"matrix metallopeptidase 7 (matrilysin, uterine)"
MMP9,"matrix metallopeptidase 9 (gelatinase B, 92kDa gelatinase, 92kDa type IV collagenase)"
MMRN1,multimerin 1
MMRN2,multimerin 2
MMS19,MMS19 nucleotide excision repair homolog (S. cerevisiae)
MNDA,myeloid cell nuclear differentiation antigen
MNS1,meiosis-specific nuclear structural 1
MNT,MAX binding protein
MOAP1,modulator of apoptosis 1
MOBKL1B,"MOB1, Mps One Binder kinase activator-like 1B (yeast)"
MOBKL3,"MOB1, Mps One Binder kinase activator-like 3 (yeast)"
MOBP,myelin-associated oligodendrocyte basic protein
MOCOS,molybdenum cofactor sulfurase
MOCS1,molybdenum cofactor synthesis 1
MOCS2,molybdenum cofactor synthesis 2
MON2,MON2 homolog (S. cerevisiae)
MORC2,MORC family CW-type zinc finger 2
MORC3,MORC family CW-type zinc finger 3
MORC4,MORC family CW-type zinc finger 4
MORF4,mortality factor 4 /// mortality factor 4 like 1
MORF4L1,mortality factor 4 like 1
MORF4L2,mortality factor 4 like 2
MOS,v-mos Moloney murine sarcoma viral oncogene homolog
MOSC2,MOCO sulphurase C-terminal domain containing 2
MOSPD1,motile sperm domain containing 1
MOSPD2,motile sperm domain containing 2
MOSPD3,motile sperm domain containing 3
MOXD1,"monooxygenase, DBH-like 1"
MPDZ,multiple PDZ domain protein
MPG,N-methylpurine-DNA glycosylase
MPHOSPH10,M-phase phosphoprotein 10 (U3 small nucleolar ribonucleoprotein)
MPHOSPH6,M-phase phosphoprotein 6
MPHOSPH8,M-phase phosphoprotein 8
MPHOSPH9,M-phase phosphoprotein 9
MPI,mannose phosphate isomerase
MPP1,"membrane protein, palmitoylated 1, 55kDa"
MPP3,"membrane protein, palmitoylated 3 (MAGUK p55 subfamily member 3)"
MPP5,"membrane protein, palmitoylated 5 (MAGUK p55 subfamily member 5)"
MPPE1,metallophosphoesterase 1
MPPED2,metallophosphoesterase domain containing 2
MPRIP,myosin phosphatase Rho interacting protein
MPST,mercaptopyruvate sulfurtransferase
MPV17,MpV17 mitochondrial inner membrane protein
MPZL1,myelin protein zero-like 1
MPZL2,myelin protein zero-like 2
MR1,"major histocompatibility complex, class I-related"
MRC1,"mannose receptor, C type 1 /// mannose receptor, C type 1-like 1"
MRC2,"mannose receptor, C type 2"
MRCL3,myosin regulatory light chain MRCL3 /// myosin regulatory light chain MRLC2
MREG,melanoregulin
MRFAP1L1,Morf4 family associated protein 1-like 1
MRLC2,myosin regulatory light chain MRLC2
MRP63,mitochondrial ribosomal protein 63
MRPL11,mitochondrial ribosomal protein L11
MRPL12,mitochondrial ribosomal protein L12
MRPL13,mitochondrial ribosomal protein L13
MRPL15,mitochondrial ribosomal protein L15
MRPL16,mitochondrial ribosomal protein L16
MRPL17,mitochondrial ribosomal protein L17
MRPL18,mitochondrial ribosomal protein L18
MRPL19,mitochondrial ribosomal protein L19
MRPL2,mitochondrial ribosomal protein L2
MRPL22,mitochondrial ribosomal protein L22
MRPL23,mitochondrial ribosomal protein L23
MRPL24,mitochondrial ribosomal protein L24
MRPL28,mitochondrial ribosomal protein L28
MRPL3,mitochondrial ribosomal protein L3
MRPL33,mitochondrial ribosomal protein L33
MRPL34,mitochondrial ribosomal protein L34
MRPL35,mitochondrial ribosomal protein L35
MRPL39,mitochondrial ribosomal protein L39
MRPL4,mitochondrial ribosomal protein L4
MRPL40,mitochondrial ribosomal protein L40
MRPL42,mitochondrial ribosomal protein L42
MRPL44,mitochondrial ribosomal protein L44
MRPL46,mitochondrial ribosomal protein L46
MRPL48,mitochondrial ribosomal protein L48
MRPL49,mitochondrial ribosomal protein L49
MRPL52,"CDNA FLJ20443 fis, clone KAT05031"
MRPL9,mitochondrial ribosomal protein L9
MRPS10,mitochondrial ribosomal protein S10
MRPS11,mitochondrial ribosomal protein S11
MRPS12,mitochondrial ribosomal protein S12
MRPS14,mitochondrial ribosomal protein S14
MRPS15,mitochondrial ribosomal protein S15
MRPS17,mitochondrial ribosomal protein S17
MRPS18A,mitochondrial ribosomal protein S18A
MRPS18B,mitochondrial ribosomal protein S18B
MRPS2,mitochondrial ribosomal protein S2
MRPS22,mitochondrial ribosomal protein S22
MRPS27,mitochondrial ribosomal protein S27
MRPS28,mitochondrial ribosomal protein S28
MRPS30,mitochondrial ribosomal protein S30
MRPS31,mitochondrial ribosomal protein S31
MRPS33,mitochondrial ribosomal protein S33
MRPS34,mitochondrial ribosomal protein S34
MRPS35,mitochondrial ribosomal protein S35
MRPS7,mitochondrial ribosomal protein S7
MRS2,MRS2 magnesium homeostasis factor homolog (S. cerevisiae)
MS4A4A,"membrane-spanning 4-domains, subfamily A, member 4"
MS4A6A,"membrane-spanning 4-domains, subfamily A, member 6A"
MSC,musculin (activated B-cell factor-1)
MSH2,"mutS homolog 2, colon cancer, nonpolyposis type 1 (E. coli)"
MSH3,mutS homolog 3 (E. coli)
MSH4,mutS homolog 4 (E. coli)
MSH6,mutS homolog 6 (E. coli)
MSL1,male-specific lethal 1 homolog (Drosophila)
MSL2,male-specific lethal 2 homolog (Drosophila)
MSL3,male-specific lethal 3 homolog (Drosophila)
MSN,moesin
MSR1,macrophage scavenger receptor 1
MSRA,methionine sulfoxide reductase A
MSRB2,methionine sulfoxide reductase B2
MST1,macrophage stimulating 1 (hepatocyte growth factor-like)
MSTP9,"macrophage stimulating, pseudogene 9"
MSX1,msh homeobox 1
MT1E,metallothionein 1E
MT1F,metallothionein 1F
MT1G,metallothionein 1G
MT1H,metallothionein 1H
MT1M,metallothionein 1M
MT1P2,metallothionein 1 pseudogene 2
MT1X,metallothionein 1X
MT2A,metallothionein 2A
MT3,metallothionein 3
MTA1,metastasis associated 1
MTAP,methylthioadenosine phosphorylase
MTCH1,mitochondrial carrier homolog 1 (C. elegans)
MTCH2,mitochondrial carrier homolog 2 (C. elegans)
MTDH,"Metadherin, mRNA (cDNA clone IMAGE:4124124)"
MTERFD1,MTERF domain containing 1
MTF1,metal-regulatory transcription factor 1
MTF2,metal response element binding transcription factor 2
MTFR1,mitochondrial fission regulator 1
MTG1,mitochondrial GTPase 1 homolog (S. cerevisiae)
MTHFD1,"methylenetetrahydrofolate dehydrogenase (NADP+ dependent) 1, methenyltetrahydrofolate cyclohydrolase, formyltetrahydrofolate synthetase"
MTHFD2,"methylenetetrahydrofolate dehydrogenase (NADP+ dependent) 2, methenyltetrahydrofolate cyclohydrolase"
MTHFD2L,methylenetetrahydrofolate dehydrogenase (NADP+ dependent) 2-like
MTHFS,"5,10-methenyltetrahydrofolate synthetase (5-formyltetrahydrofolate cyclo-ligase)"
MTHFSD,methenyltetrahydrofolate synthetase domain containing
MTIF2,mitochondrial translational initiation factor 2
MTM1,myotubularin 1
MTMR1,myotubularin related protein 1
MTMR11,myotubularin related protein 11
MTMR12,myotubularin related protein 12
MTMR14,myotubularin related protein 14
MTMR15,myotubularin related protein 15
MTMR2,myotubularin related protein 2
MTMR3,myotubularin related protein 3
MTMR4,myotubularin related protein 4
MTMR6,myotubularin related protein 6
MTMR8,myotubularin related protein 8
MTMR9,myotubularin related protein 9
MTO1,mitochondrial translation optimization 1 homolog (S. cerevisiae)
MTPAP,mitochondrial poly(A) polymerase
MTR,5-methyltetrahydrofolate-homocysteine methyltransferase
MTRF1L,"CDNA FLJ58025 complete cds, highly similar to Homo sapiens mitochondrial translational release factor 1-like (MTRF1L), mRNA"
MTRR,5-methyltetrahydrofolate-homocysteine methyltransferase reductase
MTSS1,metastasis suppressor 1
MTTP,microsomal triglyceride transfer protein
MTUS1,mitochondrial tumor suppressor 1
MTX1,metaxin 1
MTX2,metaxin 2
MUC1,"mucin 1, cell surface associated"
MUC13,"mucin 13, cell surface associated"
MUC3A,"mucin 3A, cell surface associated"
MUC3B,"mucin 3B, cell surface associated"
MUDENG,"MU-2/AP1M2 domain containing, death-inducing"
MUL1,mitochondrial E3 ubiquitin ligase 1
MUM1,melanoma associated antigen (mutated) 1
MUPCDH,mucin-like protocadherin
MUS81,MUS81 endonuclease homolog (S. cerevisiae)
MUSK,"muscle, skeletal, receptor tyrosine kinase"
MUT,methylmalonyl Coenzyme A mutase
MUTYH,mutY homolog (E. coli)
MVK,mevalonate kinase
MVP,major vault protein
MX1,"myxovirus (influenza virus) resistance 1, interferon-inducible protein p78 (mouse)"
MX2,myxovirus (influenza virus) resistance 2 (mouse)
MXD4,MAX dimerization protein 4
MXI1,MAX interactor 1
MXRA5,matrix-remodelling associated 5
MXRA7,matrix-remodelling associated 7
MXRA8,matrix-remodelling associated 8
MYBBP1A,MYB binding protein (P160) 1a
MYBL1,v-myb myeloblastosis viral oncogene homolog (avian)-like 1
MYBPC1,"myosin binding protein C, slow type"
MYC,v-myc myelocytomatosis viral oncogene homolog (avian)
MYCBP,c-myc binding protein
MYCBP2,MYC binding protein 2
MYCL1,"v-myc myelocytomatosis viral oncogene homolog 1, lung carcinoma derived (avian)"
MYCN,"v-myc myelocytomatosis viral related oncogene, neuroblastoma derived (avian)"
MYD88,myeloid differentiation primary response gene (88)
MYH10,"myosin, heavy chain 10, non-muscle"
MYH11,"myosin, heavy chain 11, smooth muscle"
MYH14,"myosin, heavy chain 14"
MYH15,"myosin, heavy chain 15"
MYH8,"myosin, heavy chain 8, skeletal muscle, perinatal"
MYH9,"myosin, heavy chain 9, non-muscle"
MYL3,"myosin, light chain 3, alkali; ventricular, skeletal, slow"
MYL4,"myosin, light chain 4, alkali; atrial, embryonic"
MYL6,"myosin, light chain 6, alkali, smooth muscle and non-muscle /// myosin, light chain 6B, alkali, smooth muscle and non-muscle"
MYL6B,"myosin, light chain 6B, alkali, smooth muscle and non-muscle"
MYL9,"myosin, light chain 9, regulatory"
MYLIP,myosin regulatory light chain interacting protein
MYLK,myosin light chain kinase
MYNN,myoneurin
MYO10,myosin X
MYO15A,myosin XVA
MYO15B,myosin XVB pseudogene
MYO18A,myosin XVIIIA /// TGFB1-induced anti-apoptotic factor 1
MYO1B,myosin IB
MYO1C,myosin IC
MYO1D,myosin ID
MYO1E,myosin IE
MYO5A,"myosin VA (heavy chain 12, myoxin)"
MYO5C,myosin VC
MYO6,myosin VI
MYO7A,myosin VIIA
MYO7B,myosin VIIB
MYO9A,myosin IXA
MYO9B,myosin IXB
MYOF,myoferlin
MYOZ1,myozenin 1
MYST1,MYST histone acetyltransferase 1
MYST2,MYST histone acetyltransferase 2
MYST3,MYST histone acetyltransferase (monocytic leukemia) 3
MYST4,MYST histone acetyltransferase (monocytic leukemia) 4
MZF1,myeloid zinc finger 1
Magmas,mitochondria-associated protein involved in granulocyte-macrophage colony-stimulating factor signal transduction
N-PAC,cytokine-like nuclear factor n-pac /// septin 6
N4BP1,NEDD4 binding protein 1
N4BP2L1,"BRCA2 region, mRNA sequence CG018"
N4BP2L2,NEDD4 binding protein 2-like 2
N4BP3,Nedd4 binding protein 3
NAAA,N-acylethanolamine acid amidase
NAB1,NGFI-A binding protein 1 (EGR1 binding protein 1)
NAB2,NGFI-A binding protein 2 (EGR1 binding protein 2)
NACA,nascent polypeptide-associated complex alpha subunit
NACAP1,nascent-polypeptide-associated complex alpha polypeptide pseudogene 1
NACC2,"NACC family member 2, BEN and BTB (POZ) domain containing"
NADK,NAD kinase
NAE1,NEDD8 activating enzyme E1 subunit 1
NAG,neuroblastoma-amplified protein
NAGA,"N-acetylgalactosaminidase, alpha-"
NAGK,N-acetylglucosamine kinase
NAGLU,"N-acetylglucosaminidase, alpha-"
NAGPA,N-acetylglucosamine-1-phosphodiester alpha-N-acetylglucosaminidase
NAIP,"NLR family, apoptosis inhibitory protein"
NAMPT,nicotinamide phosphoribosyltransferase
NANS,N-acetylneuraminic acid synthase
NAP1L1,nucleosome assembly protein 1-like 1
NAP1L2,nucleosome assembly protein 1-like 2
NAP1L4,nucleosome assembly protein 1-like 4
NAPA,"N-ethylmaleimide-sensitive factor attachment protein, alpha"
NAPG,"N-ethylmaleimide-sensitive factor attachment protein, gamma"
NARF,nuclear prelamin A recognition factor
NARG1,NMDA receptor regulated 1
NARG1L,NMDA receptor regulated 1-like
NARG2,NMDA receptor regulated 2
NARS,asparaginyl-tRNA synthetase
NARS2,"asparaginyl-tRNA synthetase 2, mitochondrial (putative)"
NASP,nuclear autoantigenic sperm protein (histone-binding)
NAT1,N-acetyltransferase 1 (arylamine N-acetyltransferase)
NAT10,N-acetyltransferase 10 (GCN5-related)
NAT11,"N-acetyltransferase 11 (GCN5-related, putative)"
NAT13,N-acetyltransferase 13 (GCN5-related)
NAT15,"N-acetyltransferase 15 (GCN5-related, putative)"
NAT8,"N-acetyltransferase 8 (GCN5-related, putative) /// N-acetyltransferase 8B (GCN5-related, putative, gene/pseudogene)"
NAT8B,"N-acetyltransferase 8B (GCN5-related, putative, gene/pseudogene)"
NAT9,"N-acetyltransferase 9 (GCN5-related, putative)"
NAV2,neuron navigator 2
NBEA,neurobeachin
NBL1,"neuroblastoma, suppression of tumorigenicity 1"
NBN,nibrin
NBPF10,"neuroblastoma breakpoint family, member 10"
NCALD,neurocalcin delta
NCAM1,neural cell adhesion molecule 1
NCAM2,neural cell adhesion molecule 2
NCAPD3,"non-SMC condensin II complex, subunit D3"
NCAPG,"non-SMC condensin I complex, subunit G"
NCAPH2,"non-SMC condensin II complex, subunit H2"
NCBP1,"nuclear cap binding protein subunit 1, 80kDa"
NCBP2,"nuclear cap binding protein subunit 2, 20kDa"
NCDN,neurochondrin
NCF2,neutrophil cytosolic factor 2
NCF4,"neutrophil cytosolic factor 4, 40kDa"
NCK1,NCK adaptor protein 1
NCK2,NCK adaptor protein 2
NCKAP1,NCK-associated protein 1
NCKAP1L,NCK-associated protein 1-like
NCKIPSD,NCK interacting protein with SH3 domain
NCL,nucleolin
NCOA1,nuclear receptor coactivator 1
NCOA2,nuclear receptor coactivator 2
NCOA3,nuclear receptor coactivator 3
NCOA4,nuclear receptor coactivator 4
NCOA6,nuclear receptor coactivator 6
NCOR1,nuclear receptor co-repressor 1
NCOR2,nuclear receptor co-repressor 2
NCR2,natural cytotoxicity triggering receptor 2
NCRNA00081,non-protein coding RNA 81
NCRNA00084,non-protein coding RNA 84
NCRNA00094,non-protein coding RNA 94
NCRNA00153,non-protein coding RNA 153
NCSTN,nicastrin
NDE1,nudE nuclear distribution gene E homolog 1 (A. nidulans)
NDEL1,nudE nuclear distribution gene E homolog (A. nidulans)-like 1
NDFIP1,Nedd4 family interacting protein 1
NDN,necdin homolog (mouse)
NDP,Norrie disease (pseudoglioma)
NDRG1,N-myc downstream regulated 1
NDRG2,NDRG family member 2
NDRG3,NDRG family member 3
NDST1,N-deacetylase/N-sulfotransferase (heparan glucosaminyl) 1
NDUFA1,"NADH dehydrogenase (ubiquinone) 1 alpha subcomplex, 1, 7.5kDa"
NDUFA13,"NADH dehydrogenase (ubiquinone) 1 alpha subcomplex, 13"
NDUFA2,"NADH dehydrogenase (ubiquinone) 1 alpha subcomplex, 2, 8kDa"
NDUFA3,"NADH dehydrogenase (ubiquinone) 1 alpha subcomplex, 3, 9kDa"
NDUFA4,"NADH dehydrogenase (ubiquinone) 1 alpha subcomplex, 4, 9kDa"
NDUFA4L2,"NADH dehydrogenase (ubiquinone) 1 alpha subcomplex, 4-like 2"
NDUFA5,"NADH dehydrogenase (ubiquinone) 1 alpha subcomplex, 5, 13kDa"
NDUFA6,"NADH dehydrogenase (ubiquinone) 1 alpha subcomplex, 6, 14kDa"
NDUFA7,"NADH dehydrogenase (ubiquinone) 1 alpha subcomplex, 7, 14.5kDa"
NDUFA8,"NADH dehydrogenase (ubiquinone) 1 alpha subcomplex, 8, 19kDa"
NDUFA9,"NADH dehydrogenase (ubiquinone) 1 alpha subcomplex, 9, 39kDa"
NDUFAB1,"NADH dehydrogenase (ubiquinone) 1, alpha/beta subcomplex, 1, 8kDa"
NDUFAF1,"NADH dehydrogenase (ubiquinone) 1 alpha subcomplex, assembly factor 1"
NDUFB1,"NADH dehydrogenase (ubiquinone) 1 beta subcomplex, 1, 7kDa"
NDUFB11,"NADH dehydrogenase (ubiquinone) 1 beta subcomplex, 11, 17.3kDa"
NDUFB2,"NADH dehydrogenase (ubiquinone) 1 beta subcomplex, 2, 8kDa"
NDUFB3,"NADH dehydrogenase (ubiquinone) 1 beta subcomplex, 3, 12kDa"
NDUFB5,"NADH dehydrogenase (ubiquinone) 1 beta subcomplex, 5, 16kDa"
NDUFB6,"NADH dehydrogenase (ubiquinone) 1 beta subcomplex, 6, 17kDa"
NDUFB7,"NADH dehydrogenase (ubiquinone) 1 beta subcomplex, 7, 18kDa"
NDUFB8,"NADH dehydrogenase (ubiquinone) 1 beta subcomplex, 8, 19kDa /// SEC31 homolog B (S. cerevisiae)"
NDUFC1,"NADH dehydrogenase (ubiquinone) 1, subcomplex unknown, 1, 6kDa"
NDUFC2,"NADH dehydrogenase (ubiquinone) 1, subcomplex unknown, 2, 14.5kDa"
NDUFS1,"NADH dehydrogenase (ubiquinone) Fe-S protein 1, 75kDa (NADH-coenzyme Q reductase)"
NDUFS2,"NADH dehydrogenase (ubiquinone) Fe-S protein 2, 49kDa (NADH-coenzyme Q reductase)"
NDUFS3,"NADH dehydrogenase (ubiquinone) Fe-S protein 3, 30kDa (NADH-coenzyme Q reductase)"
NDUFS4,"NADH dehydrogenase (ubiquinone) Fe-S protein 4, 18kDa (NADH-coenzyme Q reductase)"
NDUFS5,"NADH dehydrogenase (ubiquinone) Fe-S protein 5, 15kDa (NADH-coenzyme Q reductase) /// ribosomal protein L10"
NDUFS6,"NADH dehydrogenase (ubiquinone) Fe-S protein 6, 13kDa (NADH-coenzyme Q reductase)"
NDUFS7,"NADH dehydrogenase (ubiquinone) Fe-S protein 7, 20kDa (NADH-coenzyme Q reductase)"
NDUFS8,"NADH dehydrogenase (ubiquinone) Fe-S protein 8, 23kDa (NADH-coenzyme Q reductase)"
NDUFV1,"NADH dehydrogenase (ubiquinone) flavoprotein 1, 51kDa"
NDUFV2,"NADH dehydrogenase (ubiquinone) flavoprotein 2, 24kDa"
NEB,nebulin
NEBL,nebulette
NECAB3,N-terminal EF-hand calcium binding protein 3
NECAP1,NECAP endocytosis associated 1
NECAP2,NECAP endocytosis associated 2
NEDD4,"neural precursor cell expressed, developmentally down-regulated 4"
NEDD4L,"neural precursor cell expressed, developmentally down-regulated 4-like"
NEDD8,"neural precursor cell expressed, developmentally down-regulated 8"
NEDD9,"neural precursor cell expressed, developmentally down-regulated 9"
NEFL,"neurofilament, light polypeptide"
NEK1,NIMA (never in mitosis gene a)-related kinase 1
NEK11,NIMA (never in mitosis gene a)- related kinase 11
NEK3,NIMA (never in mitosis gene a)-related kinase 3
NEK4,NIMA (never in mitosis gene a)-related kinase 4
NEK7,NIMA (never in mitosis gene a)-related kinase 7
NEK9,NIMA (never in mitosis gene a)- related kinase 9
NELF,nasal embryonic LHRH factor
NELL2,NEL-like 2 (chicken)
NENF,Clone CIR2 cell immortalization-related mRNA sequence
NEO1,neogenin homolog 1 (chicken)
NES,nestin
NET1,neuroepithelial cell transforming 1
NETO2,neuropilin (NRP) and tolloid (TLL)-like 2
NEU1,sialidase 1 (lysosomal sialidase)
NEURL,neuralized homolog (Drosophila)
NEUROD2,neurogenic differentiation 2
NF1,neurofibromin 1
NF2,neurofibromin 2 (merlin)
NFASC,neurofascin homolog (chicken)
NFAT5,"nuclear factor of activated T-cells 5, tonicity-responsive"
NFATC1,"nuclear factor of activated T-cells, cytoplasmic, calcineurin-dependent 1"
NFATC2IP,"nuclear factor of activated T-cells, cytoplasmic, calcineurin-dependent 2 interacting protein"
NFATC3,"nuclear factor of activated T-cells, cytoplasmic, calcineurin-dependent 3"
NFE2L1,nuclear factor (erythroid-derived 2)-like 1
NFE2L2,nuclear factor (erythroid-derived 2)-like 2
NFE2L3,nuclear factor (erythroid-derived 2)-like 3
NFIB,nuclear factor I/B
NFIC,nuclear factor I/C (CCAAT-binding transcription factor)
NFIL3,"nuclear factor, interleukin 3 regulated"
NFKB1,nuclear factor of kappa light polypeptide gene enhancer in B-cells 1
NFKBIA,"nuclear factor of kappa light polypeptide gene enhancer in B-cells inhibitor, alpha"
NFKBIE,"nuclear factor of kappa light polypeptide gene enhancer in B-cells inhibitor, epsilon"
NFRKB,nuclear factor related to kappaB binding protein
NFS1,NFS1 nitrogen fixation 1 homolog (S. cerevisiae)
NFU1,NFU1 iron-sulfur cluster scaffold homolog (S. cerevisiae)
NFX1,"nuclear transcription factor, X-box binding 1"
NFYB,"nuclear transcription factor Y, beta"
NFYC,"nuclear transcription factor Y, gamma"
NGDN,"neuroguidin, EIF4E binding protein"
NGFRAP1,nerve growth factor receptor (TNFRSF16) associated protein 1
NGLY1,N-glycanase 1
NGRN,"neugrin, neurite outgrowth associated"
NHEJ1,nonhomologous end-joining factor 1
NHLH2,nescient helix loop helix 2
NHLRC2,NHL repeat containing 2
NHP2,NHP2 ribonucleoprotein homolog (yeast)
NHP2L1,NHP2 non-histone chromosome protein 2-like 1 (S. cerevisiae)
NID1,nidogen 1
NID2,nidogen 2 (osteonidogen)
NIF3L1,NIF3 NGG1 interacting factor 3-like 1 (S. pombe)
NINJ1,ninjurin 1
NIP7,nuclear import 7 homolog (S. cerevisiae)
NIPA2,non imprinted in Prader-Willi/Angelman syndrome 2
NIPBL,Nipped-B homolog (Drosophila)
NIPSNAP1,nipsnap homolog 1 (C. elegans)
NIPSNAP3B,nipsnap homolog 3B (C. elegans)
NISCH,nischarin
NIT1,nitrilase 1
NIT2,"nitrilase family, member 2"
NKIRAS2,NFKB inhibitor interacting Ras-like 2
NKRF,NFKB repressing factor
NKTR,natural killer-tumor recognition sequence
NKX3-1,NK3 homeobox 1
NLGN1,neuroligin 1
NLK,nemo-like kinase
NLRP1,"NLR family, pyrin domain containing 1"
NMB,neuromedin B
NMD3,NMD3 homolog (S. cerevisiae)
NME1,"non-metastatic cells 1, protein (NM23A) expressed in /// NME1-NME2 readthrough transcript /// non-metastatic cells 2, protein (NM23B) expressed in"
NME4,"non-metastatic cells 4, protein expressed in"
NME5,"non-metastatic cells 5, protein expressed in (nucleoside-diphosphate kinase)"
NME6,"non-metastatic cells 6, protein expressed in (nucleoside-diphosphate kinase)"
NME7,"non-metastatic cells 7, protein expressed in (nucleoside-diphosphate kinase)"
NMI,N-myc (and STAT) interactor
NMT1,N-myristoyltransferase 1
NMT2,N-myristoyltransferase 2
NNMT,nicotinamide N-methyltransferase
NNT,nicotinamide nucleotide transhydrogenase
NOC2L,nucleolar complex associated 2 homolog (S. cerevisiae)
NOC3L,nucleolar complex associated 3 homolog (S. cerevisiae)
NOL11,nucleolar protein 11
NOL3,nucleolar protein 3 (apoptosis repressor with CARD domain)
NOL7,"nucleolar protein 7, 27kDa"
NOL8,nucleolar protein 8
NOL9,nucleolar protein 9
NOLC1,nucleolar and coiled-body phosphoprotein 1
NOMO1,NODAL modulator 1 /// NODAL modulator 2 /// NODAL modulator 3
NONO,"non-POU domain containing, octamer-binding"
NOP10,NOP10 ribonucleoprotein homolog (yeast)
NOP14,NOP14 nucleolar protein homolog (yeast)
NOP16,NOP16 nucleolar protein homolog (yeast)
NOP2,NOP2 nucleolar protein homolog (yeast)
NOP56,NOP56 ribonucleoprotein homolog (yeast)
NOSIP,nitric oxide synthase interacting protein
NOTCH1,"Notch homolog 1, translocation-associated (Drosophila)"
NOTCH2,Notch homolog 2 (Drosophila)
NOTCH2NL,Notch homolog 2 (Drosophila) N-terminal like
NOTCH3,Notch homolog 3 (Drosophila)
NOTCH4,Notch homolog 4 (Drosophila)
NOV,nephroblastoma overexpressed gene
NOVA1,neuro-oncological ventral antigen 1
NOX4,NADPH oxidase 4
NP,nucleoside phosphorylase
NPAS2,neuronal PAS domain protein 2
NPAT,"nuclear protein, ataxia-telangiectasia locus"
NPC1,"Niemann-Pick disease, type C1"
NPC2,"Niemann-Pick disease, type C2"
NPDC1,"neural proliferation, differentiation and control, 1"
NPEPL1,aminopeptidase-like 1
NPEPPS,aminopeptidase puromycin sensitive
NPHP4,nephronophthisis 4
NPHS1,"nephrosis 1, congenital, Finnish type (nephrin)"
NPHS2,"nephrosis 2, idiopathic, steroid-resistant (podocin)"
NPIP,nuclear pore complex interacting protein
NPL,N-acetylneuraminate pyruvate lyase (dihydrodipicolinate synthase)
NPLOC4,nuclear protein localization 4 homolog (S. cerevisiae)
NPM1,"nucleophosmin (nucleolar phosphoprotein B23, numatrin)"
NPM3,"nucleophosmin/nucleoplasmin, 3"
NPR1,natriuretic peptide receptor A/guanylate cyclase A (atrionatriuretic peptide receptor A)
NPR2,natriuretic peptide receptor B/guanylate cyclase B (atrionatriuretic peptide receptor B)
NPR3,natriuretic peptide receptor C/guanylate cyclase C (atrionatriuretic peptide receptor C)
NPTN,neuroplastin
NPTX2,neuronal pentraxin II
NPTXR,neuronal pentraxin receptor
NPY1R,neuropeptide Y receptor Y1
NPY2R,neuropeptide Y receptor Y2
NQO1,"NAD(P)H dehydrogenase, quinone 1"
NQO2,"NAD(P)H dehydrogenase, quinone 2"
NR0B1,"nuclear receptor subfamily 0, group B, member 1"
NR1D1,"nuclear receptor subfamily 1, group D, member 1 /// thyroid hormone receptor, alpha (erythroblastic leukemia viral (v-erb-a) oncogene homolog, avian)"
NR1D2,"nuclear receptor subfamily 1, group D, member 2"
NR1H2,"nuclear receptor subfamily 1, group H, member 2"
NR1H3,"nuclear receptor subfamily 1, group H, member 3"
NR1H4,"nuclear receptor subfamily 1, group H, member 4"
NR1I3,"nuclear receptor subfamily 1, group I, member 3"
NR2C1,"nuclear receptor subfamily 2, group C, member 1"
NR2F1,Chicken ovalbumin upstream promoter transcription factor (COUP-TF)
NR2F2,"nuclear receptor subfamily 2, group F, member 2"
NR2F6,"nuclear receptor subfamily 2, group F, member 6"
NR3C1,"nuclear receptor subfamily 3, group C, member 1 (glucocorticoid receptor)"
NR3C2,"nuclear receptor subfamily 3, group C, member 2"
NR4A1,"nuclear receptor subfamily 4, group A, member 1"
NR4A2,"nuclear receptor subfamily 4, group A, member 2"
NR4A3,"nuclear receptor subfamily 4, group A, member 3"
NRAP,nebulin-related anchoring protein
NRAS,neuroblastoma RAS viral (v-ras) oncogene homolog
NRBF2,nuclear receptor binding factor 2
NRBP1,nuclear receptor binding protein 1
NRCAM,neuronal cell adhesion molecule
NRD1,nardilysin (N-arginine dibasic convertase)
NRF1,nuclear respiratory factor 1
NRIP1,nuclear receptor interacting protein 1
NRIP2,nuclear receptor interacting protein 2
NRIP3,nuclear receptor interacting protein 3
NRN1,neuritin 1
NRP1,neuropilin 1
NRP2,neuropilin 2
NRXN1,neurexin 1
NRXN2,neurexin 2
NSBP1,nucleosomal binding protein 1
NSDHL,NAD(P) dependent steroid dehydrogenase-like
NSF,N-ethylmaleimide-sensitive factor
NSFL1C,NSFL1 (p97) cofactor (p47)
NSL1,"NSL1, MIND kinetochore complex component, homolog (S. cerevisiae)"
NSMAF,neutral sphingomyelinase (N-SMase) activation associated factor
NSMCE4A,non-SMC element 4 homolog A (S. cerevisiae)
NSUN3,"NOL1/NOP2/Sun domain family, member 3"
NSUN5,"NOL1/NOP2/Sun domain family, member 5"
NSUN5B,"NOL1/NOP2/Sun domain family, member 5B"
NSUN5C,"NOL1/NOP2/Sun domain family, member 5C"
NSUN6,"NOL1/NOP2/Sun domain family, member 6"
NT5C,"5', 3'-nucleotidase, cytosolic"
NT5C2,"5'-nucleotidase, cytosolic II"
NT5DC2,5'-nucleotidase domain containing 2
NT5DC3,5'-nucleotidase domain containing 3
NT5E,"5'-nucleotidase, ecto (CD73)"
NTAN1,N-terminal asparagine amidase
NTHL1,nth endonuclease III-like 1 (E. coli)
NTRK2,"neurotrophic tyrosine kinase, receptor, type 2"
NTRK3,"neurotrophic tyrosine kinase, receptor, type 3"
NUAK1,"NUAK family, SNF1-like kinase, 1"
NUBP1,"nucleotide binding protein 1 (MinD homolog, E. coli)"
NUBP2,"nucleotide binding protein 2 (MinD homolog, E. coli)"
NUBPL,nucleotide binding protein-like
NUCB1,nucleobindin 1
NUCB2,nucleobindin 2
NUCKS1,nuclear casein kinase and cyclin-dependent kinase substrate 1
NUDC,nuclear distribution gene C homolog (A. nidulans)
NUDCD3,NudC domain containing 3
NUDT13,nudix (nucleoside diphosphate linked moiety X)-type motif 13
NUDT15,nudix (nucleoside diphosphate linked moiety X)-type motif 15
NUDT21,nudix (nucleoside diphosphate linked moiety X)-type motif 21
NUDT3,nudix (nucleoside diphosphate linked moiety X)-type motif 3
NUDT4,nudix (nucleoside diphosphate linked moiety X)-type motif 4 /// nudix (nucleoside diphosphate linked moiety X)-type motif 4 pseudogene 1
NUDT6,nudix (nucleoside diphosphate linked moiety X)-type motif 6
NUDT9,nudix (nucleoside diphosphate linked moiety X)-type motif 9
NUFIP1,nuclear fragile X mental retardation protein interacting protein 1
NUMA1,nuclear mitotic apparatus protein 1
NUMB,numb homolog (Drosophila)
NUP107,nucleoporin 107kDa
NUP133,nucleoporin 133kDa
NUP153,nucleoporin 153kDa
NUP160,nucleoporin 160kDa
NUP205,nucleoporin 205kDa
NUP210,nucleoporin 210kDa
NUP214,nucleoporin 214kDa
NUP37,nucleoporin 37kDa
NUP43,nucleoporin 43kDa
NUP50,nucleoporin 50kDa
NUP54,nucleoporin 54kDa
NUP62,nucleoporin 62kDa
NUP85,nucleoporin 85kDa
NUP88,nucleoporin 88kDa
NUP98,nucleoporin 98kDa
NUPL1,nucleoporin like 1
NUPL2,nucleoporin like 2
NUPR1,nuclear protein 1
NUSAP1,nucleolar and spindle associated protein 1
NUTF2,nuclear transport factor 2
NXF1,nuclear RNA export factor 1
NXN,nucleoredoxin
NXPH4,neurexophilin 4
NXT1,NTF2-like export factor 1
NXT2,nuclear transport factor 2-like export factor 2
NYX,nyctalopin
OAS1,"2',5'-oligoadenylate synthetase 1, 40/46kDa"
OAS2,"2'-5'-oligoadenylate synthetase 2, 69/71kDa"
OAS3,"2'-5'-oligoadenylate synthetase 3, 100kDa"
OASL,2'-5'-oligoadenylate synthetase-like
OAT,ornithine aminotransferase (gyrate atrophy)
OAZ1,ornithine decarboxylase antizyme 1
OAZ2,ornithine decarboxylase antizyme 2
OBFC1,oligonucleotide/oligosaccharide-binding fold containing 1
OBFC2B,oligonucleotide/oligosaccharide-binding fold containing 2B
OBSL1,obscurin-like 1
OCEL1,occludin/ELL domain containing 1
OCLN,occludin
OCRL,oculocerebrorenal syndrome of Lowe
ODC1,ornithine decarboxylase 1
OFD1,oral-facial-digital syndrome 1
OGDH,oxoglutarate (alpha-ketoglutarate) dehydrogenase (lipoamide)
OGDHL,oxoglutarate dehydrogenase-like
OGFOD1,2-oxoglutarate and iron-dependent oxygenase domain containing 1
OGFOD2,2-oxoglutarate and iron-dependent oxygenase domain containing 2
OGFR,opioid growth factor receptor
OGFRL1,opioid growth factor receptor-like 1
OGG1,8-oxoguanine DNA glycosylase
OGT,O-linked N-acetylglucosamine (GlcNAc) transferase (UDP-N-acetylglucosamine:polypeptide-N-acetylglucosaminyl transferase)
OLA1,Obg-like ATPase 1
OLAH,oleoyl-ACP hydrolase
OLFM1,olfactomedin 1
OLFM4,olfactomedin 4
OLFML1,olfactomedin-like 1
OLFML2A,olfactomedin-like 2A
OLFML2B,olfactomedin-like 2B
OLFML3,olfactomedin-like 3
OLIG2,oligodendrocyte lineage transcription factor 2
OLR1,oxidized low density lipoprotein (lectin-like) receptor 1
OMD,osteomodulin
OPA1,optic atrophy 1 (autosomal dominant)
OPHN1,oligophrenin 1
OPLAH,5-oxoprolinase (ATP-hydrolysing)
OPN3,opsin 3
OPTN,optineurin
OR10H3,"olfactory receptor, family 10, subfamily H, member 3"
OR12D2,"olfactory receptor, family 12, subfamily D, member 2"
OR1D2,"olfactory receptor, family 1, subfamily D, member 2"
OR2A20P,"olfactory receptor, family 2, subfamily A, member 20 pseudogene /// olfactory receptor, family 2, subfamily A, member 5 /// olfactory receptor, family 2, subfamily A, member 9 pseudogene"
OR2B2,"olfactory receptor, family 2, subfamily B, member 2"
OR2C1,"olfactory receptor, family 2, subfamily C, member 1"
OR3A2,"olfactory receptor, family 3, subfamily A, member 2"
OR7E24,"olfactory receptor, family 7, subfamily E, member 24"
OR7E37P,"olfactory receptor, family 7, subfamily E, member 37 pseudogene"
ORAI2,ORAI calcium release-activated calcium modulator 2
ORAI3,ORAI calcium release-activated calcium modulator 3
ORC3L,"origin recognition complex, subunit 3-like (yeast)"
ORC4L,"origin recognition complex, subunit 4-like (yeast)"
ORC5L,"origin recognition complex, subunit 5-like (yeast)"
ORC6L,"origin recognition complex, subunit 6 like (yeast)"
ORMDL2,ORM1-like 2 (S. cerevisiae)
OS9,amplified in osteosarcoma
OSBP,oxysterol binding protein
OSBPL10,oxysterol binding protein-like 10
OSBPL11,oxysterol binding protein-like 11
OSBPL1A,oxysterol binding protein-like 1A
OSBPL2,oxysterol binding protein-like 2
OSBPL3,oxysterol binding protein-like 3
OSBPL8,oxysterol binding protein-like 8
OSBPL9,oxysterol binding protein-like 9
OSGEP,O-sialoglycoprotein endopeptidase
OSGIN2,oxidative stress induced growth inhibitor family member 2
OSMR,oncostatin M receptor
OSTM1,osteopetrosis associated transmembrane protein 1
OTUB1,"OTU domain, ubiquitin aldehyde binding 1"
OTUD3,OTU domain containing 3
OTUD4,OTU domain containing 4
OVOL2,ovo-like 2 (Drosophila)
OXA1L,oxidase (cytochrome c) assembly 1-like
OXCT1,3-oxoacid CoA transferase 1
OXR1,oxidation resistance 1
OXSM,"3-oxoacyl-ACP synthase, mitochondrial"
OXSR1,oxidative-stress responsive 1
OXTR,oxytocin receptor
P2RX4,"purinergic receptor P2X, ligand-gated ion channel, 4"
P2RX6,"purinergic receptor P2X, ligand-gated ion channel, 6"
P2RY14,"purinergic receptor P2Y, G-protein coupled, 14"
P2RY4,"pyrimidinergic receptor P2Y, G-protein coupled, 4"
P2RY5,"purinergic receptor P2Y, G-protein coupled, 5"
P4HA1,"prolyl 4-hydroxylase, alpha polypeptide I"
P4HA2,"prolyl 4-hydroxylase, alpha polypeptide II"
P4HB,"prolyl 4-hydroxylase, beta polypeptide"
P4HTM,"prolyl 4-hydroxylase, transmembrane (endoplasmic reticulum)"
PA2G4,"proliferation-associated 2G4, 38kDa"
PAAF1,proteasomal ATPase-associated factor 1
PABPC1,"poly(A) binding protein, cytoplasmic 1"
PABPC3,"poly(A) binding protein, cytoplasmic 3"
PABPC4,"poly(A) binding protein, cytoplasmic 4 (inducible form)"
PABPN1,"poly(A) binding protein, nuclear 1"
PACRG,PARK2 co-regulated
PACS2,phosphofurin acidic cluster sorting protein 2
PACSIN2,protein kinase C and casein kinase substrate in neurons 2
PAF1,"Paf1, RNA polymerase II associated factor, homolog (S. cerevisiae)"
PAFAH1B1,"platelet-activating factor acetylhydrolase, isoform Ib, alpha subunit 45kDa"
PAFAH1B2,"platelet-activating factor acetylhydrolase, isoform Ib, beta subunit 30kDa"
PAFAH2,"platelet-activating factor acetylhydrolase 2, 40kDa"
PAH,phenylalanine hydroxylase
PAICS,"phosphoribosylaminoimidazole carboxylase, phosphoribosylaminoimidazole succinocarboxamide synthetase"
PAIP1,poly(A) binding protein interacting protein 1
PAK1IP1,PAK1 interacting protein 1
PAK2,p21 protein (Cdc42/Rac)-activated kinase 2
PAK4,p21 protein (Cdc42/Rac)-activated kinase 4
PALB2,partner and localizer of BRCA2
PALLD,"palladin, cytoskeletal associated protein"
PALM,paralemmin
PALM2-AKAP2,PALM2-AKAP2 readthrough transcript
PALMD,palmdelphin
PAM,peptidylglycine alpha-amidating monooxygenase
PAN2,PAN2 poly(A) specific ribonuclease subunit homolog (S. cerevisiae)
PANK2,pantothenate kinase 2
PANK3,pantothenate kinase 3
PANK4,pantothenate kinase 4
PANX1,pannexin 1
PAOX,polyamine oxidase (exo-N4-amino)
PAPOLA,poly(A) polymerase alpha
PAPOLG,poly(A) polymerase gamma
PAPPA,"pregnancy-associated plasma protein A, pappalysin 1"
PAPPA2,pappalysin 2
PAPSS1,3'-phosphoadenosine 5'-phosphosulfate synthase 1
PAPSS2,3'-phosphoadenosine 5'-phosphosulfate synthase 2
PAQR3,progestin and adipoQ receptor family member III
PARD3,par-3 partitioning defective 3 homolog (C. elegans)
PARD6A,par-6 partitioning defective 6 homolog alpha (C. elegans)
PARG,poly (ADP-ribose) glycohydrolase
PARK7,"Parkinson disease (autosomal recessive, early onset) 7"
PARL,"presenilin associated, rhomboid-like"
PARN,poly(A)-specific ribonuclease (deadenylation nuclease)
PARP1,poly (ADP-ribose) polymerase 1
PARP12,"poly (ADP-ribose) polymerase family, member 12"
PARP16,"poly (ADP-ribose) polymerase family, member 16"
PARP2,poly (ADP-ribose) polymerase 2
PARP4,"poly (ADP-ribose) polymerase family, member 4"
PARP6,"poly (ADP-ribose) polymerase family, member 6"
PARP8,"poly (ADP-ribose) polymerase family, member 8"
PARVA,"parvin, alpha"
PARVB,"parvin, beta"
PASK,PAS domain containing serine/threonine kinase
PATZ1,POZ (BTB) and AT hook containing zinc finger 1
PAWR,"PRKC, apoptosis, WT1, regulator"
PAX2,paired box 2
PAX4,paired box 4
PAX8,paired box 8
PAXIP1,PAX interacting (with transcription-activation domain) protein 1
PBK,PDZ binding kinase
PBLD,phenazine biosynthesis-like protein domain containing
PBRM1,polybromo 1
PBX1,pre-B-cell leukemia homeobox 1
PBX2,pre-B-cell leukemia homeobox 2
PBX3,pre-B-cell leukemia homeobox 3
PBXIP1,pre-B-cell leukemia homeobox interacting protein 1
PC,pyruvate carboxylase
PCBD1,pterin-4 alpha-carbinolamine dehydratase/dimerization cofactor of hepatocyte nuclear factor 1 alpha
PCBP1,poly(rC) binding protein 1
PCBP2,poly(rC) binding protein 2
PCCA,"propionyl Coenzyme A carboxylase, alpha polypeptide"
PCCB,"propionyl Coenzyme A carboxylase, beta polypeptide"
PCDH1,protocadherin 1
PCDH12,protocadherin 12
PCDH17,protocadherin 17
PCDH21,protocadherin 21
PCDH24,protocadherin 24
PCDH7,protocadherin 7
PCDH9,protocadherin 9
PCDHA1,"protocadherin alpha 1 /// protocadherin alpha 10 /// protocadherin alpha 11 /// protocadherin alpha 12 /// protocadherin alpha 13 /// protocadherin alpha 2 /// protocadherin alpha 3 /// protocadherin alpha 4 /// protocadherin alpha 5 /// protocadherin alpha 6 /// protocadherin alpha 7 /// protocadherin alpha 8 /// protocadherin alpha 9 /// protocadherin alpha subfamily C, 1 /// protocadherin alpha subfamily C, 2"
PCDHGA1,"protocadherin gamma subfamily A, 1 /// protocadherin gamma subfamily A, 10 /// protocadherin gamma subfamily A, 11 /// protocadherin gamma subfamily A, 12 /// protocadherin gamma subfamily A, 2 /// protocadherin gamma subfamily A, 3 /// protocadherin gamma subfamily A, 4 /// protocadherin gamma subfamily A, 5 /// protocadherin gamma subfamily A, 6 /// protocadherin gamma subfamily A, 7 /// protocadherin gamma subfamily A, 8 /// protocadherin gamma subfamily A, 9 /// protocadherin gamma subfamily B, 1 /// protocadherin gamma subfamily B, 2 /// protocadherin gamma subfamily B, 3 /// protocadherin gamma subfamily B, 4 /// protocadherin gamma subfamily B, 5 /// protocadherin gamma subfamily B, 6 /// protocadherin gamma subfamily B, 7 /// protocadherin gamma subfamily C, 3 /// protocadherin gamma subfamily C, 4 /// protocadherin gamma subfamily C, 5"
PCF11,"PCF11, cleavage and polyadenylation factor subunit, homolog (S. cerevisiae)"
PCGF1,polycomb group ring finger 1
PCGF2,polycomb group ring finger 2
PCGF3,polycomb group ring finger 3
PCID2,PCI domain containing 2
PCIF1,PDX1 C-terminal inhibiting factor 1
PCK1,phosphoenolpyruvate carboxykinase 1 (soluble)
PCK2,phosphoenolpyruvate carboxykinase 2 (mitochondrial)
PCLO,piccolo (presynaptic cytomatrix protein)
PCM1,pericentriolar material 1
PCMT1,protein-L-isoaspartate (D-aspartate) O-methyltransferase
PCMTD2,protein-L-isoaspartate (D-aspartate) O-methyltransferase domain containing 2
PCNA,proliferating cell nuclear antigen
PCNP,PEST proteolytic signal containing nuclear protein
PCNT,pericentrin
PCNX,pecanex homolog (Drosophila)
PCNXL2,pecanex-like 2 (Drosophila)
PCOLCE2,procollagen C-endopeptidase enhancer 2
PCP4,Purkinje cell protein 4
PCSK1N,proprotein convertase subtilisin/kexin type 1 inhibitor
PCSK5,proprotein convertase subtilisin/kexin type 5
PCSK6,proprotein convertase subtilisin/kexin type 6
PCTK1,PCTAIRE protein kinase 1
PCTK2,PCTAIRE protein kinase 2
PCTK3,PCTAIRE protein kinase 3
PCTP,phosphatidylcholine transfer protein
PCYOX1,prenylcysteine oxidase 1
PCYOX1L,prenylcysteine oxidase 1 like
PCYT1A,"phosphate cytidylyltransferase 1, choline, alpha"
PCYT2,"phosphate cytidylyltransferase 2, ethanolamine"
PDAP1,PDGFA associated protein 1
PDCD10,programmed cell death 10
PDCD11,programmed cell death 11
PDCD2,programmed cell death 2
PDCD4,programmed cell death 4 (neoplastic transformation inhibitor)
PDCD5,programmed cell death 5
PDCD6,programmed cell death 6
PDCD6IP,programmed cell death 6 interacting protein
PDCL,phosducin-like
PDE10A,phosphodiesterase 10A
PDE1A,"phosphodiesterase 1A, calmodulin-dependent"
PDE1C,"phosphodiesterase 1C, calmodulin-dependent 70kDa"
PDE3A,"phosphodiesterase 3A, cGMP-inhibited"
PDE3B,"phosphodiesterase 3B, cGMP-inhibited"
PDE4A,"phosphodiesterase 4A, cAMP-specific (phosphodiesterase E2 dunce homolog, Drosophila)"
PDE4B,"phosphodiesterase 4B, cAMP-specific (phosphodiesterase E4 dunce homolog, Drosophila)"
PDE4C,"phosphodiesterase 4C, cAMP-specific (phosphodiesterase E1 dunce homolog, Drosophila)"
PDE4D,"phosphodiesterase 4D, cAMP-specific (phosphodiesterase E3 dunce homolog, Drosophila)"
PDE4DIP,phosphodiesterase 4D interacting protein
PDE6D,"phosphodiesterase 6D, cGMP-specific, rod, delta"
PDE8A,phosphodiesterase 8A
PDE8B,phosphodiesterase 8B
PDE9A,phosphodiesterase 9A
PDGFA,platelet-derived growth factor alpha polypeptide
PDGFB,platelet-derived growth factor beta polypeptide (simian sarcoma viral (v-sis) oncogene homolog)
PDGFC,platelet derived growth factor C
PDGFD,platelet derived growth factor D
PDGFRA,"platelet-derived growth factor receptor, alpha polypeptide"
PDGFRB,"platelet-derived growth factor receptor, beta polypeptide"
PDGFRL,platelet-derived growth factor receptor-like
PDHA1,pyruvate dehydrogenase (lipoamide) alpha 1
PDHB,pyruvate dehydrogenase (lipoamide) beta
PDHX,"pyruvate dehydrogenase complex, component X"
PDIA3,"protein disulfide isomerase family A, member 3"
PDIA4,"protein disulfide isomerase family A, member 4"
PDIA5,"protein disulfide isomerase family A, member 5"
PDIA6,"protein disulfide isomerase family A, member 6"
PDK2,"pyruvate dehydrogenase kinase, isozyme 2"
PDK3,"pyruvate dehydrogenase kinase, isozyme 3"
PDK4,"pyruvate dehydrogenase kinase, isozyme 4"
PDLIM1,PDZ and LIM domain 1
PDLIM2,PDZ and LIM domain 2 (mystique)
PDLIM3,PDZ and LIM domain 3
PDLIM4,PDZ and LIM domain 4
PDLIM5,PDZ and LIM domain 5
PDLIM7,PDZ and LIM domain 7 (enigma)
PDPK1,3-phosphoinositide dependent protein kinase-1
PDPR,pyruvate dehydrogenase phosphatase regulatory subunit
PDS5A,"PDS5, regulator of cohesion maintenance, homolog A (S. cerevisiae)"
PDS5B,"PDS5, regulator of cohesion maintenance, homolog B (S. cerevisiae)"
PDSS1,"prenyl (decaprenyl) diphosphate synthase, subunit 1"
PDSS2,"prenyl (decaprenyl) diphosphate synthase, subunit 2"
PDXDC1,pyridoxal-dependent decarboxylase domain containing 1
PDXK,"pyridoxal (pyridoxine, vitamin B6) kinase"
PDZD2,PDZ domain containing 2
PDZK1,PDZ domain containing 1
PDZK1IP1,PDZK1 interacting protein 1
PDZRN3,PDZ domain containing ring finger 3
PEA15,phosphoprotein enriched in astrocytes 15
PEBP1,phosphatidylethanolamine binding protein 1
PECAM1,platelet/endothelial cell adhesion molecule
PECI,"peroxisomal D3,D2-enoyl-CoA isomerase"
PEF1,penta-EF-hand domain containing 1
PEG10,paternally expressed 10
PEG3,paternally expressed 3
PELI1,pellino homolog 1 (Drosophila)
PELI2,pellino homolog 2 (Drosophila)
PELO,"Pelota major mRNA, complete cds; alternatively spliced"
PELP1,"proline, glutamate and leucine rich protein 1"
PEMT,phosphatidylethanolamine N-methyltransferase
PEPD,peptidase D
PER1,period homolog 1 (Drosophila)
PER2,period homolog 2 (Drosophila)
PER3,period homolog 3 (Drosophila)
PERLD1,per1-like domain containing 1
PERP,"PERP, TP53 apoptosis effector"
PES1,"pescadillo homolog 1, containing BRCT domain (zebrafish)"
PEX1,peroxisomal biogenesis factor 1
PEX11A,MRNA full length insert cDNA clone EUROIMAGE 202740
PEX11B,peroxisomal biogenesis factor 11 beta
PEX12,peroxisomal biogenesis factor 12
PEX14,peroxisomal biogenesis factor 14
PEX16,peroxisomal biogenesis factor 16
PEX19,peroxisomal biogenesis factor 19
PEX26,peroxisomal biogenesis factor 26
PEX3,peroxisomal biogenesis factor 3
PEX5,peroxisomal biogenesis factor 5
PEX6,peroxisomal biogenesis factor 6
PEX7,peroxisomal biogenesis factor 7
PF4V1,platelet factor 4 variant 1
PFAS,phosphoribosylformylglycinamidine synthase
PFDN1,prefoldin subunit 1
PFDN2,prefoldin subunit 2
PFDN4,prefoldin subunit 4
PFDN5,prefoldin subunit 5
PFKFB2,"6-phosphofructo-2-kinase/fructose-2,6-biphosphatase 2"
PFKFB3,"6-phosphofructo-2-kinase/fructose-2,6-biphosphatase 3"
PFKL,"phosphofructokinase, liver"
PFKM,"phosphofructokinase, muscle"
PFKP,"phosphofructokinase, platelet"
PFN1,profilin 1
PFN2,profilin 2
PFTK1,PFTAIRE protein kinase 1
PGAM1,phosphoglycerate mutase 1 (brain)
PGAP1,post-GPI attachment to proteins 1
PGC,progastricsin (pepsinogen C)
PGCP,plasma glutamate carboxypeptidase
PGD,phosphogluconate dehydrogenase
PGDS,"prostaglandin D2 synthase, hematopoietic"
PGF,placental growth factor
PGK1,phosphoglycerate kinase 1
PGK2,phosphoglycerate kinase 2
PGLS,6-phosphogluconolactonase
PGLYRP4,peptidoglycan recognition protein 4
PGM1,phosphoglucomutase 1
PGPEP1,pyroglutamyl-peptidase I
PGRMC1,progesterone receptor membrane component 1
PGRMC2,progesterone receptor membrane component 2
PGS1,phosphatidylglycerophosphate synthase 1
PHACTR2,phosphatase and actin regulator 2
PHACTR4,phosphatase and actin regulator 4
PHB,prohibitin
PHB2,prohibitin 2
PHC2,polyhomeotic homolog 2 (Drosophila)
PHC3,polyhomeotic homolog 3 (Drosophila)
PHF1,PHD finger protein 1
PHF10,PHD finger protein 10
PHF11,PHD finger protein 11
PHF14,PHD finger protein 14
PHF15,PHD finger protein 15
PHF16,PHD finger protein 16
PHF17,PHD finger protein 17
PHF2,PHD finger protein 2
PHF20,PHD finger protein 20
PHF20L1,PHD finger protein 20-like 1
PHF21A,PHD finger protein 21A
PHF3,PHD finger protein 3
PHF8,PHD finger protein 8
PHGDH,phosphoglycerate dehydrogenase
PHIP,pleckstrin homology domain interacting protein
PHKA2,"phosphorylase kinase, alpha 2 (liver)"
PHKB,"phosphorylase kinase, beta"
PHLDA1,"pleckstrin homology-like domain, family A, member 1"
PHLDA2,"pleckstrin homology-like domain, family A, member 2"
PHLDA3,"pleckstrin homology-like domain, family A, member 3"
PHLDB1,"pleckstrin homology-like domain, family B, member 1"
PHLPP,PH domain and leucine rich repeat protein phosphatase
PHTF1,putative homeodomain transcription factor 1
PHTF2,putative homeodomain transcription factor 2
PHYH,phytanoyl-CoA 2-hydroxylase
PI3,"peptidase inhibitor 3, skin-derived"
PI4K2A,phosphatidylinositol 4-kinase type 2 alpha
PI4KA,"phosphatidylinositol 4-kinase, catalytic, alpha"
PI4KB,"phosphatidylinositol 4-kinase, catalytic, beta"
PIAS1,"protein inhibitor of activated STAT, 1"
PIAS2,"protein inhibitor of activated STAT, 2"
PIAS4,"protein inhibitor of activated STAT, 4"
PIBF1,progesterone immunomodulatory binding factor 1
PICALM,phosphatidylinositol binding clathrin assembly protein
PICK1,protein interacting with PRKCA 1
PID1,phosphotyrosine interaction domain containing 1
PIGA,"phosphatidylinositol glycan anchor biosynthesis, class A"
PIGB,"phosphatidylinositol glycan anchor biosynthesis, class B"
PIGC,"phosphatidylinositol glycan anchor biosynthesis, class C"
PIGF,"phosphatidylinositol glycan anchor biosynthesis, class F"
PIGG,"phosphatidylinositol glycan anchor biosynthesis, class G"
PIGH,"phosphatidylinositol glycan anchor biosynthesis, class H"
PIGK,"phosphatidylinositol glycan anchor biosynthesis, class K"
PIGL,"phosphatidylinositol glycan anchor biosynthesis, class L"
PIGO,"phosphatidylinositol glycan anchor biosynthesis, class O"
PIGP,"phosphatidylinositol glycan anchor biosynthesis, class P"
PIGQ,"phosphatidylinositol glycan anchor biosynthesis, class Q"
PIGV,"phosphatidylinositol glycan anchor biosynthesis, class V"
PIH1D1,PIH1 domain containing 1
PIK3C2A,"phosphoinositide-3-kinase, class 2, alpha polypeptide"
PIK3C2B,"phosphoinositide-3-kinase, class 2, beta polypeptide"
PIK3C3,"phosphoinositide-3-kinase, class 3"
PIK3CA,"phosphoinositide-3-kinase, catalytic, alpha polypeptide"
PIK3CB,"phosphoinositide-3-kinase, catalytic, beta polypeptide"
PIK3CD,"phosphoinositide-3-kinase, catalytic, delta polypeptide"
PIK3IP1,phosphoinositide-3-kinase interacting protein 1
PIK3R1,"phosphoinositide-3-kinase, regulatory subunit 1 (alpha)"
PIK3R2,"phosphoinositide-3-kinase, regulatory subunit 2 (beta)"
PIK3R3,"phosphoinositide-3-kinase, regulatory subunit 3 (gamma)"
PIK3R4,"phosphoinositide-3-kinase, regulatory subunit 4"
PIK3R5,"phosphoinositide-3-kinase, regulatory subunit 5"
PILRA,paired immunoglobin-like type 2 receptor alpha
PILRB,paired immunoglobin-like type 2 receptor beta
PIM1,pim-1 oncogene
PIM2,pim-2 oncogene
PIN1,"peptidylprolyl cis/trans isomerase, NIMA-interacting 1"
PIN4,"protein (peptidylprolyl cis/trans isomerase) NIMA-interacting, 4 (parvulin)"
PINK1,PTEN induced putative kinase 1
PION,pigeon homolog (Drosophila)
PIP3-E,phosphoinositide-binding protein PIP3-E
PIP4K2A,"phosphatidylinositol-5-phosphate 4-kinase, type II, alpha"
PIP4K2B,"phosphatidylinositol-5-phosphate 4-kinase, type II, beta"
PIP4K2C,"phosphatidylinositol-5-phosphate 4-kinase, type II, gamma"
PIP5K1A,"phosphatidylinositol-4-phosphate 5-kinase, type I, alpha"
PIP5K1B,"phosphatidylinositol-4-phosphate 5-kinase, type I, beta"
PIP5K1C,"phosphatidylinositol-4-phosphate 5-kinase, type I, gamma"
PIP5K3,"phosphatidylinositol-3-phosphate/phosphatidylinositol 5-kinase, type III"
PIPOX,pipecolic acid oxidase
PIR,pirin (iron-binding nuclear protein)
PISD,phosphatidylserine decarboxylase
PITPNA,"phosphatidylinositol transfer protein, alpha"
PITPNB,"phosphatidylinositol transfer protein, beta"
PITPNC1,"phosphatidylinositol transfer protein, cytoplasmic 1"
PITRM1,pitrilysin metallopeptidase 1
PITX2,paired-like homeodomain 2
PIWIL1,piwi-like 1 (Drosophila)
PIWIL2,piwi-like 2 (Drosophila)
PJA1,praja ring finger 1
PJA2,praja ring finger 2
PKD1,polycystic kidney disease 1 (autosomal dominant)
PKD2,polycystic kidney disease 2 (autosomal dominant)
PKIA,"protein kinase (cAMP-dependent, catalytic) inhibitor alpha"
PKIG,"protein kinase (cAMP-dependent, catalytic) inhibitor gamma"
PKLR,"pyruvate kinase, liver and RBC"
PKM2,"pyruvate kinase, muscle"
PKMYT1,"protein kinase, membrane associated tyrosine/threonine 1"
PKN1,protein kinase N1
PKN2,protein kinase N2
PKNOX1,PBX/knotted 1 homeobox 1
PKNOX2,PBX/knotted 1 homeobox 2
PKP2,plakophilin 2
PKP4,plakophilin 4
PLA1A,phospholipase A1 member A
PLA2G12A,"phospholipase A2, group XIIA"
PLA2G15,"phospholipase A2, group XV"
PLA2G16,"phospholipase A2, group XVI"
PLA2G4A,"phospholipase A2, group IVA (cytosolic, calcium-dependent)"
PLA2G5,"phospholipase A2, group V"
PLA2G6,"phospholipase A2, group VI (cytosolic, calcium-independent)"
PLA2G7,"phospholipase A2, group VII (platelet-activating factor acetylhydrolase, plasma)"
PLA2R1,"phospholipase A2 receptor 1, 180kDa"
PLAA,phospholipase A2-activating protein
PLAC8,placenta-specific 8
PLAG1,pleiomorphic adenoma gene 1
PLAGL1,pleiomorphic adenoma gene-like 1
PLAGL2,pleiomorphic adenoma gene-like 2
PLAT,"plasminogen activator, tissue"
PLAU,"plasminogen activator, urokinase"
PLAUR,"plasminogen activator, urokinase receptor"
PLCB1,"phospholipase C, beta 1 (phosphoinositide-specific)"
PLCB4,"phospholipase C, beta 4"
PLCE1,"phospholipase C, epsilon 1"
PLCG2,"phospholipase C, gamma 2 (phosphatidylinositol-specific)"
PLCH1,"phospholipase C, eta 1"
PLCL1,phospholipase C-like 1
PLCL2,phospholipase C-like 2
PLD1,"phospholipase D1, phosphatidylcholine-specific"
PLD3,"phospholipase D family, member 3"
PLEC1,"plectin 1, intermediate filament binding protein 500kDa"
PLEK,pleckstrin
PLEKHA1,"pleckstrin homology domain containing, family A (phosphoinositide binding specific) member 1"
PLEKHA5,"pleckstrin homology domain containing, family A member 5"
PLEKHB2,"pleckstrin homology domain containing, family B (evectins) member 2"
PLEKHF2,"pleckstrin homology domain containing, family F (with FYVE domain) member 2"
PLEKHG3,"pleckstrin homology domain containing, family G (with RhoGef domain) member 3"
PLEKHJ1,"pleckstrin homology domain containing, family J member 1"
PLEKHM1,"pleckstrin homology domain containing, family M (with RUN domain) member 1"
PLEKHO1,"pleckstrin homology domain containing, family O member 1"
PLG,plasminogen
PLGLB1,plasminogen-like B1 /// plasminogen-like B2
PLK2,polo-like kinase 2 (Drosophila)
PLLP,plasma membrane proteolipid (plasmolipin)
PLN,phospholamban
PLOD1,"procollagen-lysine 1, 2-oxoglutarate 5-dioxygenase 1"
PLOD2,"procollagen-lysine, 2-oxoglutarate 5-dioxygenase 2"
PLOD3,"procollagen-lysine, 2-oxoglutarate 5-dioxygenase 3"
PLP2,proteolipid protein 2 (colonic epithelium-enriched)
PLS1,plastin 1 (I isoform)
PLS3,plastin 3 (T isoform)
PLSCR1,phospholipid scramblase 1
PLSCR3,phospholipid scramblase 3
PLSCR4,phospholipid scramblase 4
PLTP,phospholipid transfer protein
PLVAP,plasmalemma vesicle associated protein
PLXDC1,plexin domain containing 1
PLXNA1,plexin A1
PLXNA2,plexin A2
PLXNB2,plexin B2
PLXNC1,plexin C1
PLXND1,plexin D1
PMAIP1,phorbol-12-myristate-13-acetate-induced protein 1
PMEPA1,"prostate transmembrane protein, androgen induced 1"
PMF1,polyamine-modulated factor 1
PML,promyelocytic leukemia
PMM1,phosphomannomutase 1
PMM2,phosphomannomutase 2
PMP2,peripheral myelin protein 2
PMP22,peripheral myelin protein 22
PMPCA,peptidase (mitochondrial processing) alpha
PMPCB,peptidase (mitochondrial processing) beta
PMS1,PMS1 postmeiotic segregation increased 1 (S. cerevisiae)
PMS2,PMS2 postmeiotic segregation increased 2 (S. cerevisiae) /// PMS2 C-terminal like pseudogene
PMS2L1,postmeiotic segregation increased 2-like 1 pseudogene
PMS2L11,postmeiotic segregation increased 2-like 11 pseudogene
PMS2L2,postmeiotic segregation increased 2-like 2 pseudogene
PMS2L3,postmeiotic segregation increased 2-like 3
PMVK,phosphomevalonate kinase
PNKP,polynucleotide kinase 3'-phosphatase
PNMA1,paraneoplastic antigen MA1
PNMA2,paraneoplastic antigen MA2
PNMAL1,PNMA-like 1
PNN,"pinin, desmosome associated protein"
PNO1,partner of NOB1 homolog (S. cerevisiae)
PNPLA2,patatin-like phospholipase domain containing 2
PNPLA6,patatin-like phospholipase domain containing 6
PNPO,pyridoxamine 5'-phosphate oxidase
PNRC1,proline-rich nuclear receptor coactivator 1
PODXL,podocalyxin-like
POF1B,"premature ovarian failure, 1B"
POFUT1,protein O-fucosyltransferase 1
POFUT2,protein O-fucosyltransferase 2
POGK,pogo transposable element with KRAB domain
POGZ,pogo transposable element with ZNF domain
POLA1,"polymerase (DNA directed), alpha 1, catalytic subunit"
POLB,"polymerase (DNA directed), beta"
POLD2,"polymerase (DNA directed), delta 2, regulatory subunit 50kDa"
POLD3,"polymerase (DNA-directed), delta 3, accessory subunit"
POLDIP2,"polymerase (DNA-directed), delta interacting protein 2"
POLDIP3,"polymerase (DNA-directed), delta interacting protein 3"
POLE2,"polymerase (DNA directed), epsilon 2 (p59 subunit)"
POLE3,"polymerase (DNA directed), epsilon 3 (p17 subunit)"
POLG,"polymerase (DNA directed), gamma"
POLG2,"polymerase (DNA directed), gamma 2, accessory subunit"
POLH,"polymerase (DNA directed), eta"
POLI,polymerase (DNA directed) iota
POLR1B,"polymerase (RNA) I polypeptide B, 128kDa"
POLR1C,"polymerase (RNA) I polypeptide C, 30kDa"
POLR1D,"polymerase (RNA) I polypeptide D, 16kDa"
POLR1E,"polymerase (RNA) I polypeptide E, 53kDa"
POLR2A,"polymerase (RNA) II (DNA directed) polypeptide A, 220kDa"
POLR2B,"polymerase (RNA) II (DNA directed) polypeptide B, 140kDa"
POLR2C,"polymerase (RNA) II (DNA directed) polypeptide C, 33kDa"
POLR2D,polymerase (RNA) II (DNA directed) polypeptide D
POLR2E,"polymerase (RNA) II (DNA directed) polypeptide E, 25kDa"
POLR2F,polymerase (RNA) II (DNA directed) polypeptide F
POLR2G,polymerase (RNA) II (DNA directed) polypeptide G
POLR2H,polymerase (RNA) II (DNA directed) polypeptide H
POLR2I,"polymerase (RNA) II (DNA directed) polypeptide I, 14.5kDa"
POLR2J,"polymerase (RNA) II (DNA directed) polypeptide J, 13.3kDa"
POLR2J4,"polymerase (RNA) II (DNA directed) polypeptide J4, pseudogene"
POLR2K,"polymerase (RNA) II (DNA directed) polypeptide K, 7.0kDa"
POLR2L,"polymerase (RNA) II (DNA directed) polypeptide L, 7.6kDa"
POLR3B,polymerase (RNA) III (DNA directed) polypeptide B
POLR3C,polymerase (RNA) III (DNA directed) polypeptide C (62kD)
POLR3E,polymerase (RNA) III (DNA directed) polypeptide E (80kD)
POLR3F,"polymerase (RNA) III (DNA directed) polypeptide F, 39 kDa"
POLR3G,polymerase (RNA) III (DNA directed) polypeptide G (32kD)
POLR3K,"polymerase (RNA) III (DNA directed) polypeptide K, 12.3 kDa"
POLS,polymerase (DNA directed) sigma
POM121,POM121 membrane glycoprotein (rat)
POM121L2,POM121 membrane glycoprotein-like 2 (rat)
POMGNT1,"protein O-linked mannose beta1,2-N-acetylglucosaminyltransferase"
POMP,proteasome maturation protein
POMT1,protein-O-mannosyltransferase 1
POMZP3,"POM (POM121 homolog, rat) and ZP3 fusion /// zona pellucida glycoprotein 3 (sperm receptor)"
PON2,paraoxonase 2
PON3,paraoxonase 3
POP4,"processing of precursor 4, ribonuclease P/MRP subunit (S. cerevisiae)"
POP5,"processing of precursor 5, ribonuclease P/MRP subunit (S. cerevisiae)"
POP7,"processing of precursor 7, ribonuclease P/MRP subunit (S. cerevisiae)"
POPDC2,popeye domain containing 2
POR,P450 (cytochrome) oxidoreductase
POSTN,"periostin, osteoblast specific factor"
POT1,POT1 protection of telomeres 1 homolog (S. pombe)
POU2AF1,POU class 2 associating factor 1
POU2F1,POU class 2 homeobox 1
POU4F2,POU class 4 homeobox 2
POU5F1,POU class 5 homeobox 1 /// POU class 5 homeobox 1 pseudogene 1 /// POU class 5 homeobox 1 pseudogene 3 /// POU class 5 homeobox 1 pseudogene 4
PPA1,pyrophosphatase (inorganic) 1
PPA2,pyrophosphatase (inorganic) 2
PPAN,peter pan homolog (Drosophila)
PPAP2A,phosphatidic acid phosphatase type 2A
PPAP2B,phosphatidic acid phosphatase type 2B
PPARA,peroxisome proliferator-activated receptor alpha
PPARD,peroxisome proliferator-activated receptor delta
PPARGC1A,"peroxisome proliferator-activated receptor gamma, coactivator 1 alpha"
PPAT,phosphoribosyl pyrophosphate amidotransferase
PPCS,phosphopantothenoylcysteine synthetase
PPFIA1,"protein tyrosine phosphatase, receptor type, f polypeptide (PTPRF), interacting protein (liprin), alpha 1"
PPFIBP1,"PTPRF interacting protein, binding protein 1 (liprin beta 1)"
PPFIBP2,"PTPRF interacting protein, binding protein 2 (liprin beta 2)"
PPIA,peptidylprolyl isomerase A (cyclophilin A)
PPIAL4A,peptidylprolyl isomerase A (cyclophilin A)-like 4A /// peptidylprolyl isomerase A (cyclophilin A)-like 4B /// peptidylprolyl isomerase A (cyclophilin A)-like 4C /// peptidylprolyl isomerase A (cyclophilin A)-like 4G
PPIB,peptidylprolyl isomerase B (cyclophilin B)
PPIC,peptidylprolyl isomerase C (cyclophilin C)
PPID,peptidylprolyl isomerase D
PPIE,peptidylprolyl isomerase E (cyclophilin E)
PPIF,peptidylprolyl isomerase F
PPIG,peptidylprolyl isomerase G (cyclophilin G)
PPIH,peptidylprolyl isomerase H (cyclophilin H)
PPL,periplakin
PPM1A,"protein phosphatase 1A (formerly 2C), magnesium-dependent, alpha isoform"
PPM1B,"protein phosphatase 1B (formerly 2C), magnesium-dependent, beta isoform"
PPM1D,"protein phosphatase 1D magnesium-dependent, delta isoform"
PPM1F,protein phosphatase 1F (PP2C domain containing)
PPM1G,"protein phosphatase 1G (formerly 2C), magnesium-dependent, gamma isoform"
PPM1H,protein phosphatase 1H (PP2C domain containing)
PPM2C,"protein phosphatase 2C, magnesium-dependent, catalytic subunit"
PPME1,protein phosphatase methylesterase 1
PPOX,protoporphyrinogen oxidase
PPP1CA,"protein phosphatase 1, catalytic subunit, alpha isoform"
PPP1CB,"protein phosphatase 1, catalytic subunit, beta isoform"
PPP1CC,"protein phosphatase 1, catalytic subunit, gamma isoform"
PPP1R10,"protein phosphatase 1, regulatory (inhibitor) subunit 10"
PPP1R11,"protein phosphatase 1, regulatory (inhibitor) subunit 11"
PPP1R12A,"protein phosphatase 1, regulatory (inhibitor) subunit 12A"
PPP1R12B,"protein phosphatase 1, regulatory (inhibitor) subunit 12B"
PPP1R13B,"protein phosphatase 1, regulatory (inhibitor) subunit 13B"
PPP1R13L,"protein phosphatase 1, regulatory (inhibitor) subunit 13 like"
PPP1R14B,"protein phosphatase 1, regulatory (inhibitor) subunit 14B"
PPP1R14D,"protein phosphatase 1, regulatory (inhibitor) subunit 14D"
PPP1R15A,"protein phosphatase 1, regulatory (inhibitor) subunit 15A"
PPP1R16B,"protein phosphatase 1, regulatory (inhibitor) subunit 16B"
PPP1R1A,"protein phosphatase 1, regulatory (inhibitor) subunit 1A"
PPP1R2,"protein phosphatase 1, regulatory (inhibitor) subunit 2"
PPP1R3C,"protein phosphatase 1, regulatory (inhibitor) subunit 3C"
PPP1R3D,"protein phosphatase 1, regulatory (inhibitor) subunit 3D"
PPP1R7,"protein phosphatase 1, regulatory (inhibitor) subunit 7"
PPP1R8,"protein phosphatase 1, regulatory (inhibitor) subunit 8"
PPP1R9A,"protein phosphatase 1, regulatory (inhibitor) subunit 9A"
PPP2CA,"protein phosphatase 2 (formerly 2A), catalytic subunit, alpha isoform"
PPP2CB,"protein phosphatase 2 (formerly 2A), catalytic subunit, beta isoform"
PPP2R1A,"protein phosphatase 2 (formerly 2A), regulatory subunit A, alpha isoform"
PPP2R1B,"protein phosphatase 2 (formerly 2A), regulatory subunit A, beta isoform"
PPP2R2A,"protein phosphatase 2 (formerly 2A), regulatory subunit B, alpha isoform"
PPP2R2B,"protein phosphatase 2 (formerly 2A), regulatory subunit B, beta isoform"
PPP2R3A,"protein phosphatase 2 (formerly 2A), regulatory subunit B'', alpha"
PPP2R3C,"protein phosphatase 2 (formerly 2A), regulatory subunit B'', gamma"
PPP2R4,"protein phosphatase 2A activator, regulatory subunit 4"
PPP2R5A,"protein phosphatase 2, regulatory subunit B', alpha isoform"
PPP2R5B,"protein phosphatase 2, regulatory subunit B', beta isoform"
PPP2R5C,"protein phosphatase 2, regulatory subunit B', gamma isoform"
PPP2R5D,"protein phosphatase 2, regulatory subunit B', delta isoform"
PPP2R5E,"protein phosphatase 2, regulatory subunit B', epsilon isoform"
PPP3CA,"protein phosphatase 3 (formerly 2B), catalytic subunit, alpha isoform"
PPP3CB,"protein phosphatase 3 (formerly 2B), catalytic subunit, beta isoform"
PPP3CC,"protein phosphatase 3 (formerly 2B), catalytic subunit, gamma isoform"
PPP3R1,"protein phosphatase 3 (formerly 2B), regulatory subunit B, alpha isoform /// WD repeat domain 92"
PPP4R1,"protein phosphatase 4, regulatory subunit 1"
PPP6C,"protein phosphatase 6, catalytic subunit"
PPT1,palmitoyl-protein thioesterase 1
PPT2,palmitoyl-protein thioesterase 2
PPWD1,peptidylprolyl isomerase domain and WD repeat containing 1
PQBP1,polyglutamine binding protein 1
PQLC2,PQ loop repeat containing 2
PRAF2,"PRA1 domain family, member 2"
PRAME,preferentially expressed antigen in melanoma
PRAMEF11,PRAME family member 11
PRCC,papillary renal cell carcinoma (translocation-associated)
PRCP,prolylcarboxypeptidase (angiotensinase C)
PRDM10,PR domain containing 10
PRDM2,"PR domain containing 2, with ZNF domain"
PRDM4,PR domain containing 4
PRDX1,peroxiredoxin 1
PRDX2,peroxiredoxin 2
PRDX3,peroxiredoxin 3
PRDX4,peroxiredoxin 4
PRDX6,peroxiredoxin 6
PREB,prolactin regulatory element binding
PRELP,proline/arginine-rich end leucine-rich repeat protein
PREP,prolyl endopeptidase
PREPL,prolyl endopeptidase-like
PRF1,perforin 1 (pore forming protein)
PRICKLE4,prickle homolog 4 (Drosophila) /// translocase of outer mitochondrial membrane 6 homolog (yeast)
PRIM1,"primase, DNA, polypeptide 1 (49kDa)"
PRINS,psoriasis associated RNA induced by stress (non-protein coding)
PRKAB1,"protein kinase, AMP-activated, beta 1 non-catalytic subunit"
PRKACA,"protein kinase, cAMP-dependent, catalytic, alpha"
PRKACB,"protein kinase, cAMP-dependent, catalytic, beta"
PRKAG1,"protein kinase, AMP-activated, gamma 1 non-catalytic subunit"
PRKAG2,"Protein kinase, AMP-activated, gamma 2 non-catalytic subunit, mRNA (cDNA clone IMAGE:4413055)"
PRKAR1A,"protein kinase, cAMP-dependent, regulatory, type I, alpha (tissue specific extinguisher 1)"
PRKAR2A,"protein kinase, cAMP-dependent, regulatory, type II, alpha"
PRKAR2B,"protein kinase, cAMP-dependent, regulatory, type II, beta"
PRKCA,"protein kinase C, alpha"
PRKCB,"protein kinase C, beta"
PRKCD,"protein kinase C, delta"
PRKCDBP,"protein kinase C, delta binding protein"
PRKCH,"protein kinase C, eta"
PRKCI,"protein kinase C, iota"
PRKCSH,protein kinase C substrate 80K-H
PRKD1,protein kinase D1
PRKD2,protein kinase D2
PRKD3,protein kinase D3
PRKDC,"protein kinase, DNA-activated, catalytic polypeptide"
PRKG2,"protein kinase, cGMP-dependent, type II"
PRKRA,"protein kinase, interferon-inducible double stranded RNA dependent activator"
PRKRIP1,PRKR interacting protein 1 (IL11 inducible)
PRKRIR,"protein-kinase, interferon-inducible double stranded RNA dependent inhibitor, repressor of (P58 repressor)"
PRKX,"protein kinase, X-linked /// protein kinase, Y-linked"
PRKY,"protein kinase, Y-linked"
PRLH,prolactin releasing hormone
PRLR,prolactin receptor
PRMT1,protein arginine methyltransferase 1
PRMT2,protein arginine methyltransferase 2
PRMT3,protein arginine methyltransferase 3
PRMT5,protein arginine methyltransferase 5
PRND,prion protein 2 (dublet)
PRNP,prion protein
PROCR,"protein C receptor, endothelial (EPCR)"
PRODH,proline dehydrogenase (oxidase) 1
PRODH2,proline dehydrogenase (oxidase) 2
PROM1,prominin 1
PROS1,protein S (alpha)
PROSC,proline synthetase co-transcribed homolog (bacterial)
PROX1,prospero homeobox 1
PROZ,"protein Z, vitamin K-dependent plasma glycoprotein"
PRPF18,PRP18 pre-mRNA processing factor 18 homolog (S. cerevisiae)
PRPF19,PRP19/PSO4 pre-mRNA processing factor 19 homolog (S. cerevisiae)
PRPF3,PRP3 pre-mRNA processing factor 3 homolog (S. cerevisiae)
PRPF31,PRP31 pre-mRNA processing factor 31 homolog (S. cerevisiae)
PRPF38B,PRP38 pre-mRNA processing factor 38 (yeast) domain containing B
PRPF39,PRP39 pre-mRNA processing factor 39 homolog (S. cerevisiae)
PRPF4,PRP4 pre-mRNA processing factor 4 homolog (yeast)
PRPF40A,PRP40 pre-mRNA processing factor 40 homolog A (S. cerevisiae)
PRPF4B,PRP4 pre-mRNA processing factor 4 homolog B (yeast)
PRPF6,PRP6 pre-mRNA processing factor 6 homolog (S. cerevisiae)
PRPF8,PRP8 pre-mRNA processing factor 8 homolog (S. cerevisiae)
PRPS1,phosphoribosyl pyrophosphate synthetase 1
PRPS2,phosphoribosyl pyrophosphate synthetase 2
PRPSAP1,phosphoribosyl pyrophosphate synthetase-associated protein 1
PRPSAP2,phosphoribosyl pyrophosphate synthetase-associated protein 2
PRR11,proline rich 11
PRR13,proline rich 13
PRR14,proline rich 14
PRR16,proline rich 16
PRR4,proline rich 4 (lacrimal)
PRR5,proline rich 5 (renal)
PRRG1,proline rich Gla (G-carboxyglutamic acid) 1
PRRG2,proline rich Gla (G-carboxyglutamic acid) 2
PRRX1,paired related homeobox 1
PRSS22,"protease, serine, 22"
PRSS23,"protease, serine, 23"
PRSS3,"protease, serine, 3"
PRSS7,"protease, serine, 7 (enterokinase)"
PRSS8,"protease, serine, 8"
PRUNE,prune homolog (Drosophila)
PRUNE2,prune homolog 2 (Drosophila)
PSAP,prosaposin
PSAT1,phosphoserine aminotransferase 1
PSD3,pleckstrin and Sec7 domain containing 3
PSD4,pleckstrin and Sec7 domain containing 4
PSEN1,presenilin 1
PSEN2,presenilin 2 (Alzheimer disease 4)
PSENEN,presenilin enhancer 2 homolog (C. elegans)
PSG1,pregnancy specific beta-1-glycoprotein 1
PSG3,pregnancy specific beta-1-glycoprotein 3
PSIP1,PC4 and SFRS1 interacting protein 1
PSKH1,protein serine kinase H1
PSMA1,"proteasome (prosome, macropain) subunit, alpha type, 1"
PSMA2,"proteasome (prosome, macropain) subunit, alpha type, 2"
PSMA3,"proteasome (prosome, macropain) subunit, alpha type, 3"
PSMA4,"proteasome (prosome, macropain) subunit, alpha type, 4"
PSMA5,"proteasome (prosome, macropain) subunit, alpha type, 5"
PSMA7,"proteasome (prosome, macropain) subunit, alpha type, 7"
PSMAL,growth-inhibiting protein 26
PSMB1,"proteasome (prosome, macropain) subunit, beta type, 1"
PSMB10,"proteasome (prosome, macropain) subunit, beta type, 10"
PSMB2,"proteasome (prosome, macropain) subunit, beta type, 2"
PSMB3,"proteasome (prosome, macropain) subunit, beta type, 3"
PSMB4,"proteasome (prosome, macropain) subunit, beta type, 4"
PSMB5,"proteasome (prosome, macropain) subunit, beta type, 5"
PSMB6,"proteasome (prosome, macropain) subunit, beta type, 6"
PSMB7,"proteasome (prosome, macropain) subunit, beta type, 7"
PSMB8,"proteasome (prosome, macropain) subunit, beta type, 8 (large multifunctional peptidase 7)"
PSMB9,"proteasome (prosome, macropain) subunit, beta type, 9 (large multifunctional peptidase 2)"
PSMC1,"proteasome (prosome, macropain) 26S subunit, ATPase, 1"
PSMC2,"proteasome (prosome, macropain) 26S subunit, ATPase, 2"
PSMC3,"proteasome (prosome, macropain) 26S subunit, ATPase, 3"
PSMC3IP,PSMC3 interacting protein
PSMC4,"proteasome (prosome, macropain) 26S subunit, ATPase, 4"
PSMC5,"proteasome (prosome, macropain) 26S subunit, ATPase, 5"
PSMC6,"proteasome (prosome, macropain) 26S subunit, ATPase, 6"
PSMD1,"proteasome (prosome, macropain) 26S subunit, non-ATPase, 1"
PSMD10,"proteasome (prosome, macropain) 26S subunit, non-ATPase, 10"
PSMD11,"proteasome (prosome, macropain) 26S subunit, non-ATPase, 11"
PSMD12,"proteasome (prosome, macropain) 26S subunit, non-ATPase, 12"
PSMD13,"proteasome (prosome, macropain) 26S subunit, non-ATPase, 13"
PSMD14,"proteasome (prosome, macropain) 26S subunit, non-ATPase, 14"
PSMD2,"proteasome (prosome, macropain) 26S subunit, non-ATPase, 2"
PSMD3,"proteasome (prosome, macropain) 26S subunit, non-ATPase, 3"
PSMD4,"proteasome (prosome, macropain) 26S subunit, non-ATPase, 4"
PSMD5,"proteasome (prosome, macropain) 26S subunit, non-ATPase, 5"
PSMD6,"proteasome (prosome, macropain) 26S subunit, non-ATPase, 6"
PSMD7,"proteasome (prosome, macropain) 26S subunit, non-ATPase, 7"
PSMD8,"proteasome (prosome, macropain) 26S subunit, non-ATPase, 8"
PSMD9,"proteasome (prosome, macropain) 26S subunit, non-ATPase, 9"
PSME1,"proteasome (prosome, macropain) activator subunit 1 (PA28 alpha)"
PSME2,"proteasome (prosome, macropain) activator subunit 2 (PA28 beta)"
PSME3,"proteasome (prosome, macropain) activator subunit 3 (PA28 gamma; Ki)"
PSME4,"proteasome (prosome, macropain) activator subunit 4"
PSMF1,"proteasome (prosome, macropain) inhibitor subunit 1 (PI31)"
PSMG1,"proteasome (prosome, macropain) assembly chaperone 1"
PSMG2,"proteasome (prosome, macropain) assembly chaperone 2"
PSPC1,paraspeckle component 1
PSPH,phosphoserine phosphatase
PSTPIP2,proline-serine-threonine phosphatase interacting protein 2
PTBP1,polypyrimidine tract binding protein 1
PTBP2,polypyrimidine tract binding protein 2
PTCD3,Pentatricopeptide repeat domain 3
PTCH1,patched homolog 1 (Drosophila)
PTCRA,pre T-cell antigen receptor alpha
PTDSS1,phosphatidylserine synthase 1
PTDSS2,phosphatidylserine synthase 2
PTEN,phosphatase and tensin homolog
PTER,phosphotriesterase related
PTGDR,prostaglandin D2 receptor (DP)
PTGDS,prostaglandin D2 synthase 21kDa (brain)
PTGER2,"prostaglandin E receptor 2 (subtype EP2), 53kDa"
PTGER3,prostaglandin E receptor 3 (subtype EP3)
PTGER4,prostaglandin E receptor 4 (subtype EP4)
PTGES,prostaglandin E synthase
PTGES2,prostaglandin E synthase 2
PTGES3,prostaglandin E synthase 3 (cytosolic)
PTGIS,prostaglandin I2 (prostacyclin) synthase
PTGS1,prostaglandin-endoperoxide synthase 1 (prostaglandin G/H synthase and cyclooxygenase)
PTGS2,prostaglandin-endoperoxide synthase 2 (prostaglandin G/H synthase and cyclooxygenase)
PTH1R,parathyroid hormone 1 receptor
PTHLH,parathyroid hormone-like hormone
PTK2,PTK2 protein tyrosine kinase 2
PTK2B,PTK2B protein tyrosine kinase 2 beta
PTK7,PTK7 protein tyrosine kinase 7
PTMA,"prothymosin, alpha"
PTMAP7,"prothymosin, alpha pseudogene 7"
PTMS,parathymosin
PTN,pleiotrophin
PTOV1,prostate tumor overexpressed 1
PTP4A1,"protein tyrosine phosphatase type IVA, member 1"
PTP4A2,"protein tyrosine phosphatase type IVA, member 2"
PTPLAD1,protein tyrosine phosphatase-like A domain containing 1
PTPLB,"protein tyrosine phosphatase-like (proline instead of catalytic arginine), member b"
PTPN1,"protein tyrosine phosphatase, non-receptor type 1"
PTPN11,"protein tyrosine phosphatase, non-receptor type 11"
PTPN12,"protein tyrosine phosphatase, non-receptor type 12"
PTPN13,"protein tyrosine phosphatase, non-receptor type 13 (APO-1/CD95 (Fas)-associated phosphatase)"
PTPN14,"protein tyrosine phosphatase, non-receptor type 14"
PTPN18,"protein tyrosine phosphatase, non-receptor type 18 (brain-derived)"
PTPN2,"protein tyrosine phosphatase, non-receptor type 2"
PTPN20A,"protein tyrosine phosphatase, non-receptor type 20A /// protein tyrosine phosphatase, non-receptor type 20B"
PTPN3,"protein tyrosine phosphatase, non-receptor type 3"
PTPN4,"protein tyrosine phosphatase, non-receptor type 4 (megakaryocyte)"
PTPN6,"protein tyrosine phosphatase, non-receptor type 6"
PTPN9,"protein tyrosine phosphatase, non-receptor type 9"
PTPRA,"protein tyrosine phosphatase, receptor type, A"
PTPRB,"protein tyrosine phosphatase, receptor type, B"
PTPRC,"protein tyrosine phosphatase, receptor type, C"
PTPRD,"protein tyrosine phosphatase, receptor type, D"
PTPRE,"protein tyrosine phosphatase, receptor type, E"
PTPRF,"protein tyrosine phosphatase, receptor type, F"
PTPRG,"protein tyrosine phosphatase, receptor type, G"
PTPRH,"protein tyrosine phosphatase, receptor type, H"
PTPRK,"protein tyrosine phosphatase, receptor type, K"
PTPRM,"protein tyrosine phosphatase, receptor type, M"
PTPRO,"protein tyrosine phosphatase, receptor type, O"
PTRF,polymerase I and transcript release factor
PTRH2,peptidyl-tRNA hydrolase 2
PTS,6-pyruvoyltetrahydropterin synthase
PTTG1,pituitary tumor-transforming 1
PTTG1IP,pituitary tumor-transforming 1 interacting protein
PTX3,"pentraxin-related gene, rapidly induced by IL-1 beta"
PUF60,poly-U binding splicing factor 60KDa
PUM1,pumilio homolog 1 (Drosophila)
PUM2,pumilio homolog 2 (Drosophila)
PURA,purine-rich element binding protein A
PUS1,pseudouridylate synthase 1
PUS3,pseudouridylate synthase 3
PUS7,pseudouridylate synthase 7 homolog (S. cerevisiae)
PVALB,parvalbumin
PVRIG,poliovirus receptor related immunoglobulin domain containing
PVRL2,poliovirus receptor-related 2 (herpesvirus entry mediator B)
PVRL3,poliovirus receptor-related 3
PVT1,Pvt1 oncogene (non-protein coding)
PWP1,PWP1 homolog (S. cerevisiae)
PXDN,peroxidasin homolog (Drosophila)
PXMP2,"peroxisomal membrane protein 2, 22kDa"
PXMP3,"peroxisomal membrane protein 3, 35kDa"
PXMP4,"peroxisomal membrane protein 4, 24kDa"
PXN,paxillin
PYCARD,PYD and CARD domain containing
PYGL,"phosphorylase, glycogen, liver"
PYHIN1,"pyrin and HIN domain family, member 1"
PYROXD1,pyridine nucleotide-disulphide oxidoreductase domain 1
PZP,pregnancy-zone protein
ProSAPiP1,ProSAPiP1 protein
QARS,glutaminyl-tRNA synthetase
QDPR,quinoid dihydropteridine reductase
QKI,"quaking homolog, KH domain RNA binding (mouse)"
QPCT,glutaminyl-peptide cyclotransferase
QPRT,quinolinate phosphoribosyltransferase
QRICH1,glutamine-rich 1
QRSL1,glutaminyl-tRNA synthase (glutamine-hydrolyzing)-like 1
QSER1,glutamine and serine rich 1
QSOX1,quiescin Q6 sulfhydryl oxidase 1
QTRTD1,queuine tRNA-ribosyltransferase domain containing 1
R3HCC1,R3H domain and coiled-coil containing 1
R3HDM1,R3H domain containing 1
R3HDM2,R3H domain containing 2
RAB11A,"RAB11A, member RAS oncogene family"
RAB11B,"RAB11B, member RAS oncogene family"
RAB11FIP1,RAB11 family interacting protein 1 (class I)
RAB11FIP2,RAB11 family interacting protein 2 (class I)
RAB11FIP3,RAB11 family interacting protein 3 (class II)
RAB11FIP5,RAB11 family interacting protein 5 (class I)
RAB13,"RAB13, member RAS oncogene family"
RAB14,"RAB14, member RAS oncogene family"
RAB15,"RAB15, member RAS onocogene family"
RAB17,"RAB17, member RAS oncogene family"
RAB1A,"RAB1A, member RAS oncogene family"
RAB1B,"RAB1B, member RAS oncogene family"
RAB20,"RAB20, member RAS oncogene family"
RAB21,"RAB21, member RAS oncogene family"
RAB22A,"RAB22A, member RAS oncogene family"
RAB25,"RAB25, member RAS oncogene family"
RAB27A,"RAB27A, member RAS oncogene family"
RAB28,"RAB28, member RAS oncogene family"
RAB2A,"RAB2A, member RAS oncogene family"
RAB31,"RAB31, member RAS oncogene family"
RAB32,"RAB32, member RAS oncogene family"
RAB33B,"RAB33B, member RAS oncogene family"
RAB35,"RAB35, member RAS oncogene family"
RAB36,"RAB36, member RAS oncogene family"
RAB3GAP1,RAB3 GTPase activating protein subunit 1 (catalytic)
RAB3GAP2,RAB3 GTPase activating protein subunit 2 (non-catalytic)
RAB3IL1,RAB3A interacting protein (rabin3)-like 1
RAB40B,"RAB40B, member RAS oncogene family"
RAB4A,"RAB4A, member RAS oncogene family"
RAB5A,"RAB5A, member RAS oncogene family"
RAB5B,"RAB5B, member RAS oncogene family"
RAB5C,"RAB5C, member RAS oncogene family"
RAB6A,"RAB6A, member RAS oncogene family"
RAB6B,"RAB6B, member RAS oncogene family"
RAB7A,"RAB7A, member RAS oncogene family"
RAB7L1,"RAB7, member RAS oncogene family-like 1"
RAB8A,"RAB8A, member RAS oncogene family"
RAB9A,"RAB9A, member RAS oncogene family"
RAB9P1,"RAB9, member RAS oncogene family, pseudogene 1"
RABAC1,Rab acceptor 1 (prenylated)
RABEPK,Rab9 effector protein with kelch motifs
RABGAP1,RAB GTPase activating protein 1
RABGAP1L,RAB GTPase activating protein 1-like
RABGEF1,RAB guanine nucleotide exchange factor (GEF) 1
RABGGTA,"Rab geranylgeranyltransferase, alpha subunit"
RABGGTB,"Rab geranylgeranyltransferase, beta subunit"
RABIF,RAB interacting factor
RABL2A,"RAB, member of RAS oncogene family-like 2A /// RAB, member of RAS oncogene family-like 2B"
RABL3,"RAB, member of RAS oncogene family-like 3"
RABL4,"RAB, member of RAS oncogene family-like 4"
RAC1,"ras-related C3 botulinum toxin substrate 1 (rho family, small GTP binding protein Rac1)"
RAC2,"ras-related C3 botulinum toxin substrate 2 (rho family, small GTP binding protein Rac2)"
RACGAP1,Rac GTPase activating protein 1
RAD1,RAD1 homolog (S. pombe)
RAD17,RAD17 homolog (S. pombe)
RAD21,RAD21 homolog (S. pombe)
RAD23A,RAD23 homolog A (S. cerevisiae)
RAD23B,RAD23 homolog B (S. cerevisiae)
RAD50,RAD50 homolog (S. cerevisiae)
RAD51AP1,RAD51 associated protein 1
RAD51C,RAD51 homolog C (S. cerevisiae)
RAD51L1,RAD51-like 1 (S. cerevisiae)
RAD51L3,RAD51-like 3 (S. cerevisiae)
RAD54B,RAD54 homolog B (S. cerevisiae)
RAD9A,RAD9 homolog A (S. pombe)
RAE1,RAE1 RNA export 1 homolog (S. pombe)
RAF1,v-raf-1 murine leukemia viral oncogene homolog 1
RAG1AP1,recombination activating gene 1 activating protein 1
RAGE,renal tumor antigen
RAI14,retinoic acid induced 14
RAI2,retinoic acid induced 2
RALA,v-ral simian leukemia viral oncogene homolog A (ras related)
RALB,v-ral simian leukemia viral oncogene homolog B (ras related; GTP binding protein)
RALBP1,ralA binding protein 1
RALGDS,ral guanine nucleotide dissociation stimulator
RALGPS1,Ral GEF with PH domain and SH3 binding motif 1
RALGPS2,Ral GEF with PH domain and SH3 binding motif 2
RALY,"RNA binding protein, autoantigenic (hnRNP-associated with lethal yellow homolog (mouse))"
RALYL,RALY RNA binding protein-like
RAMP1,receptor (G protein-coupled) activity modifying protein 1
RAMP3,receptor (G protein-coupled) activity modifying protein 3
RAN,"RAN, member RAS oncogene family"
RANBP1,RAN binding protein 1
RANBP10,RAN binding protein 10
RANBP2,RAN binding protein 2
RANBP3,RAN binding protein 3
RANBP6,RAN binding protein 6
RANBP9,RAN binding protein 9
RANGRF,RAN guanine nucleotide release factor
RAP1A,"RAP1A, member of RAS oncogene family"
RAP1GAP,RAP1 GTPase activating protein
RAP1GDS1,"RAP1, GTP-GDP dissociation stimulator 1"
RAP2A,"RAP2A, member of RAS oncogene family, mRNA (cDNA clone MGC:41795 IMAGE:5278625)"
RAP2B,"RAP2B, member of RAS oncogene family"
RAP2C,"RAP2C, member of RAS oncogene family"
RAPGEF2,Rap guanine nucleotide exchange factor (GEF) 2
RAPGEF4,Rap guanine nucleotide exchange factor (GEF) 4
RAPGEF5,Rap guanine nucleotide exchange factor (GEF) 5
RAPGEF6,Rap guanine nucleotide exchange factor (GEF) 6
RARA,"retinoic acid receptor, alpha"
RARB,"retinoic acid receptor, beta"
RARRES1,retinoic acid receptor responder (tazarotene induced) 1
RARRES2,retinoic acid receptor responder (tazarotene induced) 2
RARRES3,retinoic acid receptor responder (tazarotene induced) 3
RARS,arginyl-tRNA synthetase
RASA1,RAS p21 protein activator (GTPase activating protein) 1
RASAL1,RAS protein activator like 1 (GAP1 like)
RASGRF1,Ras protein-specific guanine nucleotide-releasing factor 1
RASGRP1,RAS guanyl releasing protein 1 (calcium and DAG-regulated)
RASGRP2,RAS guanyl releasing protein 2 (calcium and DAG-regulated)
RASGRP3,RAS guanyl releasing protein 3 (calcium and DAG-regulated)
RASIP1,Ras interacting protein 1
RASL11B,"RAS-like, family 11, member B"
RASL12,"RAS-like, family 12"
RASSF2,Ras association (RalGDS/AF-6) domain family member 2
RASSF4,Ras association (RalGDS/AF-6) domain family member 4
RASSF7,Ras association (RalGDS/AF-6) domain family (N-terminal) member 7
RASSF9,Ras association (RalGDS/AF-6) domain family (N-terminal) member 9
RB1,retinoblastoma 1
RB1CC1,RB1-inducible coiled-coil 1
RBBP4,retinoblastoma binding protein 4
RBBP6,retinoblastoma binding protein 6
RBBP7,retinoblastoma binding protein 7
RBBP8,retinoblastoma binding protein 8
RBCK1,RanBP-type and C3HC4-type zinc finger containing 1
RBKS,ribokinase
RBL1,retinoblastoma-like 1 (p107)
RBL2,retinoblastoma-like 2 (p130)
RBM10,RNA binding motif protein 10
RBM12B,"RNA binding motif protein 12B (RBM12B), mRNA"
RBM15,RNA binding motif protein 15
RBM15B,RNA binding motif protein 15B
RBM16,RNA binding motif protein 16
RBM19,RNA binding motif protein 19
RBM22,RNA binding motif protein 22
RBM23,RNA binding motif protein 23
RBM25,RNA binding motif protein 25
RBM26,"RNA binding motif protein 26, mRNA (cDNA clone MGC:47623 IMAGE:4384399)"
RBM28,RNA binding motif protein 28
RBM3,"RNA binding motif (RNP1, RRM) protein 3"
RBM34,RNA binding motif protein 34
RBM35B,RNA binding motif protein 35B
RBM38,RNA binding motif protein 38
RBM39,RNA binding motif protein 39
RBM4,RNA binding motif protein 4
RBM41,RNA binding motif protein 41
RBM42,RNA binding motif protein 42
RBM47,RNA binding motif protein 47
RBM4B,RNA binding motif protein 4B
RBM5,RNA binding motif protein 5
RBM6,RNA binding motif protein 6
RBM7,RNA binding motif protein 7
RBM8A,RNA binding motif protein 8A
RBM9,RNA binding motif protein 9
RBMS1,"RNA binding motif, single stranded interacting protein 1"
RBMS2,"RNA binding motif, single stranded interacting protein 2"
RBMS3,"RNA binding motif, single stranded interacting protein"
RBMX,"RNA binding motif protein, X-linked"
RBMX2,"RNA binding motif protein, X-linked 2"
RBMXL2,"RNA binding motif protein, X-linked-like 2"
RBP1,"retinol binding protein 1, cellular"
RBP4,"retinol binding protein 4, plasma"
RBPJ,recombination signal binding protein for immunoglobulin kappa J region
RBPMS,RNA binding protein with multiple splicing
RBX1,ring-box 1
RC3H2,ring finger and CCCH-type zinc finger domains 2
RCAN1,regulator of calcineurin 1
RCAN2,regulator of calcineurin 2
RCBTB1,regulator of chromosome condensation (RCC1) and BTB (POZ) domain containing protein 1
RCBTB2,regulator of chromosome condensation (RCC1) and BTB (POZ) domain containing protein 2
RCC1,regulator of chromosome condensation 1 /// SNHG3-RCC1 readthrough transcript
RCE1,"RCE1 homolog, prenyl protein peptidase (S. cerevisiae)"
RCHY1,ring finger and CHY zinc finger domain containing 1
RCN1,"reticulocalbin 1, EF-hand calcium binding domain"
RCN2,"reticulocalbin 2, EF-hand calcium binding domain"
RCN3,"reticulocalbin 3, EF-hand calcium binding domain"
RCOR1,REST corepressor 1
RCOR3,REST corepressor 3
RDBP,RD RNA binding protein
RDH11,retinol dehydrogenase 11 (all-trans/9-cis/11-cis)
RDH14,retinol dehydrogenase 14 (all-trans/9-cis/11-cis)
RDX,radixin
REC8,REC8 homolog (yeast)
RECK,reversion-inducing-cysteine-rich protein with kazal motifs
RECQL,RecQ protein-like (DNA helicase Q1-like)
RECQL5,RecQ protein-like 5
REEP1,receptor accessory protein 1
REEP4,receptor accessory protein 4
REEP5,receptor accessory protein 5
REG1A,regenerating islet-derived 1 alpha
REG3A,regenerating islet-derived 3 alpha
REL,v-rel reticuloendotheliosis viral oncogene homolog (avian)
RELA,v-rel reticuloendotheliosis viral oncogene homolog A (avian)
REN,renin
REPIN1,replication initiator 1
REPS2,RALBP1 associated Eps domain containing 2
RER1,RER1 retention in endoplasmic reticulum 1 homolog (S. cerevisiae)
RERE,arginine-glutamic acid dipeptide (RE) repeats
RERGL,RERG/RAS-like
RETSAT,"retinol saturase (all-trans-retinol 13,14-reductase)"
REV1,REV1 homolog (S. cerevisiae)
REV3L,"REV3-like, catalytic subunit of DNA polymerase zeta (yeast)"
REXO2,"REX2, RNA exonuclease 2 homolog (S. cerevisiae)"
RFC1,"replication factor C (activator 1) 1, 145kDa"
RFC2,"replication factor C (activator 1) 2, 40kDa"
RFC3,"replication factor C (activator 1) 3, 38kDa"
RFC4,"replication factor C (activator 1) 4, 37kDa"
RFC5,"replication factor C (activator 1) 5, 36.5kDa"
RFK,riboflavin kinase
RFNG,RFNG O-fucosylpeptide 3-beta-N-acetylglucosaminyltransferase
RFPL3,ret finger protein-like 3
RFTN1,"raftlin, lipid raft linker 1"
RFWD3,ring finger and WD repeat domain 3
RFX3,"regulatory factor X, 3 (influences HLA class II expression)"
RFX5,"regulatory factor X, 5 (influences HLA class II expression)"
RFXANK,regulatory factor X-associated ankyrin-containing protein
RGL1,ral guanine nucleotide dissociation stimulator-like 1
RGL2,ral guanine nucleotide dissociation stimulator-like 2
RGN,regucalcin (senescence marker protein-30)
RGNEF,Rho-guanine nucleotide exchange factor
RGP1,RGP1 retrograde golgi transport homolog (S. cerevisiae)
RGPD4,RANBP2-like and GRIP domain containing 4 /// RANBP2-like and GRIP domain containing 5 /// RANBP2-like and GRIP domain containing 6 /// RANBP2-like and GRIP domain containing 8
RGPD5,RANBP2-like and GRIP domain containing 5 /// RANBP2-like and GRIP domain containing 6 /// RANBP2-like and GRIP domain containing 8
RGS1,regulator of G-protein signaling 1
RGS10,regulator of G-protein signaling 10
RGS12,regulator of G-protein signaling 12
RGS14,regulator of G-protein signaling 14
RGS16,regulator of G-protein signaling 16
RGS19,regulator of G-protein signaling 19
RGS2,"regulator of G-protein signaling 2, 24kDa"
RGS3,regulator of G-protein signaling 3
RGS5,regulator of G-protein signaling 5
RGS7,regulator of G-protein signaling 7
RGS9,regulator of G-protein signaling 9
RHBDD3,rhomboid domain containing 3
RHBDF1,rhomboid 5 homolog 1 (Drosophila)
RHBDF2,rhomboid 5 homolog 2 (Drosophila)
RHCG,"Rh family, C glycoprotein"
RHEB,Ras homolog enriched in brain
RHOA,"ras homolog gene family, member A"
RHOB,"ras homolog gene family, member B"
RHOBTB1,Rho-related BTB domain containing 1
RHOBTB3,Rho-related BTB domain containing 3
RHOC,"ras homolog gene family, member C"
RHOF,"ras homolog gene family, member F (in filopodia)"
RHOG,"ras homolog gene family, member G (rho G)"
RHOQ,"ras homolog gene family, member Q"
RHOT1,"ras homolog gene family, member T1"
RHOT2,"ras homolog gene family, member T2"
RIC8A,resistance to inhibitors of cholinesterase 8 homolog A (C. elegans)
RIC8B,resistance to inhibitors of cholinesterase 8 homolog B (C. elegans)
RICS,Rho GTPase-activating protein
RIF1,RAP1 interacting factor homolog (yeast)
RIG,regulated in glioma
RIMS2,regulating synaptic membrane exocytosis 2
RIN1,Ras and Rab interactor 1
RIN2,Ras and Rab interactor 2
RIN3,Ras and Rab interactor 3
RING1,ring finger protein 1
RINT1,RAD50 interactor 1
RIOK2,RIO kinase 2 (yeast)
RIOK3,RIO kinase 3 (yeast)
RIPK4,receptor-interacting serine-threonine kinase 4
RIT1,Ras-like without CAAX 1
RLF,rearranged L-myc fusion
RLN2,relaxin 2
RMI1,"RMI1, RecQ mediated genome instability 1, homolog (S. cerevisiae)"
RMND1,required for meiotic nuclear division 1 homolog (S. cerevisiae)
RMND5A,required for meiotic nuclear division 5 homolog A (S. cerevisiae)
RMND5B,required for meiotic nuclear division 5 homolog B (S. cerevisiae)
RNASE1,"ribonuclease, RNase A family, 1 (pancreatic)"
RNASE4,"ribonuclease, RNase A family, 4"
RNASE6,"ribonuclease, RNase A family, k6"
RNASEH1,ribonuclease H1
RNASEH2A,"ribonuclease H2, subunit A"
RNASEH2B,"Ribonuclease H2, subunit B (RNASEH2B), transcript variant 2, mRNA"
RNASEN,"ribonuclease type III, nuclear"
RNASET2,ribonuclease T2
RND3,Rho family GTPase 3
RNF10,ring finger protein 10
RNF103,ring finger protein 103
RNF11,ring finger protein 11
RNF111,ring finger protein 111
RNF113A,ring finger protein 113A
RNF114,ring finger protein 114
RNF115,ring finger protein 115
RNF121,ring finger protein 121
RNF126,ring finger protein 126
RNF128,ring finger protein 128
RNF13,ring finger protein 13
RNF130,ring finger protein 130
RNF138,ring finger protein 138
RNF139,ring finger protein 139
RNF14,ring finger protein 14
RNF146,ring finger protein 146
RNF160,ring finger protein 160
RNF167,ring finger protein 167
RNF170,ring finger protein 170
RNF186,ring finger protein 186
RNF187,ring finger protein 187
RNF19B,ring finger protein 19B
RNF216,ring finger protein 216
RNF219,ring finger protein 219
RNF220,ring finger protein 220
RNF34,ring finger protein 34
RNF38,ring finger protein 38
RNF4,ring finger protein 4
RNF44,ring finger protein 44
RNF5,ring finger protein 5
RNF6,ring finger protein (C3H2C3 type) 6
RNF7,ring finger protein 7
RNF8,ring finger protein 8
RNGTT,RNA guanylyltransferase and 5'-phosphatase
RNH1,ribonuclease/angiogenin inhibitor 1
RNMT,RNA (guanine-7-) methyltransferase
RNMTL1,RNA methyltransferase like 1
RNPEP,arginyl aminopeptidase (aminopeptidase B) /// transmembrane protein 189 /// TMEM189-UBE2V1 readthrough transcript /// ubiquitin-conjugating enzyme E2 variant 1 /// ubiquitin-conjugating enzyme E2 variant 1 pseudogene 2
RNPEPL1,arginyl aminopeptidase (aminopeptidase B)-like 1
RNPS1,"RNA binding protein S1, serine-rich domain"
ROBLD3,roadblock domain containing 3
ROBO1,"roundabout, axon guidance receptor, homolog 1 (Drosophila)"
ROBO4,"roundabout homolog 4, magic roundabout (Drosophila)"
ROCK1,"Rho-associated, coiled-coil containing protein kinase 1"
ROCK2,"Rho-associated, coiled-coil containing protein kinase 2"
ROD1,ROD1 regulator of differentiation 1 (S. pombe)
ROGDI,rogdi homolog (Drosophila)
RORA,RAR-related orphan receptor A
ROS1,"c-ros oncogene 1 , receptor tyrosine kinase"
RP1-21O18.1,kazrin
RP11-138L21.1,similar to cell recognition molecule CASPR3
RP11-345P4.4,"similar to solute carrier family 35, member E2 /// solute carrier family 35, member E2"
RP11-35N6.1,plasticity related gene 3
RP2,retinitis pigmentosa 2 (X-linked recessive)
RP3-377H14.5,hypothetical protein FLJ35429
RP4-691N24.1,ninein-like
RP5-1000E10.4,suppressor of IKK epsilon
RP5-1077B9.4,invasion inhibitory protein 45
RP5-886K2.1,neuronal thread protein AD7c-NTP
RP6-213H19.1,serine/threonine protein kinase MST4
RPA1,"replication protein A1, 70kDa"
RPA2,"replication protein A2, 32kDa"
RPA3,"replication protein A3, 14kDa"
RPAP1,RNA polymerase II associated protein 1
RPAP3,RNA polymerase II associated protein 3
RPGR,retinitis pigmentosa GTPase regulator
RPGRIP1,retinitis pigmentosa GTPase regulator interacting protein 1
RPGRIP1L,RPGRIP1-like
RPH3A,rabphilin 3A homolog (mouse)
RPH3AL,rabphilin 3A-like (without C2 domains)
RPIA,ribose 5-phosphate isomerase A
RPL10,ribosomal protein L10
RPL10A,ribosomal protein L10a
RPL10L,ribosomal protein L10-like
RPL11,ribosomal protein L11
RPL12,ribosomal protein L12
RPL13,ribosomal protein L13
RPL13A,ribosomal protein L13a
RPL14,ribosomal protein L14 /// ribosomal protein L14-like
RPL15,ribosomal protein L15
RPL17,ribosomal protein L17
RPL18,ribosomal protein L18
RPL19,ribosomal protein L19
RPL22,ribosomal protein L22
RPL23,ribosomal protein L23
RPL23A,ribosomal protein L23a
RPL23AP13,ribosomal protein L23a pseudogene 13
RPL24,ribosomal protein L24
RPL26L1,ribosomal protein L26-like 1
RPL27,ribosomal protein L27
RPL27A,Ribosomal protein L27a
RPL28,ribosomal protein L28
RPL29,ribosomal protein L29 /// ribosomal protein L29 pseudogene 4
RPL3,ribosomal protein L3
RPL30,ribosomal protein L30
RPL31,ribosomal protein L31
RPL32,ribosomal protein L32
RPL34,ribosomal protein L34
RPL35,ribosomal protein L35
RPL35A,ribosomal protein L35a
RPL36,ribosomal protein L36
RPL36A,ribosomal protein L36a
RPL36AL,ribosomal protein L36a-like
RPL37,ribosomal protein L37
RPL37A,ribosomal protein L37a
RPL38,ribosomal protein L38
RPL39,ribosomal protein L39
RPL4,ribosomal protein L4
RPL41,ribosomal protein L41
RPL5,ribosomal protein L5
RPL6,ribosomal protein L6
RPL7,ribosomal protein L7
RPL7A,ribosomal protein L7a
RPL8,ribosomal protein L8
RPL9,ribosomal protein L9
RPLP0,"ribosomal protein, large, P0"
RPLP1,"ribosomal protein, large, P1"
RPLP2,"ribosomal protein, large, P2"
RPN1,ribophorin I
RPN2,ribophorin II
RPP14,ribonuclease P/MRP 14kDa subunit
RPP21,ribonuclease P/MRP 21kDa subunit /// TRIM39-like protein
RPP30,ribonuclease P/MRP 30kDa subunit
RPP38,ribonuclease P/MRP 38kDa subunit
RPP40,ribonuclease P/MRP 40kDa subunit
RPRD1A,regulation of nuclear pre-mRNA domain containing 1A
RPRD2,regulation of nuclear pre-mRNA domain containing 2
RPS10,ribosomal protein S10
RPS10L,ribosomal protein S10-like
RPS11,ribosomal protein S11
RPS12,ribosomal protein S12
RPS13,ribosomal protein S13
RPS14,ribosomal protein S14
RPS15,ribosomal protein S15
RPS15A,ribosomal protein S15a
RPS16,ribosomal protein S16
RPS17,ribosomal protein S17
RPS17L4,ribosomal protein S17-like 4
RPS19,ribosomal protein S19
RPS2,ribosomal protein S2
RPS20,ribosomal protein S20
RPS21,ribosomal protein S21
RPS23,ribosomal protein S23
RPS24,ribosomal protein S24
RPS25,ribosomal protein S25
RPS27,ribosomal protein S27
RPS27A,ribosomal protein S27a /// ubiquitin B /// ubiquitin C
RPS27L,ribosomal protein S27-like
RPS28,ribosomal protein S28
RPS29,ribosomal protein S29
RPS3,ribosomal protein S3
RPS3A,ribosomal protein S3A
RPS4X,"ribosomal protein S4, X-linked"
RPS5,ribosomal protein S5
RPS6,ribosomal protein S6
RPS6KA1,"ribosomal protein S6 kinase, 90kDa, polypeptide 1"
RPS6KA2,"ribosomal protein S6 kinase, 90kDa, polypeptide 2"
RPS6KA3,"ribosomal protein S6 kinase, 90kDa, polypeptide 3"
RPS6KA4,"ribosomal protein S6 kinase, 90kDa, polypeptide 4"
RPS6KA5,"ribosomal protein S6 kinase, 90kDa, polypeptide 5"
RPS6KB1,"ribosomal protein S6 kinase, 70kDa, polypeptide 1"
RPS6KC1,"ribosomal protein S6 kinase, 52kDa, polypeptide 1"
RPS7,ribosomal protein S7
RPS8,ribosomal protein S8
RPS9,ribosomal protein S9
RQCD1,RCD1 required for cell differentiation1 homolog (S. pombe)
RRAD,Ras-related associated with diabetes
RRAGA,Ras-related GTP binding A
RRAGC,Ras-related GTP binding C
RRAGD,Ras-related GTP binding D
RRAS,related RAS viral (r-ras) oncogene homolog
RRAS2,related RAS viral (r-ras) oncogene homolog 2
RRBP1,ribosome binding protein 1 homolog 180kDa (dog)
RREB1,ras responsive element binding protein 1
RRM1,ribonucleotide reductase M1
RRM2,ribonucleotide reductase M2 polypeptide
RRN3,RRN3 RNA polymerase I transcription factor homolog (S. cerevisiae)
RRP1,ribosomal RNA processing 1 homolog (S. cerevisiae)
RRP15,ribosomal RNA processing 15 homolog (S. cerevisiae)
RRP1B,ribosomal RNA processing 1 homolog B (S. cerevisiae)
RRP7A,ribosomal RNA processing 7 homolog A (S. cerevisiae)
RSAD1,radical S-adenosyl methionine domain containing 1
RSBN1,round spermatid basic protein 1
RSC1A1,"regulatory solute carrier protein, family 1, member 1"
RSF1,remodeling and spacing factor 1
RSL1D1,ribosomal L1 domain containing 1
RSRC1,arginine/serine-rich coiled-coil 1
RSRC2,arginine/serine-rich coiled-coil 2
RSU1,Ras suppressor protein 1
RTCD1,RNA terminal phosphate cyclase domain 1
RTEL1,regulator of telomere elongation helicase 1
RTF1,"Rtf1, Paf1/RNA polymerase II complex component, homolog (S. cerevisiae)"
RTN1,reticulon 1
RTN2,reticulon 2
RTN3,reticulon 3
RTN4,reticulon 4
RTP4,receptor (chemosensory) transporter protein 4
RUFY1,RUN and FYVE domain containing 1
RUFY2,RUN and FYVE domain containing 2
RUFY3,RUN and FYVE domain containing 3
RUNDC3B,RUN domain containing 3B
RUNX1,runt-related transcription factor 1
RUNX1T1,"runt-related transcription factor 1; translocated to, 1 (cyclin D-related)"
RUNX3,runt-related transcription factor 3
RUSC1,RUN and SH3 domain containing 1
RUVBL1,RuvB-like 1 (E. coli)
RUVBL2,RuvB-like 2 (E. coli)
RWDD1,RWD domain containing 1
RWDD2A,RWD domain containing 2A
RWDD2B,RWD domain containing 2B
RWDD3,RWD domain containing 3
RXRA,"retinoid X receptor, alpha"
RXRB,"retinoid X receptor, beta"
RYBP,RING1 and YY1 binding protein
RYK,RYK receptor-like tyrosine kinase
RYR3,ryanodine receptor 3
S100A1,S100 calcium binding protein A1
S100A10,S100 calcium binding protein A10
S100A11,S100 calcium binding protein A11
S100A12,S100 calcium binding protein A12
S100A13,S100 calcium binding protein A13
S100A14,S100 calcium binding protein A14
S100A2,S100 calcium binding protein A2
S100A4,S100 calcium binding protein A4
S100A6,S100 calcium binding protein A6
S100A8,S100 calcium binding protein A8
S100A9,S100 calcium binding protein A9
S100PBP,S100P binding protein
S1PR1,sphingosine-1-phosphate receptor 1
SAA1,serum amyloid A1 /// serum amyloid A2
SAA4,"serum amyloid A4, constitutive"
SACM1L,SAC1 suppressor of actin mutations 1-like (yeast)
SACS,spastic ataxia of Charlevoix-Saguenay (sacsin)
SAE1,SUMO1 activating enzyme subunit 1
SAFB,scaffold attachment factor B
SAFB2,scaffold attachment factor B2
SALL1,sal-like 1 (Drosophila)
SALL2,sal-like 2 (Drosophila)
SAMD4A,sterile alpha motif domain containing 4A
SAMD9,sterile alpha motif domain containing 9
SAMM50,sorting and assembly machinery component 50 homolog (S. cerevisiae)
SAMSN1,"SAM domain, SH3 domain and nuclear localization signals 1"
SAP130,"Sin3A-associated protein, 130kDa"
SAP18,"Sin3A-associated protein, 18kDa"
SAP30,"Sin3A-associated protein, 30kDa"
SAP30BP,SAP30 binding protein
SAP30L,SAP30-like
SAPS1,"SAPS domain family, member 1"
SAPS2,"SAPS domain family, member 2"
SAPS3,"SAPS domain family, member 3"
SAR1A,SAR1 homolog A (S. cerevisiae)
SAR1B,SAR1 homolog B (S. cerevisiae)
SARDH,sarcosine dehydrogenase
SARM1,sterile alpha and TIR motif containing 1
SARS,seryl-tRNA synthetase
SART1,squamous cell carcinoma antigen recognized by T cells
SART3,squamous cell carcinoma antigen recognized by T cells 3
SASH1,SAM and SH3 domain containing 1
SASH3,SAM and SH3 domain containing 3
SAT1,spermidine/spermine N1-acetyltransferase 1
SATB1,SATB homeobox 1
SATB2,SATB homeobox 2
SAV1,salvador homolog 1 (Drosophila)
SBF1,SET binding factor 1
SBNO1,CDNA clone IMAGE:5743913
SC4MOL,sterol-C4-methyl oxidase-like
SC5DL,"sterol-C5-desaturase (ERG3 delta-5-desaturase homolog, S. cerevisiae)-like"
SC65,synaptonemal complex protein SC65
SCAMP1,secretory carrier membrane protein 1
SCAMP2,secretory carrier membrane protein 2
SCAMP3,secretory carrier membrane protein 3
SCAMP4,secretory carrier membrane protein 4
SCAMP5,secretory carrier membrane protein 5
SCAND1,SCAN domain containing 1
SCAP,SREBF chaperone
SCAPER,S phase cyclin A-associated protein in the ER
SCARB1,"scavenger receptor class B, member 1"
SCARB2,"scavenger receptor class B, member 2"
SCARF1,"scavenger receptor class F, member 1"
SCCPDH,saccharopine dehydrogenase (putative)
SCD,stearoyl-CoA desaturase (delta-9-desaturase)
SCD5,stearoyl-CoA desaturase 5
SCFD1,sec1 family domain containing 1
SCG2,secretogranin II (chromogranin C)
SCG5,secretogranin V (7B2 protein)
SCGN,"secretagogin, EF-hand calcium binding protein"
SCHIP1,schwannomin interacting protein 1
SCLY,selenocysteine lyase
SCMH1,sex comb on midleg homolog 1 (Drosophila)
SCML1,sex comb on midleg-like 1 (Drosophila)
SCML2,sex comb on midleg-like 2 (Drosophila)
SCN10A,"sodium channel, voltage-gated, type X, alpha subunit"
SCN11A,"sodium channel, voltage-gated, type XI, alpha subunit"
SCN1B,"sodium channel, voltage-gated, type I, beta"
SCNN1A,"sodium channel, nonvoltage-gated 1 alpha"
SCNN1B,"sodium channel, nonvoltage-gated 1, beta"
SCO2,SCO cytochrome oxidase deficient homolog 2 (yeast)
SCP2,sterol carrier protein 2
SCPEP1,serine carboxypeptidase 1
SCRG1,scrapie responsive protein 1
SCRN1,secernin 1
SCRN3,secernin 3
SCYE1,"small inducible cytokine subfamily E, member 1 (endothelial monocyte-activating)"
SCYL3,SCY1-like 3 (S. cerevisiae)
SDAD1,SDA1 domain containing 1
SDC1,syndecan 1
SDC2,syndecan 2
SDC4,syndecan 4
SDCBP,syndecan binding protein (syntenin)
SDCCAG1,serologically defined colon cancer antigen 1
SDCCAG3,serologically defined colon cancer antigen 3
SDF2,stromal cell-derived factor 2
SDF2L1,stromal cell-derived factor 2-like 1
SDF4,stromal cell derived factor 4
SDHA,"succinate dehydrogenase complex, subunit A, flavoprotein (Fp)"
SDHALP1,"succinate dehydrogenase complex, subunit A, flavoprotein pseudogene 1"
SDHB,"succinate dehydrogenase complex, subunit B, iron sulfur (Ip)"
SDHC,"succinate dehydrogenase complex, subunit C, integral membrane protein, 15kDa"
SDHD,"succinate dehydrogenase complex, subunit D, integral membrane protein"
SDPR,serum deprivation response (phosphatidylserine binding protein)
SDR39U1,"short chain dehydrogenase/reductase family 39U, member 1"
SDS,serine dehydratase
SEC11A,SEC11 homolog A (S. cerevisiae)
SEC13,SEC13 homolog (S. cerevisiae)
SEC14L1,SEC14-like 1 (S. cerevisiae)
SEC14L4,SEC14-like 4 (S. cerevisiae)
SEC14L5,SEC14-like 5 (S. cerevisiae)
SEC16A,SEC16 homolog A (S. cerevisiae)
SEC22A,SEC22 vesicle trafficking protein homolog A (S. cerevisiae)
SEC22B,SEC22 vesicle trafficking protein homolog B (S. cerevisiae)
SEC23A,Sec23 homolog A (S. cerevisiae)
SEC23B,Sec23 homolog B (S. cerevisiae)
SEC23IP,SEC23 interacting protein
SEC24A,"SEC24 family, member A (S. cerevisiae)"
SEC24B,"SEC24 family, member B (S. cerevisiae)"
SEC24C,"SEC24 family, member C (S. cerevisiae)"
SEC24D,"SEC24 family, member D (S. cerevisiae)"
SEC31A,SEC31 homolog A (S. cerevisiae)
SEC61A1,Sec61 alpha 1 subunit (S. cerevisiae)
SEC61B,Sec61 beta subunit
SEC61G,Sec61 gamma subunit
SEC62,SEC62 homolog (S. cerevisiae)
SEC63,SEC63 homolog (S. cerevisiae)
SECISBP2,SECIS binding protein 2
SECTM1,secreted and transmembrane 1
SEDLP,"spondyloepiphyseal dysplasia, late, pseudogene /// trafficking protein particle complex 2 /// zinc finger protein 547"
SEH1L,SEH1-like (S. cerevisiae)
SEL1L,sel-1 suppressor of lin-12-like (C. elegans)
SELE,selectin E
SELENBP1,selenium binding protein 1
SELL,selectin L
SELP,"selectin P (granule membrane protein 140kDa, antigen CD62)"
SELPLG,selectin P ligand
SELT,selenoprotein T
SEMA3B,"sema domain, immunoglobulin domain (Ig), short basic domain, secreted, (semaphorin) 3B"
SEMA3C,"sema domain, immunoglobulin domain (Ig), short basic domain, secreted, (semaphorin) 3C"
SEMA3F,"sema domain, immunoglobulin domain (Ig), short basic domain, secreted, (semaphorin) 3F"
SEMA3G,"sema domain, immunoglobulin domain (Ig), short basic domain, secreted, (semaphorin) 3G"
SEMA4C,"sema domain, immunoglobulin domain (Ig), transmembrane domain (TM) and short cytoplasmic domain, (semaphorin) 4C"
SEMA4D,"sema domain, immunoglobulin domain (Ig), transmembrane domain (TM) and short cytoplasmic domain, (semaphorin) 4D"
SEMA4F,"sema domain, immunoglobulin domain (Ig), transmembrane domain (TM) and short cytoplasmic domain, (semaphorin) 4F"
SEMA4G,"sema domain, immunoglobulin domain (Ig), transmembrane domain (TM) and short cytoplasmic domain, (semaphorin) 4G"
SEMA5A,"sema domain, seven thrombospondin repeats (type 1 and type 1-like), transmembrane domain (TM) and short cytoplasmic domain, (semaphorin) 5A"
SEMA6A,"sema domain, transmembrane domain (TM), and cytoplasmic domain, (semaphorin) 6A"
SEMA6D,"sema domain, transmembrane domain (TM), and cytoplasmic domain, (semaphorin) 6D"
SENP3,SUMO1/sentrin/SMT3 specific peptidase 3
SENP5,SUMO1/sentrin specific peptidase 5
SENP6,SUMO1/sentrin specific peptidase 6
SEP15,15 kDa selenoprotein
SEPHS1,selenophosphate synthetase 1
SEPHS2,selenophosphate synthetase 2
SEPP1,"selenoprotein P, plasma, 1"
SEPT10,septin 10
SEPT11,septin 11
SEPT2,septin 2
SEPT4,septin 4
SEPT6,septin 6
SEPT7,septin 7
SEPT8,septin 8
SEPT9,septin 9
SEPW1,"selenoprotein W, 1"
SEPX1,"selenoprotein X, 1"
SERBP1,SERPINE1 mRNA binding protein 1
SERF1A,small EDRK-rich factor 1A (telomeric) /// small EDRK-rich factor 1B (centromeric)
SERF2,small EDRK-rich factor 2
SERINC1,serine incorporator 1
SERINC3,serine incorporator 3
SERP1,stress-associated endoplasmic reticulum protein 1
SERPINA1,"serpin peptidase inhibitor, clade A (alpha-1 antiproteinase, antitrypsin), member 1"
SERPINA3,"serpin peptidase inhibitor, clade A (alpha-1 antiproteinase, antitrypsin), member 3"
SERPINA4,"serpin peptidase inhibitor, clade A (alpha-1 antiproteinase, antitrypsin), member 4"
SERPINA5,"serpin peptidase inhibitor, clade A (alpha-1 antiproteinase, antitrypsin), member 5"
SERPINA6,"serpin peptidase inhibitor, clade A (alpha-1 antiproteinase, antitrypsin), member 6"
SERPINB1,"serpin peptidase inhibitor, clade B (ovalbumin), member 1"
SERPINB13,"serpin peptidase inhibitor, clade B (ovalbumin), member 13"
SERPINB3,"serpin peptidase inhibitor, clade B (ovalbumin), member 3"
SERPINB6,"serpin peptidase inhibitor, clade B (ovalbumin), member 6"
SERPINB9,"serpin peptidase inhibitor, clade B (ovalbumin), member 9"
SERPINE1,"serpin peptidase inhibitor, clade E (nexin, plasminogen activator inhibitor type 1), member 1"
SERPINE2,"serpin peptidase inhibitor, clade E (nexin, plasminogen activator inhibitor type 1), member 2"
SERPINF1,"serpin peptidase inhibitor, clade F (alpha-2 antiplasmin, pigment epithelium derived factor), member 1"
SERPINF2,"serpin peptidase inhibitor, clade F (alpha-2 antiplasmin, pigment epithelium derived factor), member 2"
SERPING1,"serpin peptidase inhibitor, clade G (C1 inhibitor), member 1"
SERPINH1,"serpin peptidase inhibitor, clade H (heat shock protein 47), member 1, (collagen binding protein 1)"
SERPINI1,"serpin peptidase inhibitor, clade I (neuroserpin), member 1"
SERTAD2,SERTA domain containing 2
SERTAD3,SERTA domain containing 3
SESN1,sestrin 1
SET,SET nuclear oncogene
SETBP1,SET binding protein 1
SETD1B,SET domain containing 1B
SETD2,SET domain containing 2
SETD3,SET domain containing 3
SETD5,SET domain containing 5
SETD6,SET domain containing 6
SETDB1,"SET domain, bifurcated 1"
SETX,senataxin
SF1,splicing factor 1
SF3A1,"splicing factor 3a, subunit 1, 120kDa"
SF3A2,"splicing factor 3a, subunit 2, 66kDa"
SF3A3,"splicing factor 3a, subunit 3, 60kDa"
SF3B1,"splicing factor 3b, subunit 1, 155kDa"
SF3B2,"splicing factor 3b, subunit 2, 145kDa"
SF3B3,"splicing factor 3b, subunit 3, 130kDa"
SF3B4,"splicing factor 3b, subunit 4, 49kDa"
SF3B5,"splicing factor 3b, subunit 5, 10kDa"
SFI1,"Sfi1 homolog, spindle assembly associated (yeast)"
SFMBT1,Scm-like with four mbt domains 1
SFN,stratifin
SFPQ,splicing factor proline/glutamine-rich (polypyrimidine tract binding protein associated)
SFRP1,secreted frizzled-related protein 1
SFRP4,secreted frizzled-related protein 4
SFRS1,"splicing factor, arginine/serine-rich 1"
SFRS10,"splicing factor, arginine/serine-rich 10 (transformer 2 homolog, Drosophila)"
SFRS11,"splicing factor, arginine/serine-rich 11"
SFRS12,"splicing factor, arginine/serine-rich 12"
SFRS12IP1,SFRS12-interacting protein 1
SFRS14,"splicing factor, arginine/serine-rich 14"
SFRS15,"splicing factor, arginine/serine-rich 15"
SFRS17A,"splicing factor, arginine/serine-rich 17A"
SFRS18,"splicing factor, arginine/serine-rich 18"
SFRS2,"splicing factor, arginine/serine-rich 2"
SFRS2B,"splicing factor, arginine/serine-rich 2B"
SFRS2IP,"splicing factor, arginine/serine-rich 2, interacting protein"
SFRS3,"splicing factor, arginine/serine-rich 3"
SFRS4,"splicing factor, arginine/serine-rich 4"
SFRS5,"splicing factor, arginine/serine-rich 5"
SFRS6,"splicing factor, arginine/serine-rich 6"
SFRS7,"splicing factor, arginine/serine-rich 7, 35kDa"
SFRS8,"splicing factor, arginine/serine-rich 8 (suppressor-of-white-apricot homolog, Drosophila)"
SFRS9,"splicing factor, arginine/serine-rich 9"
SFTPB,surfactant protein B
SFXN1,sideroflexin 1
SFXN3,sideroflexin 3
SGCB,"sarcoglycan, beta (43kDa dystrophin-associated glycoprotein)"
SGCE,"sarcoglycan, epsilon"
SGK1,serum/glucocorticoid regulated kinase 1
SGK2,serum/glucocorticoid regulated kinase 2
SGMS1,sphingomyelin synthase 1
SGPL1,sphingosine-1-phosphate lyase 1
SGPP1,sphingosine-1-phosphate phosphatase 1
SGSH,N-sulfoglucosamine sulfohydrolase
SGSM2,small G protein signaling modulator 2
SGSM3,small G protein signaling modulator 3
SGTA,"small glutamine-rich tetratricopeptide repeat (TPR)-containing, alpha"
SH2B1,SH2B adaptor protein 1
SH2B2,SH2B adaptor protein 2
SH2B3,SH2B adaptor protein 3
SH3BGRL,SH3 domain binding glutamic acid-rich protein like
SH3BGRL3,SH3 domain binding glutamic acid-rich protein like 3
SH3BP2,SH3-domain binding protein 2
SH3BP4,SH3-domain binding protein 4
SH3BP5,SH3-domain binding protein 5 (BTK-associated)
SH3GL1,SH3-domain GRB2-like 1
SH3GL2,SH3-domain GRB2-like 2
SH3GL3,SH3-domain GRB2-like 3
SH3GLB1,SH3-domain GRB2-like endophilin B1
SH3TC1,SH3 domain and tetratricopeptide repeats 1
SH3YL1,"SH3 domain containing, Ysc84-like 1 (S. cerevisiae)"
SHANK2,SH3 and multiple ankyrin repeat domains 2
SHC1,SHC (Src homology 2 domain containing) transforming protein 1
SHC2,SHC (Src homology 2 domain containing) transforming protein 2
SHCBP1,SHC SH2-domain binding protein 1
SHFM1,split hand/foot malformation (ectrodactyly) type 1
SHMT1,serine hydroxymethyltransferase 1 (soluble)
SHMT2,serine hydroxymethyltransferase 2 (mitochondrial)
SHOC2,soc-2 suppressor of clear homolog (C. elegans)
SHQ1,SHQ1 homolog (S. cerevisiae)
SHROOM2,shroom family member 2
SIAH1,seven in absentia homolog 1 (Drosophila)
SIAH2,seven in absentia homolog 2 (Drosophila)
SIDT1,"SID1 transmembrane family, member 1"
SIDT2,"SID1 transmembrane family, member 2"
SIGIRR,single immunoglobulin and toll-interleukin 1 receptor (TIR) domain
SIGLEC1,"sialic acid binding Ig-like lectin 1, sialoadhesin"
SIGLEC6,sialic acid binding Ig-like lectin 6
SIGMAR1,sigma non-opioid intracellular receptor 1
SIK1,salt-inducible kinase 1
SIK2,salt-inducible kinase 2
SIL1,"SIL1 homolog, endoplasmic reticulum chaperone (S. cerevisiae)"
SILV,silver homolog (mouse)
SIM1,single-minded homolog 1 (Drosophila)
SIN3B,"SIN3 homolog B, transcription regulator (yeast)"
SIP1,survival of motor neuron protein interacting protein 1
SIPA1L1,KIAA0440
SIPA1L3,signal-induced proliferation-associated 1 like 3
SIRPA,signal-regulatory protein alpha
SIRT1,sirtuin (silent mating type information regulation 2 homolog) 1 (S. cerevisiae)
SIRT2,sirtuin (silent mating type information regulation 2 homolog) 2 (S. cerevisiae)
SIRT3,sirtuin (silent mating type information regulation 2 homolog) 3 (S. cerevisiae)
SIRT5,sirtuin (silent mating type information regulation 2 homolog) 5 (S. cerevisiae)
SIRT6,sirtuin (silent mating type information regulation 2 homolog) 6 (S. cerevisiae)
SIRT7,sirtuin (silent mating type information regulation 2 homolog) 7 (S. cerevisiae)
SIVA1,"SIVA1, apoptosis-inducing factor"
SIX6,SIX homeobox 6
SKAP1,src kinase associated phosphoprotein 1
SKAP2,src kinase associated phosphoprotein 2
SKIV2L,superkiller viralicidic activity 2-like (S. cerevisiae)
SKIV2L2,superkiller viralicidic activity 2-like 2 (S. cerevisiae)
SKP1,S-phase kinase-associated protein 1
SKP2,"CDNA: FLJ22571 fis, clone HSI02239"
SLA,Src-like-adaptor
SLAMF1,signaling lymphocytic activation molecule family member 1
SLAMF8,SLAM family member 8
SLBP,stem-loop binding protein
SLC10A2,"solute carrier family 10 (sodium/bile acid cotransporter family), member 2"
SLC11A2,"solute carrier family 11 (proton-coupled divalent metal ion transporters), member 2"
SLC12A1,"solute carrier family 12 (sodium/potassium/chloride transporters), member 1"
SLC12A2,"solute carrier family 12 (sodium/potassium/chloride transporters), member 2"
SLC12A3,"solute carrier family 12 (sodium/chloride transporters), member 3"
SLC12A6,"solute carrier family 12 (potassium/chloride transporters), member 6"
SLC12A7,"solute carrier family 12 (potassium/chloride transporters), member 7"
SLC12A8,"solute carrier family 12 (potassium/chloride transporters), member 8"
SLC12A9,"solute carrier family 12 (potassium/chloride transporters), member 9"
SLC13A1,"solute carrier family 13 (sodium/sulfate symporters), member 1"
SLC13A3,"solute carrier family 13 (sodium-dependent dicarboxylate transporter), member 3"
SLC15A2,"solute carrier family 15 (H+/peptide transporter), member 2"
SLC15A3,"solute carrier family 15, member 3"
SLC16A1,"solute carrier family 16, member 1 (monocarboxylic acid transporter 1)"
SLC16A10,"solute carrier family 16, member 10 (aromatic amino acid transporter)"
SLC16A3,"solute carrier family 16, member 3 (monocarboxylic acid transporter 4)"
SLC16A4,"solute carrier family 16, member 4 (monocarboxylic acid transporter 5)"
SLC16A7,"solute carrier family 16, member 7 (monocarboxylic acid transporter 2)"
SLC17A1,"solute carrier family 17 (sodium phosphate), member 1"
SLC17A3,"solute carrier family 17 (sodium phosphate), member 3"
SLC17A4,"solute carrier family 17 (sodium phosphate), member 4"
SLC17A5,"solute carrier family 17 (anion/sugar transporter), member 5"
SLC19A1,"solute carrier family 19 (folate transporter), member 1"
SLC19A2,"solute carrier family 19 (thiamine transporter), member 2"
SLC1A1,"solute carrier family 1 (neuronal/epithelial high affinity glutamate transporter, system Xag), member 1"
SLC1A3,"solute carrier family 1 (glial high affinity glutamate transporter), member 3"
SLC1A4,"solute carrier family 1 (glutamate/neutral amino acid transporter), member 4"
SLC1A5,"solute carrier family 1 (neutral amino acid transporter), member 5"
SLC1A7,"solute carrier family 1 (glutamate transporter), member 7"
SLC20A1,"solute carrier family 20 (phosphate transporter), member 1"
SLC22A11,"solute carrier family 22 (organic anion/urate transporter), member 11"
SLC22A14,"solute carrier family 22, member 14"
SLC22A17,"solute carrier family 22, member 17"
SLC22A18,"solute carrier family 22, member 18"
SLC22A2,"solute carrier family 22 (organic cation transporter), member 2"
SLC22A4,"solute carrier family 22 (organic cation/ergothioneine transporter), member 4"
SLC22A5,"solute carrier family 22 (organic cation/carnitine transporter), member 5"
SLC22A6,"solute carrier family 22 (organic anion transporter), member 6"
SLC22A7,"solute carrier family 22 (organic anion transporter), member 7"
SLC22A8,"solute carrier family 22 (organic anion transporter), member 8"
SLC23A2,"solute carrier family 23 (nucleobase transporters), member 2"
SLC24A3,"solute carrier family 24 (sodium/potassium/calcium exchanger), member 3"
SLC25A1,"solute carrier family 25 (mitochondrial carrier; citrate transporter), member 1"
SLC25A10,"solute carrier family 25 (mitochondrial carrier; dicarboxylate transporter), member 10"
SLC25A11,"solute carrier family 25 (mitochondrial carrier; oxoglutarate carrier), member 11"
SLC25A12,"solute carrier family 25 (mitochondrial carrier, Aralar), member 12"
SLC25A13,"solute carrier family 25, member 13 (citrin)"
SLC25A14,"solute carrier family 25 (mitochondrial carrier, brain), member 14"
SLC25A16,"solute carrier family 25 (mitochondrial carrier; Graves disease autoantigen), member 16"
SLC25A17,"solute carrier family 25 (mitochondrial carrier; peroxisomal membrane protein, 34kDa), member 17"
SLC25A20,"solute carrier family 25 (carnitine/acylcarnitine translocase), member 20"
SLC25A24,"solute carrier family 25 (mitochondrial carrier; phosphate carrier), member 24"
SLC25A28,"solute carrier family 25, member 28"
SLC25A3,"solute carrier family 25 (mitochondrial carrier; phosphate carrier), member 3"
SLC25A31,"solute carrier family 25 (mitochondrial carrier; adenine nucleotide translocator), member 31"
SLC25A32,"solute carrier family 25, member 32"
SLC25A36,"solute carrier family 25, member 36"
SLC25A37,"solute carrier family 25, member 37"
SLC25A38,"solute carrier family 25, member 38"
SLC25A4,"solute carrier family 25 (mitochondrial carrier; adenine nucleotide translocator), member 4"
SLC25A40,"solute carrier family 25, member 40"
SLC25A44,"solute carrier family 25, member 44"
SLC25A46,"solute carrier family 25, member 46"
SLC25A5,"solute carrier family 25 (mitochondrial carrier; adenine nucleotide translocator), member 5"
SLC25A6,"solute carrier family 25 (mitochondrial carrier; adenine nucleotide translocator), member 6"
SLC26A1,"solute carrier family 26 (sulfate transporter), member 1"
SLC26A10,"solute carrier family 26, member 10"
SLC26A2,"solute carrier family 26 (sulfate transporter), member 2"
SLC26A4,"solute carrier family 26, member 4"
SLC26A6,"solute carrier family 26, member 6"
SLC27A2,"solute carrier family 27 (fatty acid transporter), member 2"
SLC27A3,"solute carrier family 27 (fatty acid transporter), member 3"
SLC28A1,"solute carrier family 28 (sodium-coupled nucleoside transporter), member 1"
SLC29A1,"solute carrier family 29 (nucleoside transporters), member 1"
SLC2A1,"solute carrier family 2 (facilitated glucose transporter), member 1"
SLC2A14,"solute carrier family 2 (facilitated glucose transporter), member 14 /// solute carrier family 2 (facilitated glucose transporter), member 3"
SLC2A2,"solute carrier family 2 (facilitated glucose transporter), member 2"
SLC2A3,"solute carrier family 2 (facilitated glucose transporter), member 3"
SLC2A3P1,Glucose transporter pseudogene
SLC2A4RG,SLC2A4 regulator
SLC2A5,"solute carrier family 2 (facilitated glucose/fructose transporter), member 5"
SLC2A9,"solute carrier family 2 (facilitated glucose transporter), member 9"
SLC30A1,Hbc647 mRNA sequence
SLC30A5,"solute carrier family 30 (zinc transporter), member 5"
SLC30A9,"solute carrier family 30 (zinc transporter), member 9"
SLC31A1,"solute carrier family 31 (copper transporters), member 1"
SLC31A2,"solute carrier family 31 (copper transporters), member 2"
SLC33A1,"solute carrier family 33 (acetyl-CoA transporter), member 1"
SLC34A1,"solute carrier family 34 (sodium phosphate), member 1"
SLC34A2,"solute carrier family 34 (sodium phosphate), member 2"
SLC35A1,"solute carrier family 35 (CMP-sialic acid transporter), member A1"
SLC35A2,"solute carrier family 35 (UDP-galactose transporter), member A2"
SLC35A3,"solute carrier family 35 (UDP-N-acetylglucosamine (UDP-GlcNAc) transporter), member A3"
SLC35A5,"solute carrier family 35, member A5"
SLC35B1,"solute carrier family 35, member B1"
SLC35C2,"solute carrier family 35, member C2"
SLC35D1,"solute carrier family 35 (UDP-glucuronic acid/UDP-N-acetylgalactosamine dual transporter), member D1"
SLC35D2,"solute carrier family 35, member D2"
SLC35E1,"solute carrier family 35, member E1"
SLC35E3,"solute carrier family 35, member E3"
SLC35F2,"solute carrier family 35, member F2"
SLC37A4,"solute carrier family 37 (glucose-6-phosphate transporter), member 4"
SLC38A1,"solute carrier family 38, member 1"
SLC38A10,"solute carrier family 38, member 10"
SLC38A2,"solute carrier family 38, member 2"
SLC38A4,"solute carrier family 38, member 4"
SLC38A6,"solute carrier family 38, member 6"
SLC38A7,"solute carrier family 38, member 7"
SLC39A1,"solute carrier family 39 (zinc transporter), member 1"
SLC39A14,"solute carrier family 39 (zinc transporter), member 14"
SLC39A4,"solute carrier family 39 (zinc transporter), member 4"
SLC39A6,"solute carrier family 39 (zinc transporter), member 6"
SLC39A7,"solute carrier family 39 (zinc transporter), member 7"
SLC39A8,"solute carrier family 39 (zinc transporter), member 8"
SLC3A1,"solute carrier family 3 (cystine, dibasic and neutral amino acid transporters, activator of cystine, dibasic and neutral amino acid transport), member 1"
SLC41A3,"solute carrier family 41, member 3"
SLC43A1,"solute carrier family 43, member 1"
SLC43A3,"solute carrier family 43, member 3"
SLC44A1,"solute carrier family 44, member 1"
SLC44A4,"solute carrier family 44, member 4"
SLC46A3,"solute carrier family 46, member 3"
SLC47A1,"solute carrier family 47, member 1"
SLC48A1,"solute carrier family 48 (heme transporter), member 1"
SLC4A1,"solute carrier family 4, anion exchanger, member 1 (erythrocyte membrane protein band 3, Diego blood group)"
SLC4A1AP,"solute carrier family 4 (anion exchanger), member 1, adaptor protein"
SLC4A2,"solute carrier family 4, anion exchanger, member 2 (erythrocyte membrane protein band 3-like 1)"
SLC4A4,"solute carrier family 4, sodium bicarbonate cotransporter, member 4"
SLC4A7,"solute carrier family 4, sodium bicarbonate cotransporter, member 7"
SLC5A1,"solute carrier family 5 (sodium/glucose cotransporter), member 1"
SLC5A12,"solute carrier family 5 (sodium/glucose cotransporter), member 12"
SLC5A2,"solute carrier family 5 (sodium/glucose cotransporter), member 2"
SLC5A3,"solute carrier family 5 (sodium/myo-inositol cotransporter), member 3"
SLC5A5,"solute carrier family 5 (sodium iodide symporter), member 5"
SLC6A1,"solute carrier family 6 (neurotransmitter transporter, GABA), member 1"
SLC6A12,"solute carrier family 6 (neurotransmitter transporter, betaine/GABA), member 12"
SLC6A13,"solute carrier family 6 (neurotransmitter transporter, GABA), member 13"
SLC6A3,"solute carrier family 6 (neurotransmitter transporter, dopamine), member 3"
SLC6A8,"solute carrier family 6 (neurotransmitter transporter, creatine), member 8"
SLC7A1,"solute carrier family 7 (cationic amino acid transporter, y+ system), member 1"
SLC7A5,"solute carrier family 7 (cationic amino acid transporter, y+ system), member 5"
SLC7A6,"solute carrier family 7 (cationic amino acid transporter, y+ system), member 6"
SLC7A7,"solute carrier family 7 (cationic amino acid transporter, y+ system), member 7"
SLC7A8,"solute carrier family 7 (cationic amino acid transporter, y+ system), member 8"
SLC7A9,"solute carrier family 7 (cationic amino acid transporter, y+ system), member 9"
SLC9A3R1,"solute carrier family 9 (sodium/hydrogen exchanger), member 3 regulator 1"
SLC9A6,"solute carrier family 9 (sodium/hydrogen exchanger), member 6"
SLC9A8,"solute carrier family 9 (sodium/hydrogen exchanger), member 8"
SLCO1A2,"solute carrier organic anion transporter family, member 1A2"
SLCO1C1,"solute carrier organic anion transporter family, member 1C1"
SLCO2A1,"solute carrier organic anion transporter family, member 2A1"
SLCO2B1,"solute carrier organic anion transporter family, member 2B1"
SLCO3A1,"solute carrier organic anion transporter family, member 3A1"
SLCO4C1,"solute carrier organic anion transporter family, member 4C1"
SLIT2,slit homolog 2 (Drosophila)
SLIT3,slit homolog 3 (Drosophila)
SLK,STE20-like kinase (yeast)
SLMO2,slowmo homolog 2 (Drosophila)
SLPI,secretory leukocyte peptidase inhibitor
SLTM,"SAFB-like, transcription modulator"
SMAD1,Mad-related protein MADR1
SMAD2,SMAD family member 2
SMAD3,SMAD family member 3
SMAD4,SMAD family member 4
SMAD5,SMAD family member 5
SMAD5OS,SMAD family member 5 opposite strand
SMAD6,SMAD family member 6
SMAD7,SMAD family member 7
SMAP1,small ArfGAP 1
SMARCA1,"SWI/SNF related, matrix associated, actin dependent regulator of chromatin, subfamily a, member 1"
SMARCA2,"SWI/SNF related, matrix associated, actin dependent regulator of chromatin, subfamily a, member 2"
SMARCA4,"SWI/SNF related, matrix associated, actin dependent regulator of chromatin, subfamily a, member 4"
SMARCA5,"SWI/SNF related, matrix associated, actin dependent regulator of chromatin, subfamily a, member 5"
SMARCAL1,"SWI/SNF related, matrix associated, actin dependent regulator of chromatin, subfamily a-like 1"
SMARCB1,"SWI/SNF related, matrix associated, actin dependent regulator of chromatin, subfamily b, member 1"
SMARCC1,"SWI/SNF related, matrix associated, actin dependent regulator of chromatin, subfamily c, member 1"
SMARCC2,"SWI/SNF related, matrix associated, actin dependent regulator of chromatin, subfamily c, member 2"
SMARCD1,"SWI/SNF related, matrix associated, actin dependent regulator of chromatin, subfamily d, member 1"
SMARCD2,"SWI/SNF related, matrix associated, actin dependent regulator of chromatin, subfamily d, member 2"
SMARCE1,"SWI/SNF related, matrix associated, actin dependent regulator of chromatin, subfamily e, member 1"
SMC1A,structural maintenance of chromosomes 1A
SMC2,structural maintenance of chromosomes 2
SMC3,structural maintenance of chromosomes 3
SMC4,structural maintenance of chromosomes 4
SMC5,structural maintenance of chromosomes 5
SMC6,structural maintenance of chromosomes 6
SMCHD1,structural maintenance of chromosomes flexible hinge domain containing 1
SMCR7L,"Smith-Magenis syndrome chromosome region, candidate 7-like"
SMEK1,"SMEK homolog 1, suppressor of mek1 (Dictyostelium)"
SMEK2,"SMEK homolog 2, suppressor of mek1 (Dictyostelium)"
SMG5,"Smg-5 homolog, nonsense mediated mRNA decay factor (C. elegans)"
SMG7,"Smg-7 homolog, nonsense mediated mRNA decay factor (C. elegans)"
SMN1,"survival of motor neuron 1, telomeric /// survival of motor neuron 2, centromeric"
SMNDC1,survival motor neuron domain containing 1
SMPD1,"sphingomyelin phosphodiesterase 1, acid lysosomal"
SMPDL3A,"sphingomyelin phosphodiesterase, acid-like 3A"
SMS,spermine synthase
SMTN,smoothelin
SMUG1,single-strand-selective monofunctional uracil-DNA glycosylase 1
SMURF1,SMAD specific E3 ubiquitin protein ligase 1
SMURF2,SMAD specific E3 ubiquitin protein ligase 2
SMYD2,SET and MYND domain containing 2
SMYD3,SET and MYND domain containing 3
SNAI2,snail homolog 2 (Drosophila)
SNAP23,"synaptosomal-associated protein, 23kDa"
SNAP25,"synaptosomal-associated protein, 25kDa"
SNAP29,"synaptosomal-associated protein, 29kDa"
SNAPC1,"small nuclear RNA activating complex, polypeptide 1, 43kDa"
SNAPC3,"small nuclear RNA activating complex, polypeptide 3, 50kDa"
SNAPC5,"small nuclear RNA activating complex, polypeptide 5, 19kDa"
SNCA,"synuclein, alpha (non A4 component of amyloid precursor)"
SND1,staphylococcal nuclease and tudor domain containing 1
SNED1,"sushi, nidogen and EGF-like domains 1"
SNF8,"SNF8, ESCRT-II complex subunit, homolog (S. cerevisiae)"
SNHG3,small nucleolar RNA host gene 3 (non-protein coding)
SNN,stannin
SNRK,SNF related kinase
SNRNP200,small nuclear ribonucleoprotein 200kDa (U5)
SNRNP25,small nuclear ribonucleoprotein 25kDa (U11/U12)
SNRNP27,small nuclear ribonucleoprotein 27kDa (U4/U6.U5)
SNRNP35,small nuclear ribonucleoprotein 35kDa (U11/U12)
SNRNP70,small nuclear ribonucleoprotein 70kDa (U1)
SNRPA,small nuclear ribonucleoprotein polypeptide A
SNRPA1,small nuclear ribonucleoprotein polypeptide A'
SNRPB,small nuclear ribonucleoprotein polypeptides B and B1
SNRPB2,small nuclear ribonucleoprotein polypeptide B''
SNRPC,small nuclear ribonucleoprotein polypeptide C
SNRPD1,small nuclear ribonucleoprotein D1 polypeptide 16kDa
SNRPD2,small nuclear ribonucleoprotein D2 polypeptide 16.5kDa
SNRPD3,small nuclear ribonucleoprotein D3 polypeptide 18kDa
SNRPE,small nuclear ribonucleoprotein polypeptide E
SNRPF,small nuclear ribonucleoprotein polypeptide F
SNRPG,small nuclear ribonucleoprotein polypeptide G
SNRPN,small nuclear ribonucleoprotein polypeptide N /// SNRPN upstream reading frame
SNTA1,"syntrophin, alpha 1 (dystrophin-associated protein A1, 59kDa, acidic component)"
SNTB2,"syntrophin, beta 2 (dystrophin-associated protein A1, 59kDa, basic component 2)"
SNUPN,snurportin 1
SNW1,SNW domain containing 1
SNX1,sorting nexin 1
SNX10,sorting nexin 10
SNX11,sorting nexin 11
SNX13,sorting nexin 13
SNX15,sorting nexin 15
SNX16,sorting nexin 16
SNX19,sorting nexin 19
SNX2,sorting nexin 2
SNX24,sorting nexin 24
SNX27,sorting nexin family member 27
SNX3,sorting nexin 3
SNX4,sorting nexin 4
SNX5,sorting nexin 5
SNX7,sorting nexin 7
SOAT1,sterol O-acyltransferase 1
SOBP,sine oculis binding protein homolog (Drosophila)
SOCS1,suppressor of cytokine signaling 1
SOCS2,suppressor of cytokine signaling 2
SOCS5,suppressor of cytokine signaling 5
SOCS6,suppressor of cytokine signaling 6
SOD1,"superoxide dismutase 1, soluble"
SOD2,"superoxide dismutase 2, mitochondrial"
SOD3,"superoxide dismutase 3, extracellular"
SOLH,small optic lobes homolog (Drosophila)
SON,SON DNA binding protein
SORBS1,sorbin and SH3 domain containing 1
SORBS2,sorbin and SH3 domain containing 2
SORBS3,sorbin and SH3 domain containing 3
SORD,sorbitol dehydrogenase
SORL1,"sortilin-related receptor, L(DLR class) A repeats-containing"
SORT1,sortilin 1
SOS1,son of sevenless homolog 1 (Drosophila)
SOS2,son of sevenless homolog 2 (Drosophila)
SOSTDC1,sclerostin domain containing 1
SOX12,SRY (sex determining region Y)-box 12
SOX13,SRY (sex determining region Y)-box 13
SOX17,SRY (sex determining region Y)-box 17
SOX18,SRY (sex determining region Y)-box 18
SOX4,SRY (sex determining region Y)-box 4
SOX9,SRY (sex determining region Y)-box 9
SP100,SP100 nuclear antigen
SP110,SP110 nuclear body protein
SP140,SP140 nuclear body protein
SP140L,SP140 nuclear body protein-like
SP2,Sp2 transcription factor
SP3,Sp3 transcription factor
SPAG1,sperm associated antigen 1
SPAG16,sperm associated antigen 16
SPAG4,sperm associated antigen 4
SPAG5,sperm associated antigen 5
SPAG7,sperm associated antigen 7
SPAG8,sperm associated antigen 8
SPAG9,sperm associated antigen 9
SPAM1,"sperm adhesion molecule 1 (PH-20 hyaluronidase, zona pellucida binding)"
SPARC,"secreted protein, acidic, cysteine-rich (osteonectin)"
SPARCL1,SPARC-like 1 (hevin)
SPAST,spastin
SPATA2,spermatogenesis associated 2
SPATA20,spermatogenesis associated 20
SPATA2L,spermatogenesis associated 2-like
SPATA5L1,spermatogenesis associated 5-like 1
SPATA7,spermatogenesis associated 7
SPATS2,"spermatogenesis associated, serine-rich 2"
SPCS1,signal peptidase complex subunit 1 homolog (S. cerevisiae)
SPCS3,signal peptidase complex subunit 3 homolog (S. cerevisiae)
SPEF1,sperm flagellar 1
SPEN,"spen homolog, transcriptional regulator (Drosophila)"
SPG11,spastic paraplegia 11 (autosomal recessive)
SPG20,spastic paraplegia 20 (Troyer syndrome)
SPG21,"spastic paraplegia 21 (autosomal recessive, Mast syndrome)"
SPG7,spastic paraplegia 7 (pure and complicated autosomal recessive)
SPHK1,sphingosine kinase 1
SPHK2,sphingosine kinase 2
SPIB,Spi-B transcription factor (Spi-1/PU.1 related)
SPIN1,spindlin 1
SPINK1,"serine peptidase inhibitor, Kazal type 1"
SPINT1,"serine peptidase inhibitor, Kunitz type 1"
SPINT2,"serine peptidase inhibitor, Kunitz type, 2"
SPOCK1,"sparc/osteonectin, cwcv and kazal-like domains proteoglycan (testican) 1"
SPOCK2,"sparc/osteonectin, cwcv and kazal-like domains proteoglycan (testican) 2"
SPON1,"spondin 1, extracellular matrix protein"
SPON2,"spondin 2, extracellular matrix protein"
SPOP,speckle-type POZ protein
SPP1,secreted phosphoprotein 1
SPR,"sepiapterin reductase (7,8-dihydrobiopterin:NADP+ oxidoreductase)"
SPRED2,"sprouty-related, EVH1 domain containing 2"
SPRY1,"sprouty homolog 1, antagonist of FGF signaling (Drosophila)"
SPRY2,sprouty homolog 2 (Drosophila)
SPRY4,sprouty homolog 4 (Drosophila)
SPSB1,splA/ryanodine receptor domain and SOCS box containing 1
SPSB3,splA/ryanodine receptor domain and SOCS box containing 3
SPTA1,"spectrin, alpha, erythrocytic 1 (elliptocytosis 2)"
SPTAN1,"spectrin, alpha, non-erythrocytic 1 (alpha-fodrin)"
SPTBN1,"spectrin, beta, non-erythrocytic 1"
SPTLC1,"serine palmitoyltransferase, long chain base subunit 1"
SPTLC2,"serine palmitoyltransferase, long chain base subunit 2"
SPTLC3,"serine palmitoyltransferase, long chain base subunit 3"
SQLE,squalene epoxidase
SQRDL,sulfide quinone reductase-like (yeast)
SQSTM1,sequestosome 1
SR140,U2-associated SR140 protein
SRBD1,S1 RNA binding domain 1
SRCAP,Snf2-related CREBBP activator protein
SRD5A1,"steroid-5-alpha-reductase, alpha polypeptide 1 (3-oxo-5 alpha-steroid delta 4-dehydrogenase alpha 1)"
SREBF1,sterol regulatory element binding transcription factor 1
SREBF2,sterol regulatory element binding transcription factor 2
SRF,serum response factor (c-fos serum response element-binding transcription factor)
SRGAP2,SLIT-ROBO Rho GTPase activating protein 2
SRGN,serglycin
SRI,sorcin
SRM,spermidine synthase
SRP14,signal recognition particle 14kDa (homologous Alu RNA binding protein)
SRP19,signal recognition particle 19kDa
SRP54,signal recognition particle 54kDa
SRP72,signal recognition particle 72kDa
SRPK1,SFRS protein kinase 1
SRPK2,SFRS protein kinase 2
SRPR,signal recognition particle receptor (docking protein)
SRPRB,"signal recognition particle receptor, B subunit"
SRPX,"sushi-repeat-containing protein, X-linked"
SRPX2,"sushi-repeat-containing protein, X-linked 2"
SRR,serine racemase
SRRD,SRR1 domain containing
SRRM1,serine/arginine repetitive matrix 1
SRRM2,serine/arginine repetitive matrix 2
SS18,"synovial sarcoma translocation, chromosome 18"
SS18L1,synovial sarcoma translocation gene on chromosome 18-like 1
SS18L2,synovial sarcoma translocation gene on chromosome 18-like 2
SSB,Sjogren syndrome antigen B (autoantigen La)
SSBP1,single-stranded DNA binding protein 1
SSBP2,single-stranded DNA binding protein 2
SSBP3,single stranded DNA binding protein 3
SSFA2,sperm specific antigen 2
SSH1,"CDNA FLJ38102 fis, clone D3OST2000618, moderately similar to Drosophila melanogaster slingshot mRNA"
SSH3,slingshot homolog 3 (Drosophila)
SSNA1,Sjogren syndrome nuclear autoantigen 1
SSPN,sarcospan (Kras oncogene-associated gene)
SSR1,"signal sequence receptor, alpha"
SSR2,"signal sequence receptor, beta (translocon-associated protein beta)"
SSR4,"signal sequence receptor, delta (translocon-associated protein delta)"
SSRP1,structure specific recognition protein 1
SSTR2,somatostatin receptor 2
SSX2IP,"synovial sarcoma, X breakpoint 2 interacting protein"
ST13,suppression of tumorigenicity 13 (colon carcinoma) (Hsp70 interacting protein)
ST14,suppression of tumorigenicity 14 (colon carcinoma)
ST20,suppressor of tumorigenicity 20
ST3GAL1,"ST3 beta-galactoside alpha-2,3-sialyltransferase 1"
ST3GAL4,"ST3 beta-galactoside alpha-2,3-sialyltransferase 4"
ST3GAL5,"ST3 beta-galactoside alpha-2,3-sialyltransferase 5"
ST3GAL6,"ST3 beta-galactoside alpha-2,3-sialyltransferase 6"
ST5,suppression of tumorigenicity 5
ST6GAL1,"ST6 beta-galactosamide alpha-2,6-sialyltranferase 1"
ST6GALNAC4,"ST6 (alpha-N-acetyl-neuraminyl-2,3-beta-galactosyl-1,3)-N-acetylgalactosaminide alpha-2,6-sialyltransferase 4"
ST6GALNAC5,"ST6 (alpha-N-acetyl-neuraminyl-2,3-beta-galactosyl-1,3)-N-acetylgalactosaminide alpha-2,6-sialyltransferase 5"
ST7,suppression of tumorigenicity 7
STAB1,stabilin 1
STAG1,stromal antigen 1
STAG2,stromal antigen 2
STAG3L4,stromal antigen 3-like 4
STAM,signal transducing adaptor molecule (SH3 domain and ITAM motif) 1
STAM2,signal transducing adaptor molecule (SH3 domain and ITAM motif) 2
STAMBP,STAM binding protein
STAP2,signal transducing adaptor family member 2
STARD13,StAR-related lipid transfer (START) domain containing 13
STARD3,StAR-related lipid transfer (START) domain containing 3
STARD7,StAR-related lipid transfer (START) domain containing 7
STARD8,StAR-related lipid transfer (START) domain containing 8
STAT1,"signal transducer and activator of transcription 1, 91kDa"
STAT2,"signal transducer and activator of transcription 2, 113kDa"
STAT3,signal transducer and activator of transcription 3 (acute-phase response factor)
STAT5B,signal transducer and activator of transcription 5B
STAT6,"signal transducer and activator of transcription 6, interleukin-4 induced"
STAU1,"staufen, RNA binding protein, homolog 1 (Drosophila)"
STAU2,"staufen, RNA binding protein, homolog 2 (Drosophila)"
STBD1,starch binding domain 1
STC1,stanniocalcin 1
STC2,stanniocalcin 2
STEAP1,six transmembrane epithelial antigen of the prostate 1
STEAP3,STEAP family member 3
STIL,SCL/TAL1 interrupting locus
STIM1,stromal interaction molecule 1
STIP1,stress-induced-phosphoprotein 1
STK10,serine/threonine kinase 10
STK17A,serine/threonine kinase 17a
STK19,serine/threonine kinase 19
STK24,"serine/threonine kinase 24 (STE20 homolog, yeast)"
STK25,"serine/threonine kinase 25 (STE20 homolog, yeast)"
STK3,"serine/threonine kinase 3 (STE20 homolog, yeast)"
STK38,serine/threonine kinase 38
STK38L,serine/threonine kinase 38 like
STK39,"serine threonine kinase 39 (STE20/SPS1 homolog, yeast)"
STK4,serine/threonine kinase 4
STMN1,stathmin 1/oncoprotein 18
STMN4,stathmin-like 4
STOM,stomatin
STOML1,stomatin (EPB72)-like 1
STOML2,stomatin (EPB72)-like 2
STON1,stonin 1
STRA13,stimulated by retinoic acid 13 homolog (mouse)
STRA6,stimulated by retinoic acid gene 6 homolog (mouse)
STRADA,STE20-related kinase adaptor alpha
STRAP,serine/threonine kinase receptor associated protein
STRN3,"striatin, calmodulin binding protein 3"
STRN4,"striatin, calmodulin binding protein 4"
STS,"steroid sulfatase (microsomal), isozyme S"
STT3A,"STT3, subunit of the oligosaccharyltransferase complex, homolog A (S. cerevisiae)"
STUB1,STIP1 homology and U-box containing protein 1
STX10,syntaxin 10
STX12,syntaxin 12
STX16,syntaxin 16
STX18,syntaxin 18
STX2,syntaxin 2
STX3,syntaxin 3
STX4,syntaxin 4
STX5,syntaxin 5
STX6,syntaxin 6
STX7,syntaxin 7
STX8,syntaxin 8
STXBP1,syntaxin binding protein 1
STXBP2,syntaxin binding protein 2
STXBP3,syntaxin binding protein 3
STXBP6,syntaxin binding protein 6 (amisyn)
STYK1,serine/threonine/tyrosine kinase 1
STYXL1,serine/threonine/tyrosine interacting-like 1
SUB1,SUB1 homolog (S. cerevisiae)
SUCLA2,"succinate-CoA ligase, ADP-forming, beta subunit"
SUCLG1,"succinate-CoA ligase, alpha subunit"
SUCLG2,"succinate-CoA ligase, GDP-forming, beta subunit"
SULF1,sulfatase 1
SULT1A1,"sulfotransferase family, cytosolic, 1A, phenol-preferring, member 1"
SULT1A2,"sulfotransferase family, cytosolic, 1A, phenol-preferring, member 2"
SULT1A3,"sulfotransferase family, cytosolic, 1A, phenol-preferring, member 3 /// sulfotransferase family, cytosolic, 1A, phenol-preferring, member 4"
SULT1C2,"sulfotransferase family, cytosolic, 1C, member 2"
SULT2B1,"sulfotransferase family, cytosolic, 2B, member 1"
SUMO1,SMT3 suppressor of mif two 3 homolog 1 (S. cerevisiae)
SUMO2,SMT3 suppressor of mif two 3 homolog 2 (S. cerevisiae) /// SMT3 suppressor of mif two 3 homolog 3 (S. cerevisiae)
SUMO3,SMT3 suppressor of mif two 3 homolog 3 (S. cerevisiae)
SUOX,sulfite oxidase
SUPT16H,suppressor of Ty 16 homolog (S. cerevisiae)
SUPT3H,suppressor of Ty 3 homolog (S. cerevisiae)
SUPT4H1,suppressor of Ty 4 homolog 1 (S. cerevisiae)
SUPT5H,suppressor of Ty 5 homolog (S. cerevisiae)
SUPT6H,suppressor of Ty 6 homolog (S. cerevisiae)
SUPT7L,suppressor of Ty 7 (S. cerevisiae)-like
SUPV3L1,"suppressor of var1, 3-like 1 (S. cerevisiae)"
SURF1,surfeit 1
SUV39H1,suppressor of variegation 3-9 homolog 1 (Drosophila)
SUV420H1,suppressor of variegation 4-20 homolog 1 (Drosophila)
SUZ12,suppressor of zeste 12 homolog (Drosophila)
SUZ12P,"Suppressor of zeste 12 homolog pseudogene, mRNA (cDNA clone IMAGE:5736798)"
SV2C,synaptic vesicle glycoprotein 2C
SVEP1,"sushi, von Willebrand factor type A, EGF and pentraxin domain containing 1"
SVIL,supervillin
SWAP70,SWAP-70 protein
SYCP2,synaptonemal complex protein 2
SYDE1,"synapse defective 1, Rho GTPase, homolog 1 (C. elegans)"
SYF2,"SYF2 homolog, RNA splicing factor (S. cerevisiae)"
SYK,spleen tyrosine kinase
SYMPK,symplekin
SYN2,synapsin II
SYNCRIP,"synaptotagmin binding, cytoplasmic RNA interacting protein"
SYNE1,"spectrin repeat containing, nuclear envelope 1"
SYNE2,"spectrin repeat containing, nuclear envelope 2"
SYNGR1,synaptogyrin 1
SYNGR2,synaptogyrin 2
SYNJ1,synaptojanin 1
SYNJ2,synaptojanin 2
SYNJ2BP,synaptojanin 2 binding protein
SYNM,"synemin, intermediate filament protein"
SYNPO,synaptopodin
SYPL1,synaptophysin-like 1
SYT11,synaptotagmin XI
TAAR2,trace amine associated receptor 2
TAC1,"tachykinin, precursor 1"
TACC1,"transforming, acidic coiled-coil containing protein 1"
TACC2,"transforming, acidic coiled-coil containing protein 2"
TACR1,tachykinin receptor 1
TACSTD2,tumor-associated calcium signal transducer 2
TADA2L,"transcriptional adaptor 2 (ADA2 homolog, yeast)-like"
TADA3L,"transcriptional adaptor 3 (NGG1 homolog, yeast)-like"
TAF10,"TAF10 RNA polymerase II, TATA box binding protein (TBP)-associated factor, 30kDa"
TAF11,"TAF11 RNA polymerase II, TATA box binding protein (TBP)-associated factor, 28kDa"
TAF15,"TAF15 RNA polymerase II, TATA box binding protein (TBP)-associated factor, 68kDa"
TAF1A,"TATA box binding protein (TBP)-associated factor, RNA polymerase I, A, 48kDa"
TAF1B,"TATA box binding protein (TBP)-associated factor, RNA polymerase I, B, 63kDa"
TAF1D,"TATA box binding protein (TBP)-associated factor, RNA polymerase I, D, 41kDa"
TAF2,"TAF2 RNA polymerase II, TATA box binding protein (TBP)-associated factor, 150kDa"
TAF4,"TAF4 RNA polymerase II, TATA box binding protein (TBP)-associated factor, 135kDa"
TAF5L,"TAF5-like RNA polymerase II, p300/CBP-associated factor (PCAF)-associated factor, 65kDa"
TAF6,"TAF6 RNA polymerase II, TATA box binding protein (TBP)-associated factor, 80kDa"
TAF6L,"TAF6-like RNA polymerase II, p300/CBP-associated factor (PCAF)-associated factor, 65kDa"
TAF7,"TAF7 RNA polymerase II, TATA box binding protein (TBP)-associated factor, 55kDa"
TAF9,"TAF9 RNA polymerase II, TATA box binding protein (TBP)-associated factor, 32kDa"
TAF9B,"TAF9B RNA polymerase II, TATA box binding protein (TBP)-associated factor, 31kDa"
TAGLN,transgelin
TAGLN2,transgelin 2
TAGLN3,transgelin 3
TAL1,T-cell acute lymphocytic leukemia 1
TANK,TRAF family member-associated NFKB activator
TAOK2,TAO kinase 2
TAOK3,TAO kinase 3
TAP1,"transporter 1, ATP-binding cassette, sub-family B (MDR/TAP)"
TAP2,"transporter 2, ATP-binding cassette, sub-family B (MDR/TAP)"
TAPBP,TAP binding protein (tapasin)
TAPBPL,TAP binding protein-like
TARBP1,TAR (HIV-1) RNA binding protein 1
TARDBP,TAR DNA binding protein
TARP,TCR gamma alternate reading frame protein
TARS,threonyl-tRNA synthetase
TAS2R14,"taste receptor, type 2, member 14"
TAS2R16,"taste receptor, type 2, member 16"
TASP1,"taspase, threonine aspartase, 1"
TATDN2,TatD DNase domain containing 2
TAX1BP1,Tax1 (human T-cell leukemia virus type I) binding protein 1
TAX1BP3,Tax1 (human T-cell leukemia virus type I) binding protein 3
TAZ,tafazzin
TBC1D1,"TBC1 (tre-2/USP6, BUB2, cdc16) domain family, member 1"
TBC1D10B,"TBC1 domain family, member 10B"
TBC1D12,"TBC1 domain family, member 12"
TBC1D13,"TBC1 domain family, member 13"
TBC1D15,"TBC1 domain family, member 15"
TBC1D16,"TBC1 domain family, member 16"
TBC1D17,"TBC1 domain family, member 17"
TBC1D22A,"TBC1 domain family, member 22A"
TBC1D2B,"TBC1 domain family, member 2B"
TBC1D4,"TBC1 domain family, member 4"
TBC1D5,"TBC1 domain family, member 5"
TBC1D8,"TBC1 domain family, member 8 (with GRAM domain)"
TBC1D8B,"TBC1 domain family, member 8B (with GRAM domain)"
TBC1D9,"TBC1 domain family, member 9 (with GRAM domain)"
TBC1D9B,"TBC1 domain family, member 9B (with GRAM domain)"
TBCA,tubulin folding cofactor A
TBCB,tubulin folding cofactor B
TBCC,tubulin folding cofactor C
TBCD,tubulin folding cofactor D
TBCE,tubulin folding cofactor E
TBK1,TANK-binding kinase 1
TBL1X,transducin (beta)-like 1X-linked
TBL1XR1,transducin (beta)-like 1 X-linked receptor 1
TBL2,transducin (beta)-like 2
TBP,TATA box binding protein
TBPL1,TBP-like 1
TBX2,T-box 2
TBX21,T-box 21
TBX6,T-box 6
TBXA2R,thromboxane A2 receptor
TCEA1,"transcription elongation factor A (SII), 1"
TCEA2,"transcription elongation factor A (SII), 2"
TCEAL1,transcription elongation factor A (SII)-like 1
TCEAL2,transcription elongation factor A (SII)-like 2
TCEAL4,transcription elongation factor A (SII)-like 4
TCEB1,"transcription elongation factor B (SIII), polypeptide 1 (15kDa, elongin C)"
TCEB2,"transcription elongation factor B (SIII), polypeptide 2 (18kDa, elongin B)"
TCEB3,"transcription elongation factor B (SIII), polypeptide 3 (110kDa, elongin A)"
TCERG1,transcription elongation regulator 1
TCF12,transcription factor 12
TCF20,transcription factor 20 (AR1)
TCF21,transcription factor 21
TCF25,transcription factor 25 (basic helix-loop-helix)
TCF3,transcription factor 3 (E2A immunoglobulin enhancer binding factors E12/E47)
TCF4,transcription factor 4
TCF7,"transcription factor 7 (T-cell specific, HMG-box)"
TCF7L1,"transcription factor 7-like 1 (T-cell specific, HMG-box)"
TCF7L2,"transcription factor 7-like 2 (T-cell specific, HMG-box)"
TCFL5,transcription factor-like 5 (basic helix-loop-helix)
TCIRG1,"T-cell, immune regulator 1, ATPase, H+ transporting, lysosomal V0 subunit A3"
TCL6,T-cell leukemia/lymphoma 6
TCN2,transcobalamin II; macrocytic anemia
TCOF1,Treacher Collins-Franceschetti syndrome 1
TCP1,t-complex 1
TCTA,T-cell leukemia translocation altered gene
TCTN1,tectonic family member 1
TCTN2,tectonic family member 2
TCTN3,tectonic family member 3
TDG,thymine-DNA glycosylase
TDGF1,"teratocarcinoma-derived growth factor 1 /// teratocarcinoma-derived growth factor 3, pseudogene"
TDO2,"tryptophan 2,3-dioxygenase"
TDRD3,tudor domain containing 3
TDRD7,tudor domain containing 7
TEAD1,TEA domain family member 1 (SV40 transcriptional enhancer factor)
TEAD3,TEA domain family member 3
TEAD4,TEA domain family member 4
TEK,"TEK tyrosine kinase, endothelial"
TELO2,"TEL2, telomere maintenance 2, homolog (S. cerevisiae)"
TENC1,tensin like C1 domain containing phosphatase (tensin 2)
TERF1,telomeric repeat binding factor (NIMA-interacting) 1
TERF2,telomeric repeat binding factor 2
TERF2IP,"telomeric repeat binding factor 2, interacting protein"
TES,testis derived transcript (3 LIM domains)
TESK1,testis-specific kinase 1
TEX10,testis expressed 10
TEX2,testis expressed 2
TEX261,testis expressed 261
TEX264,testis expressed 264
TFAM,"transcription factor A, mitochondrial"
TFAP2A,transcription factor AP-2 alpha (activating enhancer binding protein 2 alpha)
TFAP2B,transcription factor AP-2 beta (activating enhancer binding protein 2 beta)
TFB1M,"transcription factor B1, mitochondrial"
TFB2M,"transcription factor B2, mitochondrial"
TFCP2,transcription factor CP2
TFCP2L1,transcription factor CP2-like 1
TFDP1,transcription factor Dp-1
TFDP2,transcription factor Dp-2 (E2F dimerization partner 2)
TFE3,transcription factor binding to IGHM enhancer 3
TFEB,transcription factor EB
TFEC,transcription factor EC
TFG,TRK-fused gene
TFIP11,tuftelin interacting protein 11
TFPI,tissue factor pathway inhibitor (lipoprotein-associated coagulation inhibitor)
TFPI2,tissue factor pathway inhibitor 2
TFPT,TCF3 (E2A) fusion partner (in childhood Leukemia)
TFRC,"transferrin receptor (p90, CD71)"
TGDS,"TDP-glucose 4,6-dehydratase"
TGFA,"transforming growth factor, alpha"
TGFB1,"transforming growth factor, beta 1"
TGFB1I1,transforming growth factor beta 1 induced transcript 1
TGFB3,"transforming growth factor, beta 3"
TGFBI,"transforming growth factor, beta-induced, 68kDa"
TGFBR2,"transforming growth factor, beta receptor II (70/80kDa)"
TGFBR3,"transforming growth factor, beta receptor III"
TGIF1,TGFB-induced factor homeobox 1
TGIF2,TGFB-induced factor homeobox 2
TGM2,"transglutaminase 2 (C polypeptide, protein-glutamine-gamma-glutamyltransferase)"
TGOLN2,trans-golgi network protein 2
TGS1,trimethylguanosine synthase homolog (S. cerevisiae)
TH1L,TH1-like (Drosophila)
THADA,thyroid adenoma associated
THAP10,THAP domain containing 10
THAP11,THAP domain containing 11
THAP7,THAP domain containing 7
THBD,thrombomodulin
THBS1,thrombospondin 1
THBS2,thrombospondin 2
THEM2,thioesterase superfamily member 2
THG1L,tRNA-histidine guanylyltransferase 1-like (S. cerevisiae)
THNSL1,threonine synthase-like 1 (S. cerevisiae)
THNSL2,threonine synthase-like 2 (S. cerevisiae)
THOC1,THO complex 1
THOC2,THO complex 2
THOC5,THO complex 5
THOC6,THO complex 6 homolog (Drosophila)
THOC7,THO complex 7 homolog (Drosophila)
THRA,"thyroid hormone receptor, alpha (erythroblastic leukemia viral (v-erb-a) oncogene homolog, avian)"
THSD7A,"thrombospondin, type I, domain containing 7A"
THTPA,"CDNA FLJ33428 fis, clone BRACE2020742"
THUMPD1,THUMP domain containing 1
THUMPD2,THUMP domain containing 2
THY1,Thy-1 cell surface antigen
THYN1,thymocyte nuclear protein 1
TIA1,TIA1 cytotoxic granule-associated RNA binding protein
TIAL1,TIA1 cytotoxic granule-associated RNA binding protein-like 1
TIAM1,T-cell lymphoma invasion and metastasis 1
TICAM1,toll-like receptor adaptor molecule 1
TIE1,tyrosine kinase with immunoglobulin-like and EGF-like domains 1
TIGD6,tigger transposable element derived 6
TIMELESS,timeless homolog (Drosophila)
TIMM10,translocase of inner mitochondrial membrane 10 homolog (yeast)
TIMM13,translocase of inner mitochondrial membrane 13 homolog (yeast)
TIMM17A,translocase of inner mitochondrial membrane 17 homolog A (yeast)
TIMM17B,translocase of inner mitochondrial membrane 17 homolog B (yeast)
TIMM22,translocase of inner mitochondrial membrane 22 homolog (yeast)
TIMM23,translocase of inner mitochondrial membrane 23 homolog (yeast)
TIMM44,translocase of inner mitochondrial membrane 44 homolog (yeast)
TIMM8A,translocase of inner mitochondrial membrane 8 homolog A (yeast)
TIMM8B,translocase of inner mitochondrial membrane 8 homolog B (yeast)
TIMM9,translocase of inner mitochondrial membrane 9 homolog (yeast)
TIMP1,TIMP metallopeptidase inhibitor 1
TIMP3,TIMP metallopeptidase inhibitor 3
TINF2,TERF1 (TRF1)-interacting nuclear factor 2
TINP1,TGF beta-inducible nuclear protein 1
TIPARP,TCDD-inducible poly(ADP-ribose) polymerase
TIPRL,"TIP41, TOR signaling pathway regulator-like (S. cerevisiae)"
TJAP1,tight junction associated protein 1 (peripheral)
TJP1,tight junction protein 1 (zona occludens 1)
TJP2,tight junction protein 2 (zona occludens 2)
TJP3,tight junction protein 3 (zona occludens 3)
TK2,"thymidine kinase 2, mitochondrial"
TKT,transketolase
TLE1,"transducin-like enhancer of split 1 (E(sp1) homolog, Drosophila)"
TLE2,"transducin-like enhancer of split 2 (E(sp1) homolog, Drosophila)"
TLE3,"transducin-like enhancer of split 3 (E(sp1) homolog, Drosophila)"
TLE4,"transducin-like enhancer of split 4 (E(sp1) homolog, Drosophila)"
TLK1,tousled-like kinase 1
TLL1,tolloid-like 1
TLN1,talin 1
TLN2,talin 2
TLR1,toll-like receptor 1
TLR2,toll-like receptor 2
TLR3,toll-like receptor 3
TLR4,toll-like receptor 4
TLR5,toll-like receptor 5
TLR7,toll-like receptor 7
TM2D1,TM2 domain containing 1
TM2D3,TM2 domain containing 3
TM4SF1,transmembrane 4 L six family member 1
TM4SF5,transmembrane 4 L six family member 5
TM6SF1,transmembrane 6 superfamily member 1
TM7SF2,transmembrane 7 superfamily member 2
TM7SF3,transmembrane 7 superfamily member 3
TM9SF1,transmembrane 9 superfamily member 1
TM9SF2,transmembrane 9 superfamily member 2
TM9SF3,transmembrane 9 superfamily member 3
TM9SF4,transmembrane 9 superfamily protein member 4
TMBIM1,transmembrane BAX inhibitor motif containing 1
TMBIM4,transmembrane BAX inhibitor motif containing 4
TMBIM6,transmembrane BAX inhibitor motif containing 6
TMC5,transmembrane channel-like 5
TMC6,transmembrane channel-like 6
TMCC1,transmembrane and coiled-coil domain family 1
TMCO1,transmembrane and coiled-coil domains 1
TMCO3,transmembrane and coiled-coil domains 3
TMED1,transmembrane emp24 protein transport domain containing 1
TMED10,transmembrane emp24-like trafficking protein 10 (yeast)
TMED2,transmembrane emp24 domain trafficking protein 2
TMED3,transmembrane emp24 protein transport domain containing 3
TMED5,transmembrane emp24 protein transport domain containing 5
TMED7,transmembrane emp24 protein transport domain containing 7
TMED9,transmembrane emp24 protein transport domain containing 9
TMEM100,transmembrane protein 100
TMEM106B,transmembrane protein 106B
TMEM106C,transmembrane protein 106C
TMEM109,transmembrane protein 109
TMEM11,transmembrane protein 11
TMEM110,transmembrane protein 110
TMEM111,"Transmembrane protein 111, mRNA (cDNA clone MGC:39153 IMAGE:4897577)"
TMEM115,transmembrane protein 115
TMEM123,transmembrane protein 123
TMEM126B,transmembrane protein 126B
TMEM127,transmembrane protein 127
TMEM131,transmembrane protein 131
TMEM132A,transmembrane protein 132A
TMEM134,transmembrane protein 134
TMEM135,transmembrane protein 135
TMEM140,transmembrane protein 140
TMEM144,transmembrane protein 144
TMEM147,transmembrane protein 147
TMEM149,transmembrane protein 149
TMEM14A,transmembrane protein 14A
TMEM14B,transmembrane protein 14B
TMEM151B,transmembrane protein 151B
TMEM159,transmembrane protein 159
TMEM160,transmembrane protein 160
TMEM161A,transmembrane protein 161A
TMEM165,transmembrane protein 165
TMEM168,transmembrane protein 168
TMEM176A,transmembrane protein 176A
TMEM176B,transmembrane protein 176B
TMEM177,transmembrane protein 177
TMEM183A,transmembrane protein 183A
TMEM184B,transmembrane protein 184B
TMEM184C,transmembrane protein 184C
TMEM185B,transmembrane protein 185B (pseudogene)
TMEM186,transmembrane protein 186
TMEM187,transmembrane protein 187
TMEM189-UBE2V1,TMEM189-UBE2V1 readthrough transcript /// ubiquitin-conjugating enzyme E2 variant 1
TMEM19,transmembrane protein 19
TMEM194A,transmembrane protein 194A
TMEM2,transmembrane protein 2
TMEM204,transmembrane protein 204
TMEM206,transmembrane protein 206
TMEM208,transmembrane protein 208
TMEM214,transmembrane protein 214
TMEM22,transmembrane protein 22
TMEM222,transmembrane protein 222
TMEM30A,transmembrane protein 30A
TMEM30B,transmembrane protein 30B
TMEM33,transmembrane protein 33
TMEM38B,transmembrane protein 38B
TMEM39A,transmembrane protein 39A
TMEM39B,transmembrane protein 39B
TMEM40,transmembrane protein 40
TMEM41B,transmembrane protein 41B
TMEM43,transmembrane protein 43
TMEM45A,transmembrane protein 45A
TMEM47,transmembrane protein 47
TMEM48,transmembrane protein 48
TMEM5,transmembrane protein 5
TMEM50A,transmembrane protein 50A
TMEM50B,transmembrane protein 50B
TMEM51,transmembrane protein 51
TMEM53,transmembrane protein 53
TMEM59,transmembrane protein 59
TMEM62,transmembrane protein 62
TMEM63A,transmembrane protein 63A
TMEM66,transmembrane protein 66
TMEM70,transmembrane protein 70
TMEM8,transmembrane protein 8 (five membrane-spanning domains)
TMEM80,transmembrane protein 80
TMEM87A,transmembrane protein 87A
TMEM92,"Transmembrane protein 92 (TMEM92), mRNA"
TMEM93,transmembrane protein 93
TMEM97,transmembrane protein 97
TMEM9B,"TMEM9 domain family, member B"
TMF1,TATA element modulatory factor 1
TMOD1,tropomodulin 1
TMPO,thymopoietin
TMPRSS3,"transmembrane protease, serine 3"
TMSB10,thymosin beta 10
TMSB4X,"thymosin beta 4, X-linked /// thymosin-like 3"
TMUB2,transmembrane and ubiquitin-like domain containing 2
TNC,tenascin C
TNFAIP1,"tumor necrosis factor, alpha-induced protein 1 (endothelial)"
TNFAIP2,"tumor necrosis factor, alpha-induced protein 2"
TNFAIP3,"tumor necrosis factor, alpha-induced protein 3"
TNFAIP6,"tumor necrosis factor, alpha-induced protein 6"
TNFAIP8,"tumor necrosis factor, alpha-induced protein 8"
TNFRSF10B,"tumor necrosis factor receptor superfamily, member 10b"
TNFRSF11B,"tumor necrosis factor receptor superfamily, member 11b"
TNFRSF12A,"tumor necrosis factor receptor superfamily, member 12A"
TNFRSF14,"tumor necrosis factor receptor superfamily, member 14 (herpesvirus entry mediator)"
TNFRSF1A,"tumor necrosis factor receptor superfamily, member 1A"
TNFRSF1B,"tumor necrosis factor receptor superfamily, member 1B"
TNFRSF21,"tumor necrosis factor receptor superfamily, member 21"
TNFRSF9,"tumor necrosis factor receptor superfamily, member 9"
TNFSF10,"tumor necrosis factor (ligand) superfamily, member 10"
TNFSF12,"tumor necrosis factor (ligand) superfamily, member 12"
TNFSF13,"tumor necrosis factor (ligand) superfamily, member 13"
TNFSF15,"tumor necrosis factor (ligand) superfamily, member 15"
TNFSF9,"tumor necrosis factor (ligand) superfamily, member 9"
TNIK,TRAF2 and NCK interacting kinase
TNIP1,TNFAIP3 interacting protein 1
TNIP2,TNFAIP3 interacting protein 2
TNK1,"tyrosine kinase, non-receptor, 1"
TNK2,"tyrosine kinase, non-receptor, 2"
TNKS,"tankyrase, TRF1-interacting ankyrin-related ADP-ribose polymerase"
TNKS2,"tankyrase, TRF1-interacting ankyrin-related ADP-ribose polymerase 2"
TNMD,tenomodulin
TNN,tenascin N
TNNT2,troponin T type 2 (cardiac)
TNPO1,transportin 1
TNPO2,transportin 2
TNPO3,transportin 3
TNRC6B,trinucleotide repeat containing 6B
TNS1,tensin 1
TNS3,tensin 3
TNXA,tenascin XA pseudogene /// tenascin XB
TOB1,"transducer of ERBB2, 1"
TOB2,"transducer of ERBB2, 2"
TOLLIP,toll interacting protein
TOM1,target of myb1 (chicken)
TOM1L1,target of myb1 (chicken)-like 1
TOMM20,translocase of outer mitochondrial membrane 20 homolog (yeast)
TOMM34,translocase of outer mitochondrial membrane 34
TOMM40,translocase of outer mitochondrial membrane 40 homolog (yeast)
TOMM70A,translocase of outer mitochondrial membrane 70 homolog A (S. cerevisiae)
TOP1,topoisomerase (DNA) I
TOP2A,topoisomerase (DNA) II alpha 170kDa
TOP2B,topoisomerase (DNA) II beta 180kDa
TOPBP1,topoisomerase (DNA) II binding protein 1
TOPORS,"topoisomerase I binding, arginine/serine-rich"
TOR1A,"torsin family 1, member A (torsin A)"
TOR1AIP1,torsin A interacting protein 1
TOR1B,"torsin family 1, member B (torsin B)"
TOX,thymocyte selection-associated high mobility group box
TOX3,TOX high mobility group box family member 3
TOX4,TOX high mobility group box family member 4
TP53,tumor protein p53
TP53BP2,"tumor protein p53 binding protein, 2"
TP53I3,tumor protein p53 inducible protein 3
TP53TG1,TP53 target 1 (non-protein coding)
TP63,tumor protein p63
TPBG,trophoblast glycoprotein
TPCN1,two pore segment channel 1
TPD52,tumor protein D52
TPD52L1,tumor protein D52-like 1
TPD52L2,tumor protein D52-like 2
TPI1,triosephosphate isomerase 1
TPK1,thiamin pyrophosphokinase 1
TPM1,tropomyosin 1 (alpha)
TPM2,tropomyosin 2 (beta)
TPM4,tropomyosin 4
TPMT,thiopurine S-methyltransferase
TPP1,tripeptidyl peptidase I
TPP2,tripeptidyl peptidase II
TPR,translocated promoter region (to activated MET oncogene)
TPRKB,TP53RK binding protein
TPSAB1,tryptase alpha/beta 1 /// tryptase beta 2
TPSB2,tryptase beta 2
TPST1,tyrosylprotein sulfotransferase 1
TPST2,tyrosylprotein sulfotransferase 2
TPT1,"tumor protein, translationally-controlled 1"
TRA2A,transformer-2 alpha
TRA@,T cell receptor alpha locus /// T cell receptor alpha constant
TRAC,T cell receptor alpha constant
TRADD,TNFRSF1A-associated via death domain
TRAF1,TNF receptor-associated factor 1
TRAF3,TNF receptor-associated factor 3
TRAF3IP2,TRAF3 interacting protein 2
TRAF4,TNF receptor-associated factor 4
TRAF5,TNF receptor-associated factor 5
TRAFD1,TRAF-type zinc finger domain containing 1
TRAK1,"trafficking protein, kinesin binding 1"
TRAK2,"trafficking protein, kinesin binding 2"
TRAM1,translocation associated membrane protein 1
TRAM2,translocation associated membrane protein 2
TRAP1,TNF receptor-associated protein 1
TRAPPC10,trafficking protein particle complex 10
TRAPPC2L,trafficking protein particle complex 2-like
TRAPPC3,trafficking protein particle complex 3
TRAPPC4,trafficking protein particle complex 4
TRAPPC6A,trafficking protein particle complex 6A
TRAPPC9,trafficking protein particle complex 9
TRBC1,T cell receptor beta constant 1
TRDMT1,tRNA aspartic acid methyltransferase 1
TREM1,triggering receptor expressed on myeloid cells 1
TREM2,triggering receptor expressed on myeloid cells 2
TREX2,three prime repair exonuclease 2 /// UCHL5 interacting protein
TRHDE,thyrotropin-releasing hormone degrading enzyme
TRIAP1,TP53 regulated inhibitor of apoptosis 1
TRIB1,tribbles homolog 1 (Drosophila)
TRIB2,tribbles homolog 2 (Drosophila)
TRIB3,tribbles homolog 3 (Drosophila)
TRIM10,tripartite motif-containing 10
TRIM13,tripartite motif-containing 13
TRIM14,tripartite motif-containing 14
TRIM15,tripartite motif-containing 15
TRIM2,tripartite motif-containing 2
TRIM21,tripartite motif-containing 21
TRIM22,tripartite motif-containing 22
TRIM23,tripartite motif-containing 23
TRIM24,tripartite motif-containing 24
TRIM26,tripartite motif-containing 26
TRIM27,tripartite motif-containing 27
TRIM28,tripartite motif-containing 28
TRIM3,tripartite motif-containing 3
TRIM32,tripartite motif-containing 32
TRIM33,tripartite motif-containing 33
TRIM34,tripartite motif-containing 34 /// tripartite motif-containing 6 /// TRIM6-TRIM34 readthrough transcript
TRIM37,tripartite motif-containing 37
TRIM38,tripartite motif-containing 38
TRIM44,tripartite motif-containing 44
TRIM45,tripartite motif-containing 45
TRIM48,tripartite motif-containing 48
TRIM5,tripartite motif-containing 5
TRIM52,tripartite motif-containing 52
TRIM66,tripartite motif-containing 66
TRIM68,tripartite motif-containing 68
TRIM8,tripartite motif-containing 8
TRIM9,tripartite motif-containing 9
TRIO,triple functional domain (PTPRF interacting)
TRIOBP,TRIO and F-actin binding protein
TRIP10,thyroid hormone receptor interactor 10
TRIP11,thyroid hormone receptor interactor 11
TRIP12,thyroid hormone receptor interactor 12
TRIP13,thyroid hormone receptor interactor 13
TRIP4,thyroid hormone receptor interactor 4
TRIP6,thyroid hormone receptor interactor 6
TRIT1,tRNA isopentenyltransferase 1
TRMT1,TRM1 tRNA methyltransferase 1 homolog (S. cerevisiae)
TRMT11,tRNA methyltransferase 11 homolog (S. cerevisiae)
TRMT12,tRNA methyltransferase 12 homolog (S. cerevisiae)
TRMT5,TRM5 tRNA methyltransferase 5 homolog (S. cerevisiae)
TRMT61A,tRNA methyltransferase 61 homolog A (S. cerevisiae)
TRMT61B,tRNA methyltransferase 61 homolog B (S. cerevisiae)
TRO,trophinin
TROVE2,"TROVE domain family, member 2"
TRPC1,"transient receptor potential cation channel, subfamily C, member 1"
TRPC4AP,"transient receptor potential cation channel, subfamily C, member 4 associated protein"
TRPM2,"transient receptor potential cation channel, subfamily M, member 2"
TRPM3,"transient receptor potential cation channel, subfamily M, member 3"
TRPS1,trichorhinophalangeal syndrome I
TRPV1,"transient receptor potential cation channel, subfamily V, member 1"
TRPV2,"transient receptor potential cation channel, subfamily V, member 2"
TRPV4,"transient receptor potential cation channel, subfamily V, member 4"
TRRAP,transformation/transcription domain-associated protein
TSC1,tuberous sclerosis 1
TSC2,tuberous sclerosis 2
TSC22D1,"TSC22 domain family, member 1"
TSC22D2,"TSC22 domain family, member 2"
TSC22D3,"TSC22 domain family, member 3"
TSEN2,tRNA splicing endonuclease 2 homolog (S. cerevisiae)
TSEN34,tRNA splicing endonuclease 34 homolog (S. cerevisiae)
TSFM,"Ts translation elongation factor, mitochondrial"
TSG101,tumor susceptibility gene 101
TSHB,"thyroid stimulating hormone, beta"
TSKU,tsukushin
TSN,translin
TSNAX,translin-associated factor X
TSNAXIP1,translin-associated factor X interacting protein 1
TSPAN1,tetraspanin 1
TSPAN12,tetraspanin 12
TSPAN13,tetraspanin 13
TSPAN14,tetraspanin 14
TSPAN15,tetraspanin 15
TSPAN2,tetraspanin 2
TSPAN3,tetraspanin 3
TSPAN31,tetraspanin 31
TSPAN4,tetraspanin 4
TSPAN5,tetraspanin 5
TSPAN6,tetraspanin 6
TSPAN7,tetraspanin 7
TSPAN8,tetraspanin 8
TSPAN9,tetraspanin 9
TSPO,translocator protein (18kDa)
TSPYL1,TSPY-like 1
TSPYL2,TSPY-like 2
TSPYL4,TSPY-like 4
TSPYL5,TSPY-like 5
TSR1,"TSR1, 20S rRNA accumulation, homolog (S. cerevisiae)"
TSR2,"TSR2, 20S rRNA accumulation, homolog (S. cerevisiae)"
TSSC1,tumor suppressing subtransferable candidate 1
TSSC4,tumor suppressing subtransferable candidate 4
TSSK2,testis-specific serine kinase 2
TST,thiosulfate sulfurtransferase (rhodanese)
TSTA3,tissue specific transplantation antigen P35B
TTBK2,tau tubulin kinase 2
TTC15,tetratricopeptide repeat domain 15
TTC17,tetratricopeptide repeat domain 17
TTC19,tetratricopeptide repeat domain 19
TTC23,tetratricopeptide repeat domain 23
TTC27,tetratricopeptide repeat domain 27
TTC28,tetratricopeptide repeat domain 28
TTC3,tetratricopeptide repeat domain 3
TTC30A,tetratricopeptide repeat domain 30A
TTC31,tetratricopeptide repeat domain 31
TTC33,tetratricopeptide repeat domain 33
TTC35,tetratricopeptide repeat domain 35
TTC37,tetratricopeptide repeat domain 37
TTC38,CDNA FLJ58627 complete cds
TTC39A,tetratricopeptide repeat domain 39A
TTC4,tetratricopeptide repeat domain 4
TTF1,"transcription termination factor, RNA polymerase I"
TTF2,"transcription termination factor, RNA polymerase II"
TTLL1,"tubulin tyrosine ligase-like family, member 1"
TTLL12,"tubulin tyrosine ligase-like family, member 12"
TTLL4,"tubulin tyrosine ligase-like family, member 4"
TTLL5,"tubulin tyrosine ligase-like family, member 5"
TTRAP,TRAF and TNF receptor associated protein
TTTY15,"testis-specific transcript, Y-linked 15"
TTTY9A,"testis-specific transcript, Y-linked 9A /// testis-specific transcript, Y-linked 9B"
TUBA1A,"tubulin, alpha 1a"
TUBA1B,"tubulin, alpha 1b"
TUBA1C,"tubulin, alpha 1c"
TUBA3C,"tubulin, alpha 3c /// tubulin, alpha 3d"
TUBA4A,"tubulin, alpha 4a"
TUBAL3,"tubulin, alpha-like 3"
TUBB,"tubulin, beta"
TUBB2A,"tubulin, beta 2A"
TUBB2B,"tubulin, beta 2B"
TUBB2C,"tubulin, beta 2C"
TUBB3,"tubulin, beta 3"
TUBB6,"tubulin, beta 6"
TUBD1,"tubulin, delta 1"
TUBG1,"tubulin, gamma 1"
TUBG2,"tubulin, gamma 2"
TUBGCP2,"tubulin, gamma complex associated protein 2"
TUBGCP3,"tubulin, gamma complex associated protein 3"
TUBGCP4,"tubulin, gamma complex associated protein 4"
TUFM,"Tu translation elongation factor, mitochondrial"
TUFT1,tuftelin 1
TUG1,taurine upregulated 1 (non-protein coding)
TULP3,tubby like protein 3
TULP4,tubby like protein 4
TUSC2,tumor suppressor candidate 2
TUSC3,tumor suppressor candidate 3
TUSC4,tumor suppressor candidate 4
TWF1,"twinfilin, actin-binding protein, homolog 1 (Drosophila)"
TWF2,"twinfilin, actin-binding protein, homolog 2 (Drosophila)"
TWIST1,twist homolog 1 (Drosophila)
TXN,thioredoxin
TXN2,thioredoxin 2
TXNDC1,thioredoxin domain containing 1
TXNDC13,thioredoxin domain containing 13
TXNDC14,thioredoxin domain containing 14
TXNDC15,thioredoxin domain containing 15
TXNDC4,thioredoxin domain containing 4 (endoplasmic reticulum)
TXNDC5,thioredoxin domain containing 5
TXNDC9,thioredoxin domain containing 9
TXNIP,thioredoxin interacting protein
TXNL1,thioredoxin-like 1
TXNL4A,thioredoxin-like 4A
TXNL4B,thioredoxin-like 4B
TXNRD1,thioredoxin reductase 1
TXNRD2,thioredoxin reductase 2
TXNRD3,thioredoxin reductase 3
TYK2,tyrosine kinase 2
TYMP,thymidine phosphorylase
TYMS,thymidylate synthetase
TYROBP,TYRO protein tyrosine kinase binding protein
TYRP1,tyrosinase-related protein 1
TYW1,tRNA-yW synthesizing protein 1 homolog (S. cerevisiae)
U2AF1,U2 small nuclear RNA auxiliary factor 1
U2AF2,MmRNA for large subunit of splicing factor U2AF
UAP1,UDP-N-acteylglucosamine pyrophosphorylase 1
UBA1,ubiquitin-like modifier activating enzyme 1
UBA2,ubiquitin-like modifier activating enzyme 2
UBA3,ubiquitin-like modifier activating enzyme 3
UBA5,ubiquitin-like modifier activating enzyme 5
UBA52,ubiquitin A-52 residue ribosomal protein fusion product 1
UBA7,ubiquitin-like modifier activating enzyme 7
UBAC1,UBA domain containing 1
UBAP1,ubiquitin associated protein 1
UBAP2,ubiquitin associated protein 2
UBAP2L,ubiquitin associated protein 2-like
UBE2A,ubiquitin-conjugating enzyme E2A (RAD6 homolog)
UBE2B,ubiquitin-conjugating enzyme E2B (RAD6 homolog)
UBE2C,ubiquitin-conjugating enzyme E2C
UBE2D1,"ubiquitin-conjugating enzyme E2D 1 (UBC4/5 homolog, yeast)"
UBE2D2,"ubiquitin-conjugating enzyme E2D 2 (UBC4/5 homolog, yeast)"
UBE2D3,"ubiquitin-conjugating enzyme E2D 3 (UBC4/5 homolog, yeast)"
UBE2D4,ubiquitin-conjugating enzyme E2D 4 (putative)
UBE2E1,"ubiquitin-conjugating enzyme E2E 1 (UBC4/5 homolog, yeast)"
UBE2E3,"ubiquitin-conjugating enzyme E2E 3 (UBC4/5 homolog, yeast)"
UBE2G1,"ubiquitin-conjugating enzyme E2G 1 (UBC7 homolog, yeast)"
UBE2G2,"ubiquitin-conjugating enzyme E2G 2 (UBC7 homolog, yeast)"
UBE2I,Ubiquitin-conjugating enzyme UBC9
UBE2J1,"ubiquitin-conjugating enzyme E2, J1 (UBC6 homolog, yeast)"
UBE2K,"ubiquitin-conjugating enzyme E2K (UBC1 homolog, yeast)"
UBE2L3,ubiquitin-conjugating enzyme E2L 3
UBE2L6,ubiquitin-conjugating enzyme E2L 6
UBE2N,"ubiquitin-conjugating enzyme E2N (UBC13 homolog, yeast)"
UBE2NL,ubiquitin-conjugating enzyme E2N-like
UBE2Q1,ubiquitin-conjugating enzyme E2Q family member 1
UBE2V2,ubiquitin-conjugating enzyme E2 variant 2
UBE2W,ubiquitin-conjugating enzyme E2W (putative)
UBE2Z,ubiquitin-conjugating enzyme E2Z
UBE3A,ubiquitin protein ligase E3A
UBE3B,ubiquitin protein ligase E3B
UBE3C,ubiquitin protein ligase E3C
UBE4A,"ubiquitination factor E4A (UFD2 homolog, yeast)"
UBE4B,"ubiquitination factor E4B (UFD2 homolog, yeast)"
UBFD1,ubiquitin family domain containing 1
UBL3,ubiquitin-like 3
UBL4A,ubiquitin-like 4A
UBL5,ubiquitin-like 5
UBN1,ubinuclein 1
UBP1,upstream binding protein 1 (LBP-1a)
UBQLN2,ubiquilin 2
UBQLN3,ubiquilin 3
UBQLN4,ubiquilin 4
UBR2,ubiquitin protein ligase E3 component n-recognin 2
UBR4,ubiquitin protein ligase E3 component n-recognin 4
UBR5,ubiquitin protein ligase E3 component n-recognin 5
UBR7,ubiquitin protein ligase E3 component n-recognin 7 (putative)
UBTF,"upstream binding transcription factor, RNA polymerase I"
UBXN1,UBX domain protein 1
UBXN2B,UBX domain protein 2B
UBXN4,UBX domain protein 4
UBXN6,UBX domain protein 6
UBXN7,UBX domain protein 7
UBXN8,UBX domain protein 8
UCHL1,ubiquitin carboxyl-terminal esterase L1 (ubiquitin thiolesterase)
UCHL3,ubiquitin carboxyl-terminal esterase L3 (ubiquitin thiolesterase)
UCHL5,ubiquitin carboxyl-terminal hydrolase L5
UCKL1,uridine-cytidine kinase 1-like 1
UCP2,"uncoupling protein 2 (mitochondrial, proton carrier)"
UCRC,ubiquinol-cytochrome c reductase complex (7.2 kD)
UEVLD,UEV and lactate/malate dehyrogenase domains
UFC1,ubiquitin-fold modifier conjugating enzyme 1
UFD1L,ubiquitin fusion degradation 1 like (yeast)
UFM1,ubiquitin-fold modifier 1
UFSP2,UFM1-specific peptidase 2
UGCG,UDP-glucose ceramide glucosyltransferase
UGCGL1,UDP-glucose ceramide glucosyltransferase-like 1
UGCGL2,UDP-glucose ceramide glucosyltransferase-like 2
UGDH,UDP-glucose dehydrogenase
UGP2,UDP-glucose pyrophosphorylase 2
UGT1A1,"UDP glucuronosyltransferase 1 family, polypeptide A1 /// UDP glucuronosyltransferase 1 family, polypeptide A10 /// UDP glucuronosyltransferase 1 family, polypeptide A4 /// UDP glucuronosyltransferase 1 family, polypeptide A6 /// UDP glucuronosyltransferase 1 family, polypeptide A8 /// UDP glucuronosyltransferase 1 family, polypeptide A9"
UGT1A10,"UDP glucuronosyltransferase 1 family, polypeptide A10 /// UDP glucuronosyltransferase 1 family, polypeptide A6 /// UDP glucuronosyltransferase 1 family, polypeptide A7 /// UDP glucuronosyltransferase 1 family, polypeptide A8"
UGT1A6,"UDP glucuronosyltransferase 1 family, polypeptide A6 /// UDP glucuronosyltransferase 1 family, polypeptide A8 /// UDP glucuronosyltransferase 1 family, polypeptide A9"
UGT2A1,"UDP glucuronosyltransferase 2 family, polypeptide A1 /// UDP glucuronosyltransferase 2 family, polypeptide A2"
UGT2A3,"UDP glucuronosyltransferase 2 family, polypeptide A3"
UGT2B28,"UDP glucuronosyltransferase 2 family, polypeptide B28"
UHRF1BP1L,UHRF1 binding protein 1-like
UIMC1,ubiquitin interaction motif containing 1
ULBP1,UL16 binding protein 1
ULK1,unc-51-like kinase 1 (C. elegans)
ULK2,unc-51-like kinase 2 (C. elegans)
UMOD,uromodulin
UMPS,uridine monophosphate synthetase
UNC119B,unc-119 homolog B (C. elegans)
UNC13B,unc-13 homolog B (C. elegans)
UNC45A,unc-45 homolog A (C. elegans)
UNC50,unc-50 homolog (C. elegans)
UNC5B,"Unc-5 homolog B (C. elegans) (UNC5B), mRNA"
UNC84A,unc-84 homolog A (C. elegans)
UNC84B,unc-84 homolog B (C. elegans)
UNG,uracil-DNA glycosylase
UPB1,"ureidopropionase, beta"
UPF1,UPF1 regulator of nonsense transcripts homolog (yeast)
UPF2,UPF2 regulator of nonsense transcripts homolog (yeast)
UPF3A,UPF3 regulator of nonsense transcripts homolog A (yeast)
UPF3B,UPF3 regulator of nonsense transcripts homolog B (yeast)
UPK1B,uroplakin 1B
UPP1,uridine phosphorylase 1
UQCR,"ubiquinol-cytochrome c reductase, 6.4kDa subunit"
UQCRB,ubiquinol-cytochrome c reductase binding protein
UQCRC1,ubiquinol-cytochrome c reductase core protein I
UQCRC2,ubiquinol-cytochrome c reductase core protein II
UQCRFS1,"ubiquinol-cytochrome c reductase, Rieske iron-sulfur polypeptide 1"
UQCRH,ubiquinol-cytochrome c reductase hinge protein
UQCRQ,"ubiquinol-cytochrome c reductase, complex III subunit VII, 9.5kDa"
URB1,URB1 ribosome biogenesis 1 homolog (S. cerevisiae)
URG4,up-regulated gene 4
URM1,ubiquitin related modifier 1 homolog (S. cerevisiae)
UROD,uroporphyrinogen decarboxylase
UROS,uroporphyrinogen III synthase
USE1,unconventional SNARE in the ER 1 homolog (S. cerevisiae)
USF2,"upstream transcription factor 2, c-fos interacting"
USH1C,"Usher syndrome 1C (autosomal recessive, severe)"
USO1,"USO1 homolog, vesicle docking protein (yeast)"
USP1,ubiquitin specific peptidase 1
USP10,ubiquitin specific peptidase 10
USP11,ubiquitin specific peptidase 11
USP12,ubiquitin specific peptidase 12
USP13,ubiquitin specific peptidase 13 (isopeptidase T-3)
USP14,ubiquitin specific peptidase 14 (tRNA-guanine transglycosylase)
USP15,ubiquitin specific peptidase 15
USP16,ubiquitin specific peptidase 16
USP2,ubiquitin specific peptidase 2
USP21,ubiquitin specific peptidase 21
USP22,ubiquitin specific peptidase 22
USP24,ubiquitin specific peptidase 24
USP25,ubiquitin specific peptidase 25
USP3,ubiquitin specific peptidase 3
USP32,ubiquitin specific peptidase 32
USP33,ubiquitin specific peptidase 33
USP34,ubiquitin specific peptidase 34
USP36,ubiquitin specific peptidase 36
USP4,ubiquitin specific peptidase 4 (proto-oncogene)
USP46,ubiquitin specific peptidase 46
USP47,ubiquitin specific peptidase 47
USP48,ubiquitin specific peptidase 48
USP5,ubiquitin specific peptidase 5 (isopeptidase T)
USP6,ubiquitin specific peptidase 6 (Tre-2 oncogene)
USP6NL,USP6 N-terminal like
USP7,ubiquitin specific peptidase 7 (herpes virus-associated)
USP8,ubiquitin specific peptidase 8
USP9X,"ubiquitin specific peptidase 9, X-linked"
USPL1,ubiquitin specific peptidase like 1
UST,uronyl-2-sulfotransferase
UTP11L,"UTP11-like, U3 small nucleolar ribonucleoprotein, (yeast)"
UTP14A,"UTP14, U3 small nucleolar ribonucleoprotein, homolog A (yeast)"
UTP14C,"UTP14, U3 small nucleolar ribonucleoprotein, homolog C (yeast)"
UTP18,"UTP18, small subunit (SSU) processome component, homolog (yeast)"
UTP3,"UTP3, small subunit (SSU) processome component, homolog (S. cerevisiae)"
UTP6,"UTP6, small subunit (SSU) processome component, homolog (yeast)"
UTRN,utrophin
UTX,"ubiquitously transcribed tetratricopeptide repeat, X chromosome"
UVRAG,UV radiation resistance associated gene
UXS1,UDP-glucuronate decarboxylase 1
UXT,ubiquitously-expressed transcript
VAMP1,vesicle-associated membrane protein 1 (synaptobrevin 1)
VAMP2,vesicle-associated membrane protein 2 (synaptobrevin 2)
VAMP3,vesicle-associated membrane protein 3 (cellubrevin)
VAMP4,vesicle-associated membrane protein 4
VAMP5,vesicle-associated membrane protein 5 (myobrevin)
VAMP7,vesicle-associated membrane protein 7
VAMP8,vesicle-associated membrane protein 8 (endobrevin)
VANGL1,"vang-like 1 (van gogh, Drosophila)"
VAPA,"VAMP (vesicle-associated membrane protein)-associated protein A, 33kDa"
VAPB,VAMP (vesicle-associated membrane protein)-associated protein B and C
VARS,valyl-tRNA synthetase
VASH1,vasohibin 1
VASP,vasodilator-stimulated phosphoprotein
VAT1,vesicle amine transport protein 1 homolog (T. californica)
VAV1,vav 1 guanine nucleotide exchange factor
VAV3,vav 3 guanine nucleotide exchange factor
VBP1,von Hippel-Lindau binding protein 1
VCAM1,vascular cell adhesion molecule 1
VCAN,versican
VCL,vinculin
VCP,valosin-containing protein
VDAC1,voltage-dependent anion channel 1
VDAC2,voltage-dependent anion channel 2
VDAC3,voltage-dependent anion channel 3
VDR,"vitamin D (1,25- dihydroxyvitamin D3) receptor"
VEGFA,vascular endothelial growth factor A
VEGFB,vascular endothelial growth factor B
VEGFC,vascular endothelial growth factor C
VENTX,VENT homeobox homolog (Xenopus laevis)
VEZF1,vascular endothelial zinc finger 1
VGF,VGF nerve growth factor inducible
VGLL1,vestigial like 1 (Drosophila)
VGLL3,vestigial like 3 (Drosophila)
VGLL4,vestigial like 4 (Drosophila)
VIL1,villin 1
VIM,vimentin
VISA,virus-induced signaling adapter
VKORC1,"vitamin K epoxide reductase complex, subunit 1"
VLDLR,very low density lipoprotein receptor
VNN1,vanin 1
VPS11,vacuolar protein sorting 11 homolog (S. cerevisiae)
VPS13A,vacuolar protein sorting 13 homolog A (S. cerevisiae)
VPS13B,vacuolar protein sorting 13 homolog B (yeast)
VPS13C,vacuolar protein sorting 13 homolog C (S. cerevisiae)
VPS13D,vacuolar protein sorting 13 homolog D (S. cerevisiae)
VPS16,vacuolar protein sorting 16 homolog (S. cerevisiae)
VPS24,vacuolar protein sorting 24 homolog (S. cerevisiae)
VPS26A,vacuolar protein sorting 26 homolog A (S. pombe)
VPS28,vacuolar protein sorting 28 homolog (S. cerevisiae)
VPS33B,vacuolar protein sorting 33 homolog B (yeast)
VPS35,vacuolar protein sorting 35 homolog (S. cerevisiae)
VPS37B,vacuolar protein sorting 37 homolog B (S. cerevisiae)
VPS37C,vacuolar protein sorting 37 homolog C (S. cerevisiae)
VPS39,vacuolar protein sorting 39 homolog (S. cerevisiae)
VPS41,vacuolar protein sorting 41 homolog (S. cerevisiae)
VPS45,vacuolar protein sorting 45 homolog (S. cerevisiae)
VPS4A,vacuolar protein sorting 4 homolog A (S. cerevisiae)
VPS4B,vacuolar protein sorting 4 homolog B (S. cerevisiae)
VPS52,vacuolar protein sorting 52 homolog (S. cerevisiae)
VPS54,vacuolar protein sorting 54 homolog (S. cerevisiae)
VPS72,vacuolar protein sorting 72 homolog (S. cerevisiae)
VPS8,vacuolar protein sorting 8 homolog (S. cerevisiae)
VRK2,vaccinia related kinase 2
VRK3,vaccinia related kinase 3
VSIG4,V-set and immunoglobulin domain containing 4
VTCN1,V-set domain containing T cell activation inhibitor 1
VTI1B,vesicle transport through interaction with t-SNAREs homolog 1B (yeast)
VTN,vitronectin
VWA5A,von Willebrand factor A domain containing 5A
VWF,von Willebrand factor
WAC,WW domain containing adaptor with coiled-coil
WAPAL,wings apart-like homolog (Drosophila)
WARS,tryptophanyl-tRNA synthetase
WARS2,"tryptophanyl tRNA synthetase 2, mitochondrial"
WAS,Wiskott-Aldrich syndrome (eczema-thrombocytopenia)
WASF1,"WAS protein family, member 1"
WASF3,"WAS protein family, member 3"
WASL,Wiskott-Aldrich syndrome-like
WBP11,WW domain binding protein 11
WBP2,WW domain binding protein 2
WBP4,WW domain binding protein 4 (formin binding protein 21)
WBP5,WW domain binding protein 5
WBSCR16,Williams-Beuren syndrome chromosome region 16
WBSCR22,Williams Beuren syndrome chromosome region 22
WDFY3,WD repeat and FYVE domain containing 3
WDR1,WD repeat domain 1
WDR12,WD repeat domain 12
WDR13,WD repeat domain 13
WDR19,WD repeat domain 19
WDR23,WD repeat domain 23
WDR26,WD repeat domain 26
WDR3,WD repeat domain 3
WDR32,WD repeat domain 32
WDR37,WD repeat domain 37
WDR41,WD repeat domain 41
WDR42A,WD repeat domain 42A
WDR43,WD repeat domain 43
WDR44,WD repeat domain 44
WDR45,WD repeat domain 45
WDR45L,WDR45-like
WDR47,WD repeat domain 47
WDR48,WD repeat domain 48
WDR52,WD repeat domain 52
WDR55,WD repeat domain 55
WDR59,WD repeat domain 59
WDR5B,WD repeat domain 5B
WDR6,WD repeat domain 6
WDR61,"CDNA FLJ61675 complete cds, highly similar to WD repeat protein 61"
WDR67,WD repeat domain 67
WDR68,WD repeat domain 68
WDR7,WD repeat domain 7
WDR70,WD repeat domain 70
WDR73,WD repeat domain 73
WDR74,WD repeat domain 74
WDR77,WD repeat domain 77
WDR78,WD repeat domain 78
WDR79,WD repeat domain 79
WDR8,WD repeat domain 8
WDR82,WD repeat domain 82
WDR91,WD repeat domain 91
WDTC1,WD and tetratricopeptide repeats 1
WDYHV1,WDYHV motif containing 1
WEE1,WEE1 homolog (S. pombe)
WFDC1,WAP four-disulfide core domain 1
WFDC2,WAP four-disulfide core domain 2
WFS1,Wolfram syndrome 1 (wolframin)
WHSC1,Wolf-Hirschhorn syndrome candidate 1
WHSC1L1,Wolf-Hirschhorn syndrome candidate 1-like 1
WHSC2,Wolf-Hirschhorn syndrome candidate 2
WIF1,WNT inhibitory factor 1
WIPF1,"WAS/WASL interacting protein family, member 1"
WIPF2,"WAS/WASL interacting protein family, member 2"
WIPI1,"WD repeat domain, phosphoinositide interacting 1"
WIPI2,"WD repeat domain, phosphoinositide interacting 2"
WISP1,WNT1 inducible signaling pathway protein 1
WNK1,KIAA0344 gene
WNT5A,"wingless-type MMTV integration site family, member 5A"
WNT6,"wingless-type MMTV integration site family, member 6"
WRB,tryptophan rich basic protein
WSB1,WD repeat and SOCS box-containing 1
WSB2,WD repeat and SOCS box-containing 2
WT1,Wilms tumor 1
WTAP,Wilms tumor 1 associated protein
WWC1,WW and C2 domain containing 1
WWC2,WW and C2 domain containing 2
WWC3,WWC family member 3
WWOX,WW domain containing oxidoreductase
WWP1,WW domain containing E3 ubiquitin protein ligase 1
WWP2,WW domain containing E3 ubiquitin protein ligase 2
WWTR1,WW domain containing transcription regulator 1
XAB2,XPA binding protein 2
XAF1,XIAP associated factor 1
XBP1,X-box binding protein 1
XIAP,X-linked inhibitor of apoptosis
XIST,X (inactive)-specific transcript (non-protein coding)
XK,X-linked Kx blood group (McLeod syndrome)
XKR8,"XK, Kell blood group complex subunit-related family, member 8"
XPA,"xeroderma pigmentosum, complementation group A"
XPC,"xeroderma pigmentosum, complementation group C"
XPNPEP1,"X-prolyl aminopeptidase (aminopeptidase P) 1, soluble"
XPNPEP2,"X-prolyl aminopeptidase (aminopeptidase P) 2, membrane-bound"
XPNPEP3,"X-prolyl aminopeptidase (aminopeptidase P) 3, putative"
XPO1,"exportin 1 (CRM1 homolog, yeast)"
XPO4,exportin 4
XPO6,exportin 6
XPOT,"exportin, tRNA (nuclear export receptor for tRNAs)"
XRCC1,X-ray repair complementing defective repair in Chinese hamster cells 1
XRCC2,X-ray repair complementing defective repair in Chinese hamster cells 2
XRCC4,X-ray repair complementing defective repair in Chinese hamster cells 4
XRCC5,X-ray repair complementing defective repair in Chinese hamster cells 5 (double-strand-break rejoining)
XRCC6,X-ray repair complementing defective repair in Chinese hamster cells 6
XYLT1,xylosyltransferase I
XYLT2,xylosyltransferase II
YAP1,"Yes-associated protein 1, 65kDa"
YARS,tyrosyl-tRNA synthetase
YARS2,"tyrosyl-tRNA synthetase 2, mitochondrial"
YBX1,Y box binding protein 1
YDD19,YDD19 protein
YEATS2,YEATS domain containing 2
YEATS4,YEATS domain containing 4
YES1,v-yes-1 Yamaguchi sarcoma viral oncogene homolog 1
YIF1A,Yip1 interacting factor homolog A (S. cerevisiae)
YIPF3,"Yip1 domain family, member 3"
YIPF4,"Yip1 domain family, member 4"
YIPF5,"Yip1 domain family, member 5"
YIPF6,"Yip1 domain family, member 6"
YLPM1,YLP motif containing 1
YME1L1,YME1-like 1 (S. cerevisiae)
YPEL5,yippee-like 5 (Drosophila)
YRDC,yrdC domain containing (E. coli)
YTHDC1,YTH domain containing 1
YTHDC2,YTH domain containing 2
YTHDF1,"YTH domain family, member 1"
YTHDF2,"YTH domain family, member 2"
YTHDF3,"YTH domain family, member 3"
YWHAB,"tyrosine 3-monooxygenase/tryptophan 5-monooxygenase activation protein, beta polypeptide"
YWHAE,"tyrosine 3-monooxygenase/tryptophan 5-monooxygenase activation protein, epsilon polypeptide"
YWHAH,"tyrosine 3-monooxygenase/tryptophan 5-monooxygenase activation protein, eta polypeptide"
YWHAQ,"tyrosine 3-monooxygenase/tryptophan 5-monooxygenase activation protein, theta polypeptide"
YWHAZ,"tyrosine 3-monooxygenase/tryptophan 5-monooxygenase activation protein, zeta polypeptide"
YY1,YY1 transcription factor
YY1AP1,YY1 associated protein 1
ZBED1,"zinc finger, BED-type containing 1"
ZBED5,"zinc finger, BED-type containing 5"
ZBTB1,zinc finger and BTB domain containing 1
ZBTB10,zinc finger and BTB domain containing 10
ZBTB11,zinc finger and BTB domain containing 11
ZBTB16,zinc finger and BTB domain containing 16
ZBTB17,zinc finger and BTB domain containing 17
ZBTB20,zinc finger and BTB domain containing 20
ZBTB24,zinc finger and BTB domain containing 24
ZBTB3,zinc finger and BTB domain containing 3
ZBTB38,zinc finger and BTB domain containing 38
ZBTB39,zinc finger and BTB domain containing 39
ZBTB40,zinc finger and BTB domain containing 40
ZBTB43,zinc finger and BTB domain containing 43
ZBTB5,zinc finger and BTB domain containing 5
ZBTB7A,zinc finger and BTB domain containing 7A
ZC3H11A,zinc finger CCCH-type containing 11A
ZC3H13,zinc finger CCCH-type containing 13
ZC3H14,zinc finger CCCH-type containing 14
ZC3H15,zinc finger CCCH-type containing 15
ZC3H3,zinc finger CCCH-type containing 3
ZC3H4,zinc finger CCCH-type containing 4
ZC3H7A,zinc finger CCCH-type containing 7A
ZC3H7B,zinc finger CCCH-type containing 7B
ZC3HAV1,"zinc finger CCCH-type, antiviral 1"
ZCCHC10,"zinc finger, CCHC domain containing 10"
ZCCHC11,"zinc finger, CCHC domain containing 11"
ZCCHC14,"zinc finger, CCHC domain containing 14"
ZCCHC2,"zinc finger, CCHC domain containing 2"
ZCCHC24,"zinc finger, CCHC domain containing 24"
ZCCHC6,"zinc finger, CCHC domain containing 6"
ZCCHC8,"zinc finger, CCHC domain containing 8"
ZDHHC11,"zinc finger, DHHC-type containing 11"
ZDHHC13,"zinc finger, DHHC-type containing 13"
ZDHHC17,"zinc finger, DHHC-type containing 17"
ZDHHC18,"zinc finger, DHHC-type containing 18"
ZDHHC3,"zinc finger, DHHC-type containing 3"
ZDHHC4,"zinc finger, DHHC-type containing 4"
ZDHHC6,"zinc finger, DHHC-type containing 6"
ZDHHC7,"zinc finger, DHHC-type containing 7"
ZEB1,zinc finger E-box binding homeobox 1
ZEB2,zinc finger E-box binding homeobox 2
ZER1,zer-1 homolog (C. elegans)
ZFAND1,"zinc finger, AN1-type domain 1"
ZFAND3,"zinc finger, AN1-type domain 3"
ZFAND5,"zinc finger, AN1-type domain 5"
ZFAND6,"zinc finger, AN1-type domain 6"
ZFC3H1,"zinc finger, C3H1-type containing"
ZFHX3,zinc finger homeobox 3
ZFP106,zinc finger protein 106 homolog (mouse)
ZFP112,zinc finger protein 112 homolog (mouse)
ZFP161,zinc finger protein 161 homolog (mouse)
ZFP36,"zinc finger protein 36, C3H type, homolog (mouse)"
ZFP36L1,"zinc finger protein 36, C3H type-like 1"
ZFP36L2,"zinc finger protein 36, C3H type-like 2"
ZFP64,zinc finger protein 64 homolog (mouse)
ZFPL1,zinc finger protein-like 1
ZFPM2,"zinc finger protein, multitype 2"
ZFR,zinc finger RNA binding protein
ZFX,"zinc finger protein, X-linked"
ZFYVE16,"zinc finger, FYVE domain containing 16"
ZFYVE26,"zinc finger, FYVE domain containing 26"
ZFYVE9,"zinc finger, FYVE domain containing 9"
ZGPAT,"zinc finger, CCCH-type with G patch domain"
ZHX2,zinc fingers and homeoboxes 2
ZHX3,zinc fingers and homeoboxes 3
ZKSCAN1,zinc finger with KRAB and SCAN domains 1
ZKSCAN5,zinc finger with KRAB and SCAN domains 5
ZMAT3,"zinc finger, matrin type 3"
ZMIZ1,"zinc finger, MIZ-type containing 1"
ZMIZ2,"zinc finger, MIZ-type containing 2"
ZMPSTE24,"zinc metallopeptidase (STE24 homolog, S. cerevisiae)"
ZMYM1,"zinc finger, MYM-type 1"
ZMYM2,"zinc finger, MYM-type 2"
ZMYM3,"zinc finger, MYM-type 3"
ZMYM4,"zinc finger, MYM-type 4"
ZMYM5,"zinc finger, MYM-type 5"
ZMYM6,"zinc finger, MYM-type 6"
ZMYND11,"zinc finger, MYND domain containing 11"
ZMYND8,"zinc finger, MYND-type containing 8"
ZNF107,zinc finger protein 107
ZNF12,zinc finger protein 12
ZNF124,zinc finger protein 124
ZNF131,zinc finger protein 131
ZNF133,zinc finger protein 133
ZNF136,zinc finger protein 136
ZNF137,zinc finger protein 137
ZNF14,zinc finger protein 14
ZNF140,zinc finger protein 140
ZNF142,zinc finger protein 142
ZNF143,zinc finger protein 143
ZNF146,zinc finger protein 146
ZNF148,zinc finger protein 148
ZNF160,zinc finger protein 160
ZNF165,zinc finger protein 165
ZNF174,zinc finger protein 174
ZNF177,zinc finger protein 177
ZNF180,zinc finger protein 180
ZNF185,zinc finger protein 185 (LIM domain)
ZNF189,zinc finger protein 189
ZNF193,zinc finger protein 193
ZNF195,zinc finger protein 195
ZNF197,zinc finger protein 197
ZNF20,zinc finger protein 20
ZNF200,zinc finger protein 200
ZNF202,zinc finger protein 202
ZNF204,zinc finger protein 204 pseudogene
ZNF207,zinc finger protein 207
ZNF211,zinc finger protein 211
ZNF212,zinc finger protein 212
ZNF217,zinc finger protein 217
ZNF22,zinc finger protein 22 (KOX 15)
ZNF223,zinc finger protein 223
ZNF224,zinc finger protein 224
ZNF226,zinc finger protein 226
ZNF23,zinc finger protein 23 (KOX 16)
ZNF232,zinc finger protein 232
ZNF236,zinc finger protein 236
ZNF238,zinc finger protein 238
ZNF239,zinc finger protein 239
ZNF24,zinc finger protein 24
ZNF248,zinc finger protein 248
ZNF253,zinc finger protein 253
ZNF259,zinc finger protein 259
ZNF26,zinc finger protein 26
ZNF263,zinc finger protein 263
ZNF264,zinc finger protein 264
ZNF266,zinc finger protein 266
ZNF267,zinc finger protein 267
ZNF268,zinc finger protein 268
ZNF271,zinc finger protein 271
ZNF273,zinc finger protein 273
ZNF274,zinc finger protein 274
ZNF277,zinc finger protein 277
ZNF280D,zinc finger protein 280D
ZNF281,zinc finger protein 281
ZNF292,zinc finger protein 292
ZNF302,zinc finger protein 302
ZNF318,zinc finger protein 318
ZNF32,zinc finger protein 32
ZNF322B,zinc finger protein 322B
ZNF323,zinc finger protein 323
ZNF329,zinc finger protein 329
ZNF330,zinc finger protein 330
ZNF331,zinc finger protein 331
ZNF335,zinc finger protein 335
ZNF337,zinc finger protein 337
ZNF34,zinc finger protein 34
ZNF35,zinc finger protein 35
ZNF350,zinc finger protein 350
ZNF358,zinc finger protein 358
ZNF362,"Zinc finger protein 362 (ZNF362), mRNA"
ZNF384,zinc finger protein 384
ZNF395,zinc finger protein 395
ZNF410,zinc finger protein 410
ZNF415,zinc finger protein 415
ZNF419,zinc finger protein 419
ZNF423,zinc finger protein 423
ZNF43,zinc finger protein 43
ZNF430,zinc finger protein 430
ZNF432,zinc finger protein 432
ZNF434,zinc finger protein 434
ZNF44,zinc finger protein 44
ZNF443,zinc finger protein 443
ZNF444,zinc finger protein 444
ZNF45,zinc finger protein 45
ZNF451,zinc finger protein 451
ZNF467,"CDNA FLJ16573 fis, clone TESOP2006398"
ZNF468,zinc finger protein 468
ZNF473,zinc finger protein 473
ZNF492,zinc finger protein 492
ZNF500,zinc finger protein 500
ZNF506,zinc finger protein 506
ZNF510,zinc finger protein 510
ZNF512B,zinc finger protein 512B
ZNF516,zinc finger protein 516
ZNF518A,zinc finger protein 518A
ZNF532,zinc finger protein 532
ZNF544,zinc finger protein 544
ZNF552,zinc finger protein 552
ZNF562,zinc finger protein 562
ZNF573,zinc finger protein 573
ZNF576,zinc finger protein 576
ZNF580,zinc finger protein 580
ZNF587,zinc finger protein 587
ZNF592,zinc finger protein 592
ZNF593,zinc finger protein 593
ZNF606,zinc finger protein 606
ZNF611,zinc finger protein 611
ZNF614,zinc finger protein 614
ZNF623,zinc finger protein 623
ZNF629,zinc finger protein 629
ZNF638,zinc finger protein 638
ZNF665,zinc finger protein 665
ZNF669,zinc finger protein 669
ZNF672,zinc finger protein 672
ZNF673,zinc finger family member 673
ZNF675,zinc finger protein 675
ZNF688,zinc finger protein 688
ZNF692,zinc finger protein 692
ZNF7,zinc finger protein 7
ZNF701,zinc finger protein 701
ZNF706,zinc finger protein 706
ZNF710,zinc finger protein 710
ZNF75D,zinc finger protein 75D
ZNF764,zinc finger protein 764
ZNF767,zinc finger family member 767
ZNF768,zinc finger protein 768
ZNF783,zinc finger family member 783
ZNF816A,zinc finger protein 816A
ZNF83,zinc finger protein 83
ZNF839,zinc finger protein 839
ZNF84,zinc finger protein 84
ZNF85,zinc finger protein 85
ZNF91,zinc finger protein 91
ZNF93,zinc finger protein 93
ZNHIT1,"zinc finger, HIT type 1"
ZNHIT3,"zinc finger, HIT type 3"
ZNHIT6,"zinc finger, HIT type 6"
ZRSR2,"zinc finger (CCCH type), RNA-binding motif and serine/arginine rich 2"
ZSCAN12,zinc finger and SCAN domain containing 12
ZSCAN18,zinc finger and SCAN domain containing 18
ZSCAN5A,zinc finger and SCAN domain containing 5A
ZW10,"ZW10, kinetochore associated, homolog (Drosophila)"
ZWINT,ZW10 interactor
ZXDC,ZXD family zinc finger C
ZYX,zyxin
ZZEF1,"zinc finger, ZZ-type with EF-hand domain 1"
ZZZ3,"zinc finger, ZZ-type containing 3"
hCG_16001,similar to ribosomal protein L23A /// ribosomal protein L23a
hCG_1644608,SET translocation (myeloid leukemia-associated) pseudogene /// SET nuclear oncogene
hCG_1732469,"Hypothetical protein FLJ20019 variant, clone: adSE00947"
hCG_1757335,"hCG1757335 /// RAP1B, member of RAS oncogene family"
hCG_1776980,"hCG1776980 /// succinate dehydrogenase complex, subunit C, integral membrane protein, 15kDa"
hCG_1781062,hCG1781062 /// signal recognition particle 9kDa
hCG_2003956,hCG2003956 /// lysophospholipase II /// lysophospholipase II pseudogene 1
hCG_2015956,hCG2015956 /// similar to ribosomal protein L7 /// hypothetical protein LOC100130892 /// hypothetical LOC100131085 /// similar to ribosomal protein L7 /// similar to ribosomal protein L7 /// similar to 60S ribosomal protein L7 /// similar to ribosomal protein L7 /// hypothetical LOC728380 /// hypothetical LOC728843 /// ribosomal protein L7
hCG_21078,hCG21078 /// ribosomal protein L27a
